customer_id,archetype,age,gender,product_category_preference,support_tickets,annual_income,spending_score,recency_days,frequency,monetary,discount_usage_rate,loyalty_years,returns_rate,online_purchase_ratio,avg_order_value,clv_score,engagement_score
CUST_0001,E,45,M,Electronics,2,19156.62,83,48,16,331.66,0.5011348195399216,1,0.04455860000780976,0.9574138702473742,20.73,108.3,47.23
CUST_0002,A,39,F,Home,0,123352.08,78,24,74,11548.94,0.009714319310320003,5,0.02083104473304093,0.458903943869168,156.07,34184.86,161.34
CUST_0003,C,18,M,Home,1,45599.81,48,35,55,2764.11,0.9551903206299635,4,0.2909293870491384,0.43119997976324725,50.26,4222.95,118.48
CUST_0004,C,52,F,Home,0,45760.99,40,18,45,1459.97,0.8485638416996809,8,0.22715364026911244,0.8905380744419173,32.44,3457.82,113.37
CUST_0005,C,39,M,Clothing,1,46754.93,61,28,33,1464.8,0.6108956022604113,6,0.2869632113489691,0.5365940954759062,44.39,1666.84,77.3
CUST_0006,C,50,M,Grocery,0,27622.92,60,14,43,1580.16,0.7797268857611815,3,0.12242389504612204,0.6930051174821191,36.75,4529.79,107.0
CUST_0007,C,50,M,Books,5,46506.78,59,24,36,2456.96,0.7808685787361296,1,0.1796042654388268,0.6342118986636663,68.25,3538.02,73.85
CUST_0008,E,40,M,Electronics,4,31294.1,93,59,20,224.66,0.32822157127821827,1,0.04842217007764699,0.8516510697365558,11.23,74.89,46.73
CUST_0009,A,59,M,Beauty,5,148111.25,78,7,61,7680.36,0.07128027786252417,8,0.007069323171827008,0.4525078240668232,125.91,58562.74,130.34
CUST_0010,C,44,F,Clothing,0,40945.33,51,4,46,2772.85,0.9381654898081898,4,0.26546165057674775,0.6268178603813049,60.28,25510.22,129.54
CUST_0011,A,31,F,Sports,7,156544.86,78,25,42,8088.19,0.05189494557704611,11,0.04349083798000543,0.3964850188621031,192.58,13065.54,74.93
CUST_0012,C,30,M,Clothing,2,43381.29,66,22,58,864.27,0.9598654907562382,4,0.23829481785796025,0.6254623927588876,14.9,2179.46,127.05
CUST_0013,C,60,F,Clothing,2,34885.53,46,8,22,1356.42,0.7953562582627064,7,0.18598961782649015,0.7057385750158444,61.66,3315.69,64.61
CUST_0014,B,39,M,Sports,2,48964.05,44,152,13,736.85,0.37844151665888826,2,0.09038384369845003,0.484178340048359,56.68,62.61,30.34
CUST_0015,A,69,F,Beauty,4,203338.34,88,3,45,14612.29,0.07357290243726707,8,0.025104287774466764,0.5345088692358048,324.72,164388.26,122.02
CUST_0016,A,48,F,Clothing,2,159206.14,90,7,30,7159.57,0.057162064440587475,6,0.012009123197825378,0.6456043279866505,238.65,26848.39,81.2
CUST_0017,B,38,M,Sports,0,47134.18,64,152,3,580.99,0.29006665541472226,1,0.14156733593117948,0.5543316234642592,193.66,11.39,17.74
CUST_0018,A,43,F,Grocery,0,138546.78,82,15,72,10203.29,0.0632959072649193,5,0.021105959642264596,0.6063519309872561,141.71,45914.81,162.79
CUST_0019,D,32,F,Grocery,1,89000.9,26,261,3,4654.69,0.07500930042743403,5,0.4011035080555626,0.545778533098509,1551.56,53.3,14.3
CUST_0020,E,24,F,Sports,0,18992.39,70,18,20,681.56,0.5003522118923787,0,0.013136855906880414,0.7487819522166413,34.08,717.43,60.53
CUST_0021,B,19,M,Books,2,37633.67,66,182,4,802.54,0.22244653350850116,2,0.14070456743113804,0.3373882326305916,200.64,17.54,9.3
CUST_0022,D,32,F,Sports,0,126100.59,36,329,3,3536.3,0.1360616532570944,7,0.19080180238117408,0.6632345055855647,1178.77,32.15,19.57
CUST_0023,E,45,F,Books,1,31996.93,61,6,17,195.25,0.2908411239875246,1,0.08740284573750615,0.8244533420585186,11.49,474.18,64.16
CUST_0024,C,26,F,Sports,2,27649.78,42,30,45,2384.0,0.9340688855846464,5,0.23500456835877687,0.3772941532253054,52.98,3460.65,94.88
CUST_0025,E,43,F,Sports,4,19611.06,74,3,21,240.64,0.49823025925142844,1,0.03758631772630658,0.7736451229673682,11.46,1263.36,78.81
CUST_0026,A,38,F,Clothing,4,158851.23,100,5,50,2077.07,0.08059638906278313,9,0.02634124483064184,0.6619088460892574,41.54,17308.92,121.24
CUST_0027,C,37,M,Sports,0,45741.0,43,16,52,599.15,0.9680259670998729,7,0.10666659453329826,0.5876442449410606,11.52,1832.69,122.0
CUST_0028,C,38,F,Clothing,1,38771.37,50,11,36,1869.71,0.8292085166778848,4,0.26027404953384126,0.7194665501004573,51.94,5609.13,92.48
CUST_0029,B,59,F,Grocery,4,39267.48,50,91,5,490.12,0.4615965342280329,2,0.10002659996866153,0.5647994491936709,98.02,26.64,10.39
CUST_0030,A,38,F,Beauty,5,177943.19,96,13,69,5583.31,0.029197368704750273,7,0.006530676545811738,0.7300064480731303,80.92,27517.74,145.29
CUST_0031,B,42,F,Electronics,1,50942.07,41,123,14,1174.76,0.4668745375437926,2,0.06601205185287651,0.4017196400446957,83.91,132.63,33.85
CUST_0032,C,40,F,Grocery,1,36476.73,45,35,52,1049.77,0.88951190161063,4,0.20963181773402473,0.5055312412031875,20.19,1516.33,113.97
CUST_0033,B,53,M,Electronics,4,54058.34,63,163,3,838.24,0.3743826083070015,0,0.12132418354872253,0.38700048164243106,279.41,15.33,2.35
CUST_0034,C,18,M,Clothing,0,20604.16,64,44,41,1202.17,0.9432755691215509,5,0.19926102441590735,0.6226171226189282,29.32,1095.31,96.73
CUST_0035,C,64,M,Books,3,38884.48,66,33,38,2060.08,0.7128676526095059,2,0.24165088455354672,0.865577692190594,54.21,2302.44,87.34
CUST_0036,B,49,F,Grocery,2,32735.7,62,141,12,423.36,0.4055646584280987,0,0.11247581084977876,0.45877214130681887,35.28,35.78,27.88
CUST_0037,D,19,M,Clothing,0,93822.91,10,289,2,4787.26,0.07330378483732139,9,0.3467006834783212,0.4881742915762886,2393.63,33.02,14.11
CUST_0038,C,66,F,Electronics,0,45294.69,65,38,34,1137.58,0.9972283452506907,6,0.2599297757191071,0.7886552482643693,33.46,991.74,86.4
CUST_0039,C,53,M,Electronics,1,30861.27,59,24,33,3046.76,0.8710426994502881,7,0.1649627366308709,0.9143399583148949,92.33,4021.72,85.45
CUST_0040,A,22,M,Grocery,6,170348.77,79,21,73,6306.46,0.051799244350845625,14,0.02077504299722149,0.6353457269539082,86.39,20925.98,145.47
CUST_0041,A,49,F,Home,3,117531.72,77,20,56,11274.98,0.04929965640873147,9,0.021889622048098724,0.41223100236771726,201.34,30066.61,116.24
CUST_0042,E,27,M,Books,2,22005.29,67,31,9,161.22,0.8203750542825443,1,0.01870591038539978,0.9098106837025092,17.91,45.34,33.42
CUST_0043,A,53,M,Electronics,5,146553.19,96,10,47,11391.53,0.07187201588013144,12,0.002318778782442795,0.6777589536778262,242.37,48672.9,102.56
CUST_0044,B,47,F,Grocery,4,31995.57,59,166,6,782.12,0.25615704303391995,3,0.10017837214913199,0.21132930368184216,130.35,28.1,4.83
CUST_0045,D,34,F,Electronics,0,119256.62,34,318,2,4761.88,0.18843602808445956,9,0.2352657112863638,0.3266050371860501,2380.94,29.86,10.85
CUST_0046,B,48,F,Electronics,4,31294.92,52,149,8,1050.9,0.3318926834573103,2,0.12532813974913945,0.2637089634128586,131.36,56.05,9.95
CUST_0047,B,33,F,Grocery,2,61045.28,44,133,7,1116.2,0.3642405332604969,2,0.06464452213484778,0.30000606300905347,159.46,58.31,14.75
CUST_0048,B,41,F,Books,1,38540.88,41,65,12,712.81,0.2146589599207858,1,0.07567067258032263,0.597111188621877,59.4,129.6,34.48
CUST_0049,A,46,M,Beauty,0,101655.42,80,26,76,14633.98,0.04468035676878099,10,0.037903638928948456,0.7054015471826017,192.55,41191.94,169.95
CUST_0050,D,67,M,Grocery,1,109935.92,23,197,4,3100.16,0.17272161946464565,8,0.28035051788441057,0.4469885864691581,775.04,62.63,14.45
CUST_0051,D,62,M,Home,3,148986.4,23,357,3,2698.6,0.09830748575933435,8,0.28206580940897413,0.399956134186063,899.53,22.61,5.28
CUST_0052,A,33,F,Books,0,167907.1,94,1,52,10214.8,0.007049290011752619,7,0.032037944335218484,0.7785050332549471,196.44,265584.8,200.0
CUST_0053,D,38,F,Electronics,1,136118.02,12,235,5,5698.72,0.1733452365483206,4,0.3128576592385863,0.597258271027724,1139.74,120.74,19.37
CUST_0054,A,54,F,Electronics,2,104539.36,99,21,76,14642.78,0.1071479352374075,10,0.011107174949949587,0.39060954305157475,192.67,50584.15,158.57
CUST_0055,C,54,M,Beauty,1,47834.0,63,23,56,1062.48,0.9912928743774707,4,0.21843398928507182,0.7994337779854973,18.97,2479.12,129.34
CUST_0056,E,42,F,Beauty,6,32229.2,86,1,13,349.85,0.5543543799416605,0,0.07238304714273984,0.7655304736999482,26.91,2274.02,123.31
CUST_0057,C,46,F,Grocery,1,33665.22,70,16,28,1785.43,0.8188098773323107,4,0.10267458884456197,0.5159560409437947,63.77,2940.71,69.57
CUST_0058,D,42,M,Clothing,3,99077.54,14,185,3,2868.47,0.07212022035389176,10,0.13995401553977016,0.421473069622299,956.16,46.27,5.97
CUST_0059,C,44,M,Beauty,0,46494.25,69,15,49,1362.96,0.72651500405276,1,0.09790243789883218,0.7008947345402341,27.82,4174.07,118.68
CUST_0060,A,61,F,Clothing,3,181089.72,84,24,71,12282.22,0.0940142286978312,13,0.03166748351581495,0.5659464960576789,172.99,34881.5,148.49
CUST_0061,D,43,F,Grocery,0,102090.26,33,278,1,3367.49,0.025652487545405483,11,0.26993415323906983,0.39311047157954165,3367.49,12.07,10.22
CUST_0062,B,52,F,Books,3,50644.82,37,78,9,234.57,0.24057087975783029,1,0.11516031282034508,0.543608473916952,26.06,26.72,21.15
CUST_0063,D,26,F,Electronics,3,125054.68,27,254,3,5078.39,0.18636464524243768,5,0.28547958378090454,0.41838807801556355,1692.8,59.75,5.76
CUST_0064,C,28,M,Electronics,5,37667.25,52,25,20,1259.63,0.7219271410727564,5,0.1966375277608712,0.5306830515833357,62.98,968.95,39.61
CUST_0065,E,42,F,Grocery,1,25224.8,61,52,14,144.46,0.6388727475751882,0,0.011501547061149977,0.9519693813724883,10.32,38.16,45.96
CUST_0066,E,48,M,Home,5,16079.31,69,5,22,719.61,0.36139770577770547,1,0.06614881546129842,0.8353161562107811,32.71,2638.57,65.71
CUST_0067,C,44,M,Home,4,38008.33,58,42,25,1682.75,0.811895676776713,4,0.21039671929931197,0.7313369338505596,67.31,978.34,55.01
CUST_0068,D,18,M,Sports,1,119774.86,24,252,5,4060.61,0.10385853111748754,7,0.32573732726256294,0.693213642298121,812.12,80.25,21.26
CUST_0069,A,41,F,Clothing,1,203216.92,93,2,39,5855.0,0.0071452915153961604,8,0.01221075980086155,0.6775423540000322,150.13,76115.0,138.55
CUST_0070,D,45,M,Electronics,1,95404.91,31,199,1,7532.72,0.1890463099025306,8,0.35057312993191553,0.39675218315899435,7532.72,37.66,7.44
CUST_0071,D,32,F,Books,0,128695.72,29,336,5,3546.76,0.05149980759055674,9,0.271335582512825,0.4582902289044003,709.35,52.62,19.46
CUST_0072,A,35,F,Grocery,0,100524.6,95,28,78,7478.03,0.0,13,0.014677641805038243,0.5268495324335933,95.87,20113.32,170.11
CUST_0073,D,38,F,Clothing,0,137291.9,22,297,4,4926.86,0.05215402750915723,3,0.2927587677304753,0.5299950243602475,1231.71,66.13,18.94
CUST_0074,C,42,F,Grocery,3,24730.99,69,13,48,2483.58,0.6629685270319094,6,0.24290198736025037,0.7241027199013375,51.74,8515.13,109.17
CUST_0075,B,42,F,Books,1,57033.14,57,148,7,761.59,0.24595180125902805,1,0.08745486969798444,0.28847044736342997,108.8,35.78,17.45
CUST_0076,A,28,F,Grocery,1,156249.17,87,17,56,13669.01,0.06145291609925757,6,0.011208266867017026,0.7201759277368646,244.09,42525.81,129.29
CUST_0077,D,36,F,Beauty,2,115287.38,34,250,3,1822.89,0.10846084171782305,5,0.24886330298540313,0.5560849585948753,607.63,21.79,11.52
CUST_0078,B,18,F,Grocery,0,52005.84,51,83,9,248.69,0.29048092228339495,0,0.060262415554449986,0.5399028023389176,27.63,26.65,30.0
CUST_0079,A,43,M,Clothing,3,103902.97,88,26,68,8911.07,0.0344674204164591,11,0.0350144617096385,0.527700038713499,131.05,22442.69,141.4
CUST_0080,E,18,F,Books,0,18814.86,70,44,10,547.97,0.49458447603856304,1,0.02717924393152731,0.7352967754024885,54.8,121.77,36.98
CUST_0081,A,33,F,Beauty,1,101457.36,100,19,69,9955.59,0.04048400435002812,12,0.019679082817023106,0.5236589331771773,144.28,34346.79,150.74
CUST_0082,B,22,F,Sports,2,50444.43,57,108,5,398.06,0.32665972130716675,1,0.1371357674422741,0.19147519546777764,79.61,18.26,8.76
CUST_0083,D,60,F,Grocery,0,135725.22,35,328,2,4559.69,0.1460157059352426,7,0.29545401445319014,0.5884519106858315,2279.84,27.72,16.07
CUST_0084,D,46,F,Home,4,84532.8,22,287,3,2859.71,0.13212954392614587,6,0.2846865240205345,0.6402890234149002,953.24,29.79,7.15
CUST_0085,D,32,F,Beauty,2,106257.98,31,347,1,987.12,0.07032054835151715,10,0.20944756799342235,0.5352449485822419,987.12,2.84,6.99
CUST_0086,D,32,M,Sports,1,135168.38,25,249,5,4444.54,0.06535669975317174,3,0.167612577917919,0.644746596772427,888.91,88.89,20.3
CUST_0087,E,44,M,Clothing,0,34941.85,76,10,13,385.76,0.6907693776580855,0,0.0212554268592903,0.7417834243262073,29.67,455.9,50.84
CUST_0088,B,48,F,Grocery,0,41342.97,62,79,8,917.32,0.40154702207891235,1,0.12756782558146712,0.37827784548634386,114.66,91.73,24.83
CUST_0089,A,50,M,Sports,0,168567.24,98,7,80,7548.71,0.009435363495527609,6,0.008308368465200822,0.5144906970598672,94.36,75487.1,184.58
CUST_0090,D,44,F,Clothing,1,98406.75,12,178,5,7172.93,0.1558672855485754,4,0.17670728774868955,0.5071944504638807,1434.59,200.36,17.71
CUST_0091,D,69,M,Sports,3,140685.92,29,178,5,5951.25,0.16681545424291558,3,0.21598017310488993,0.3519538369390673,1190.25,166.24,8.6
CUST_0092,E,32,F,Grocery,3,29475.44,92,1,19,303.4,0.6913979699960403,2,0.04841956786724895,0.7469239065567062,15.97,2882.3,143.94
CUST_0093,A,49,F,Beauty,2,193553.6,91,23,49,12713.17,0.07661837762887601,11,0.01689017523554053,0.739279314092263,259.45,25956.06,111.13
CUST_0094,A,45,F,Sports,3,151838.88,96,5,54,5758.63,0.043127906146010794,12,0.006811292898580946,0.6446378227957421,106.64,51827.67,131.89
CUST_0095,E,37,F,Home,0,23975.4,79,28,9,601.68,0.6071880676879435,0,0.039662126772014,0.8047354097576205,66.85,186.73,37.67
CUST_0096,E,18,F,Grocery,2,27870.77,60,17,10,400.56,0.7035319260938555,1,0.1044586191846289,0.7463009398563858,40.06,222.53,34.81
CUST_0097,B,44,F,Electronics,5,58965.49,62,70,5,1060.83,0.39450750721678257,0,0.14302620229213553,0.2768152460652675,212.17,74.71,1.96
CUST_0098,C,32,M,Home,0,40832.91,54,9,36,3087.18,0.8116048157680973,5,0.2244053883964181,0.4002217058397386,85.76,11113.85,91.12
CUST_0099,D,27,M,Beauty,4,144107.11,9,327,3,5239.4,0.042942265470966655,8,0.3126884483207794,0.2909732656895288,1746.47,47.92,0.13
CUST_0100,E,55,F,Clothing,2,31926.35,71,24,11,415.93,0.3737198510787014,1,0.06840392441178043,0.7847191368660205,37.81,183.01,35.86
CUST_0101,C,53,M,Clothing,1,25197.25,64,30,40,2204.88,0.9235220199742329,6,0.2176569838848625,0.7749879480952315,55.12,2845.01,95.83
CUST_0102,C,53,M,Home,0,43732.9,69,17,26,1429.0,0.6603225916960188,7,0.1370249991395433,0.8347931198106292,54.96,2064.11,74.58
CUST_0103,B,48,M,Clothing,0,30143.21,60,168,3,215.43,0.4666769870520439,1,0.0600641240969297,0.3205187538456194,71.81,3.82,13.01
CUST_0104,D,39,F,Grocery,4,92472.62,15,178,2,7324.55,0.12465810465350427,7,0.31811784281592753,0.31218464421744374,3662.28,81.84,0.0
CUST_0105,A,53,M,Home,1,143468.32,84,15,30,10280.48,0.009112634047709811,6,0.051553944895620235,0.6051421751997194,342.68,19275.9,75.77
CUST_0106,B,53,F,Home,0,56338.14,55,135,12,918.48,0.49731054126244845,0,0.12057855592256642,0.29491092585688905,76.54,81.04,30.64
CUST_0107,B,46,F,Books,1,38133.22,46,148,5,113.42,0.4288462896646477,1,0.08118678536008485,0.578603542819956,22.68,3.81,19.25
CUST_0108,A,58,F,Sports,0,103910.96,95,22,36,4196.93,0.06846326318681419,10,0.023434101809293492,0.6723776200784245,116.58,6569.11,89.99
CUST_0109,B,56,F,Home,2,48525.63,47,119,6,609.94,0.30346687810996453,1,0.14053539769525822,0.5096637633559898,101.66,30.5,17.03
CUST_0110,B,59,F,Home,3,57747.76,54,104,10,441.25,0.3631884028291301,1,0.1404083540952552,0.3855012328646246,44.12,42.02,19.67
CUST_0111,B,18,M,Electronics,0,50771.59,33,103,6,418.67,0.5014018848140301,2,0.060686942612492564,0.342322437324354,69.78,24.15,19.82
CUST_0112,D,31,M,Home,3,137976.01,32,182,2,2351.64,0.14323263735066197,7,0.2718565003860215,0.6519664118543027,1175.82,25.7,8.59
CUST_0113,C,53,F,Grocery,0,27222.78,41,21,63,927.21,0.6121054341712232,5,0.1748330478685012,0.4127165738711303,14.72,2655.19,139.02
CUST_0114,E,48,F,Home,0,23639.25,84,33,21,630.46,0.28287364672648574,1,0.05947668102001045,0.8585668377292522,30.02,389.4,62.2
CUST_0115,B,31,F,Grocery,2,48759.45,36,70,12,367.47,0.4108743754909194,1,0.10348882697851047,0.2306131442125217,30.62,62.11,24.04
CUST_0116,A,18,F,Clothing,3,203433.14,77,11,69,11298.55,0.0662655456855912,13,0.04677216720338697,0.47823322800552565,163.75,64966.66,147.66
CUST_0117,C,47,M,Electronics,1,35286.37,49,5,52,2671.11,0.9486581123651524,2,0.2059003149286132,0.3349746442855231,51.37,23149.62,127.7
CUST_0118,C,38,F,Beauty,0,45428.62,55,32,55,2216.05,0.7812403758574198,5,0.22670399232837046,0.5929243851698041,40.29,3693.42,124.98
CUST_0119,A,53,F,Clothing,4,150657.49,82,6,55,3169.24,0.07236539177668604,13,0.004933088632599809,0.5268717308843567,57.62,24901.17,125.2
CUST_0120,D,24,M,Grocery,3,148515.69,20,316,2,2078.96,0.12323768634082276,10,0.14381272264523062,0.4314355986527026,1039.48,13.12,3.95
CUST_0121,E,51,M,Grocery,2,14955.5,87,55,22,664.56,0.6798852224244526,1,0.06160745132583847,0.9004254670116361,30.21,261.08,57.83
CUST_0122,C,44,F,Clothing,4,44056.82,46,19,57,2870.48,0.7116001396941184,4,0.2677404900851964,0.6747875161761707,50.36,8180.87,120.76
CUST_0123,C,21,M,Clothing,1,26571.21,40,40,27,2764.54,0.6239309568573175,4,0.1744598469868123,0.5576562661610052,102.39,1820.55,64.65
CUST_0124,B,31,M,Clothing,0,58032.73,59,125,7,491.48,0.33988827241086134,2,0.13888336098222837,0.4956238838500981,70.21,27.3,24.71
CUST_0125,A,65,F,Grocery,0,155169.53,79,21,68,6038.52,0.06962474098554644,11,0.030968069231178688,0.4531713463468016,88.8,18664.52,149.83
CUST_0126,D,54,M,Books,2,97915.37,29,277,3,2829.13,0.09854808328456503,9,0.40565039524773344,0.37247084458234775,943.04,30.53,7.81
CUST_0127,B,52,F,Electronics,1,45318.29,65,140,10,1053.23,0.3339929190262907,1,0.1387759056206935,0.5526599777803177,105.32,74.7,28.77
CUST_0128,B,60,F,Books,5,42272.26,41,112,2,755.52,0.4366679250000566,2,0.12932091899140297,0.2547057478153379,377.76,13.37,0.0
CUST_0129,C,46,F,Books,1,46791.86,48,5,54,830.56,0.80268292552187,5,0.1482462881662212,0.5404897712279105,15.38,7475.04,135.81
CUST_0130,A,44,M,Beauty,1,152776.19,87,17,46,8664.86,0.09498134353148695,13,0.04630907643009002,0.6231698397929839,188.37,22143.53,107.35
CUST_0131,E,18,F,Grocery,0,31272.1,97,49,17,661.24,0.32440416766039043,0,0.016557660172895703,0.8244934036100143,38.9,224.82,52.53
CUST_0132,E,36,F,Sports,1,20971.94,73,45,23,547.44,0.7980935782624267,1,0.060537888701361245,0.7638205187907127,23.8,273.72,60.5
CUST_0133,B,24,F,Grocery,2,40970.73,33,130,7,442.02,0.22213531335720382,1,0.11539640060958095,0.28244395693789376,63.15,23.62,14.42
CUST_0134,B,54,F,Home,0,56789.49,46,121,9,450.54,0.34960058662917143,2,0.06375558946119467,0.5294317137879477,50.06,33.24,29.42
CUST_0135,B,41,F,Electronics,1,32625.43,55,72,12,947.33,0.34061078327462113,0,0.09073587506415604,0.534414320139494,78.94,155.73,33.08
CUST_0136,C,50,F,Clothing,0,32257.09,39,27,19,1550.29,0.8108358129957561,7,0.3087850675778755,0.39739432982685746,81.59,1051.98,49.65
CUST_0137,E,75,M,Beauty,1,23030.6,67,24,21,761.61,0.6445478301349428,1,0.04446299861960266,0.7095356499051289,36.27,639.75,57.36
CUST_0138,E,30,M,Books,3,20624.48,89,9,24,514.32,0.40361269597597127,1,0.060790415416455065,0.878483795242748,21.43,1234.37,67.68
CUST_0139,D,36,M,Home,0,145179.93,29,305,3,4730.77,0.16481987522014216,6,0.2671118319749157,0.6175540650235636,1576.92,46.38,18.68
CUST_0140,D,18,M,Home,5,70828.99,28,211,4,5911.16,0.09431831105488289,3,0.30335109485628614,0.40002063290208767,1477.79,111.53,1.47
CUST_0141,C,53,M,Books,0,47966.56,59,35,56,1734.67,0.6664438473448532,6,0.1111039828861613,0.5895918972117536,30.98,2698.38,126.65
CUST_0142,A,58,F,Clothing,7,142705.63,89,22,33,5940.68,0.05472675604495925,5,0.039758963247242284,0.5045473813147696,180.02,8523.58,59.64
CUST_0143,D,32,F,Electronics,5,81786.04,21,237,2,6420.07,0.10256749124822727,8,0.35542126946837876,0.5013067204457238,3210.04,53.95,0.0
CUST_0144,B,34,F,Sports,2,49157.58,47,63,5,1026.26,0.37883935176152894,2,0.05813864070803165,0.4868002272034872,205.25,80.18,15.32
CUST_0145,D,23,M,Clothing,0,83210.83,16,188,4,4254.99,0.11331012548809494,6,0.2963460493696031,0.5794325081589441,1063.75,90.05,20.12
CUST_0146,B,40,M,Home,1,39201.53,64,111,9,511.28,0.21138631779289596,0,0.058591160147334544,0.329418619799691,56.81,41.08,22.49
CUST_0147,B,28,M,Electronics,0,43183.47,56,172,9,797.93,0.3804025868091093,0,0.114904055765488,0.5628048376050905,88.66,41.51,29.84
CUST_0148,C,62,F,Home,3,22367.47,48,24,55,1511.92,0.6304282491438858,5,0.21139127079041845,0.7813983659390866,27.49,3326.22,120.79
CUST_0149,A,33,M,Beauty,1,118012.69,84,19,71,6528.72,0.04473243794670113,6,0.04580997030382403,0.485966745127647,91.95,23176.96,153.98
CUST_0150,A,52,M,Grocery,5,122617.49,98,4,44,13234.11,0.06768160866443539,7,0.005106275060259969,0.7358401149958897,300.78,116460.17,112.72
CUST_0151,D,36,F,Sports,3,88865.09,22,218,5,2945.94,0.20811829237039547,5,0.3958027180317919,0.6654354298780467,589.19,67.26,14.77
CUST_0152,C,26,M,Books,4,43798.47,51,1,24,1903.47,0.7803143555585486,3,0.12540359690960837,0.6592462394491334,79.31,22841.64,149.18
CUST_0153,B,41,F,Clothing,2,47138.42,37,160,6,817.14,0.4338073737242676,1,0.0924960670641789,0.47139934011861917,136.19,30.45,16.05
CUST_0154,C,55,F,Books,0,39887.72,39,26,46,1770.04,0.8432926907304275,7,0.18468716185498038,0.44376841123067073,38.48,3015.62,104.72
CUST_0155,A,34,F,Electronics,2,200898.65,78,11,44,11460.84,0.03253597807186727,7,0.009404352706569953,0.6330142327105533,260.47,42023.08,103.75
CUST_0156,A,62,M,Books,3,170233.13,83,18,40,12757.86,0.08977922865751797,11,0.021109949681791373,0.5798829043259298,318.95,26858.65,88.15
CUST_0157,B,40,M,Grocery,3,33331.98,59,131,3,332.11,0.3438713254582306,2,0.13188259118689744,0.2302950614086415,110.7,7.55,2.37
CUST_0158,D,28,F,Home,7,78629.31,31,197,2,7044.39,0.08825192903437933,10,0.2711155760117834,0.4566042691093648,3522.2,71.16,0.0
CUST_0159,B,45,F,Grocery,3,38340.9,54,156,5,765.27,0.4877177500688158,2,0.06595398897236926,0.435787461446314,153.05,24.37,10.36
CUST_0160,D,35,F,Beauty,2,113980.58,16,345,5,5063.55,0.11656019670706343,3,0.1993134049685664,0.5281588170317618,1012.71,73.17,14.85
CUST_0161,B,67,M,Clothing,4,49612.08,37,101,12,451.89,0.4331681094310812,2,0.059649100620842846,0.4035319792261142,37.66,53.16,21.06
CUST_0162,B,33,M,Sports,7,48281.83,35,65,8,777.32,0.2625833218786151,0,0.1402148666558001,0.31252837466202166,97.16,94.22,2.79
CUST_0163,A,41,F,Beauty,2,177065.4,88,8,38,5233.08,0.033829978312523414,13,0.044144037406300234,0.6844703325978885,137.71,22095.23,96.19
CUST_0164,C,61,M,Clothing,7,21884.15,42,30,32,2549.32,0.6177623341848558,5,0.2339183683339638,0.49688213702620865,79.67,2631.56,56.27
CUST_0165,E,55,F,Clothing,3,17306.5,75,55,22,429.73,0.7730669234525795,1,0.022769873163103034,0.8674942040471475,19.53,168.82,54.17
CUST_0166,D,63,M,Electronics,1,146694.59,15,309,4,4741.73,0.16240739834187687,6,0.40914177347117286,0.41641426184741936,1185.43,61.18,13.65
CUST_0167,E,34,M,Beauty,0,17965.95,70,40,12,360.51,0.44345076244117476,0,0.09094550548030585,0.9935344916597957,30.04,105.52,46.37
CUST_0168,C,57,F,Clothing,0,41704.6,60,12,47,2465.78,0.7800974637527668,5,0.2668813686851304,0.8238963093114795,52.46,8914.74,118.81
CUST_0169,A,56,M,Clothing,0,142061.97,77,2,52,13432.36,0.04261984743107809,14,0.0027937162780797466,0.7109756959307579,258.31,232827.57,168.22
CUST_0170,E,35,F,Grocery,0,14525.01,77,24,18,143.04,0.41552617010162674,1,0.08903032139664085,1.0,7.95,102.99,60.17
CUST_0171,C,43,M,Grocery,1,19877.72,66,18,46,2847.79,0.7468726005709214,7,0.23551494603389705,0.6001462028831357,61.91,6894.65,106.56
CUST_0172,B,26,M,Books,4,35882.51,47,111,4,1096.05,0.23873603245860697,1,0.06607643162954603,0.3229344935795467,274.01,39.14,3.36
CUST_0173,E,32,M,Clothing,2,18717.27,95,12,20,358.61,0.44345989667885843,0,0.06863971915305848,0.986562089228536,17.93,551.71,62.06
CUST_0174,E,35,M,Sports,1,26621.66,73,8,24,783.95,0.4426879480901494,0,0.08400657577097739,0.7395505948873766,32.66,2090.53,72.29
CUST_0175,B,34,M,Beauty,1,58114.62,44,149,12,996.79,0.1969647414383075,2,0.10112460610723328,0.24239159005473543,83.07,79.74,26.52
CUST_0176,C,45,M,Grocery,7,37596.61,58,31,39,2957.87,0.8641162726319702,3,0.09376759546599686,0.782932997095876,75.84,3604.9,75.88
CUST_0177,B,26,F,Beauty,4,38614.58,55,114,13,809.91,0.2735395579454506,0,0.13768991328684296,0.38066240110764027,62.3,91.56,22.49
CUST_0178,C,28,F,Home,1,40645.47,63,3,35,971.83,0.8208140456763284,6,0.24076158738089826,0.42474381241688963,27.77,8503.51,108.83
CUST_0179,B,38,M,Home,2,40907.89,50,117,9,746.57,0.45507988871139204,2,0.1344255746748547,0.5238475341428077,82.95,56.94,23.33
CUST_0180,D,28,F,Home,1,131553.68,11,199,2,4500.45,0.16094619608290117,10,0.35332115894052146,0.7043963767602677,2250.22,45.0,15.59
CUST_0181,C,68,M,Electronics,0,35465.0,45,8,27,1856.76,0.8077754084966319,4,0.24492046266340184,0.7522956489968332,68.77,5570.28,81.55
CUST_0182,B,30,F,Books,3,54232.68,63,98,7,1018.69,0.2087078575685158,2,0.12629235624785448,0.524335690755277,145.53,72.03,16.51
CUST_0183,E,51,F,Home,2,16093.82,70,58,10,64.97,0.5209593915282345,1,0.07462099999936117,0.8636540718815586,6.5,11.01,33.0
CUST_0184,C,37,M,Electronics,1,45525.62,49,29,28,1308.8,0.6037802035580246,3,0.11937061637838682,0.4314969315299708,46.74,1221.55,65.08
CUST_0185,B,44,F,Clothing,3,42873.23,64,177,13,332.87,0.358572143848746,2,0.04658577388104249,0.5903629952935626,25.61,24.31,29.37
CUST_0186,B,49,M,Books,1,51256.07,54,105,8,640.96,0.337665013349811,2,0.06308938784709944,0.2278503100016719,80.12,48.37,18.51
CUST_0187,E,36,F,Electronics,2,20488.08,74,15,25,674.64,0.669791602318959,0,0.07975787931737632,0.7307779685460222,26.99,1054.12,65.28
CUST_0188,D,37,M,Beauty,0,72813.08,14,281,5,6970.08,0.004820607079891877,7,0.3226567341688181,0.3646211243109637,1394.02,123.58,17.65
CUST_0189,C,57,F,Books,0,23014.53,48,11,45,2009.26,0.7273009226767557,4,0.25198076296034005,0.7357051274535782,44.65,7534.72,113.81
CUST_0190,C,29,M,Books,5,24952.82,56,4,20,954.67,0.9285826447558913,2,0.14531999087730615,0.6025155332843708,47.73,3818.68,62.05
CUST_0191,B,33,M,Beauty,1,36217.96,38,73,9,972.55,0.3988848471903336,0,0.12380450450552453,0.28628952388854967,108.06,118.28,22.1
CUST_0192,A,60,M,Electronics,4,101859.57,77,26,41,13573.45,0.018350395733407437,5,0.02060944073252245,0.5993018587563687,331.06,20611.54,85.83
CUST_0193,D,43,F,Clothing,2,78277.64,21,297,2,6387.28,0.06717020664124602,11,0.3349954760374998,0.5345796634781813,3193.64,42.87,9.03
CUST_0194,A,44,F,Sports,5,190148.8,84,27,72,3975.45,0.05062024730353638,14,0.04126880474225829,0.570945511992371,55.21,10222.59,144.12
CUST_0195,A,19,M,Books,0,119008.42,89,20,82,6148.81,0.04449291437133514,12,0.03957425679190513,0.38583807425916705,74.99,24009.64,176.72
CUST_0196,B,53,F,Beauty,2,48594.28,46,115,12,668.24,0.3743175921159118,2,0.07707165987620293,0.3201013724935193,55.69,69.13,25.27
CUST_0197,C,36,F,Electronics,1,25292.85,45,1,20,1835.57,0.7664570120624422,6,0.2229258170714142,0.7762278425986686,91.78,18355.7,152.52
CUST_0198,B,62,F,Books,1,32505.17,61,114,6,382.17,0.4542308759063031,0,0.15077283653499288,0.5376536591746514,63.7,19.94,20.63
CUST_0199,B,36,M,Books,3,34422.04,49,156,11,322.02,0.2656741737028108,2,0.06539066096089288,0.20948161467205895,29.27,22.56,17.83
CUST_0200,D,57,F,Beauty,0,137116.5,14,297,1,6340.87,0.00833697394565095,9,0.1710781051907443,0.33156584962995644,6340.87,21.28,8.97
CUST_0201,E,22,F,Grocery,4,27205.48,74,59,18,621.17,0.4219944927650056,1,0.09400788734358999,0.9096729284379163,34.51,186.35,43.89
CUST_0202,B,32,M,Clothing,2,35690.06,64,71,3,689.69,0.20312757515336094,1,0.07110398844460682,0.5996515775729625,229.9,28.74,13.4
CUST_0203,A,46,F,Grocery,1,126933.3,97,18,31,5186.51,0.06733697588451602,14,0.007760282226085631,0.7506757444018436,167.31,8462.2,79.57
CUST_0204,B,18,M,Books,1,53642.21,39,49,2,901.79,0.4920630235592372,0,0.05042039897325791,0.4863302603305258,450.9,36.07,12.77
CUST_0205,B,39,M,Electronics,4,43624.94,51,77,14,691.01,0.29171182015309777,3,0.08478491042573062,0.42808632982859873,49.36,124.03,25.86
CUST_0206,A,44,M,Sports,2,161928.83,96,21,63,3005.37,0.015062495250839709,11,0.009623844843505414,0.40343389879976477,47.7,8606.29,132.83
CUST_0207,D,41,F,Home,0,89101.37,28,344,4,6855.56,0.08271030480694146,9,0.20453712461830245,0.4438637618146531,1713.89,79.48,17.17
CUST_0208,C,66,F,Sports,0,42861.4,54,18,46,2183.59,0.6801436972974891,4,0.2659053799186484,0.8462688118447778,47.47,5286.59,114.48
CUST_0209,C,60,M,Grocery,0,31842.76,58,5,29,2270.12,0.6572565305117732,7,0.24479347708136745,0.9404125628191689,78.28,10972.25,96.81
CUST_0210,A,23,M,Clothing,0,146240.61,77,13,45,4316.12,0.009741286780617609,9,0.01790073579600226,0.5168364910199994,95.91,13873.24,108.03
CUST_0211,E,42,M,Beauty,4,26556.18,67,51,11,284.47,0.3339676154301193,1,0.06883779868159118,0.8011720473422014,25.86,60.18,27.98
CUST_0212,A,26,F,Electronics,1,100882.18,79,26,72,9454.38,0.04497194463767335,10,0.045112420288546666,0.668730765415145,131.31,25211.68,158.22
CUST_0213,A,33,F,Electronics,3,107997.8,79,4,59,5563.2,0.048303035718071374,7,0.025571685643949554,0.4926142182130453,94.29,65645.76,143.85
CUST_0214,A,30,F,Electronics,0,86501.74,89,18,27,13229.2,0.04776902657892287,6,0.04138187665544456,0.4443340820211344,489.97,18799.39,68.44
CUST_0215,B,24,M,Grocery,2,53362.95,60,144,3,551.57,0.36137655540607905,1,0.09899308469153727,0.5767580873981648,183.86,11.41,12.23
CUST_0216,E,37,F,Home,0,18828.05,61,1,12,261.54,0.33943163951465805,0,0.08437303230845779,0.756203636449591,21.8,1569.24,139.12
CUST_0217,C,51,M,Sports,2,45392.66,70,22,49,594.4,0.799197060575981,4,0.20651537545316903,0.528468819578354,12.13,1266.33,107.11
CUST_0218,A,41,F,Clothing,4,104625.08,81,21,40,9827.17,0.03159757202136918,5,0.002687124078265571,0.4405379399538246,245.68,17867.58,81.57
CUST_0219,B,37,F,Sports,0,52456.24,42,151,12,332.73,0.35782320825985414,2,0.057841367613854396,0.48106156797235045,27.73,26.27,34.28
CUST_0220,C,26,M,Home,0,31667.24,63,36,47,1790.04,0.7736644680688409,7,0.21529266050604076,0.7384768403802647,38.09,2273.83,111.55
CUST_0221,C,47,M,Sports,2,30867.33,62,20,56,684.77,0.999378953121181,6,0.28111326080229704,0.5634083849082113,12.23,1826.05,122.27
CUST_0222,A,30,F,Grocery,2,104766.37,94,25,30,3572.32,0.06781656648397509,5,0.04648402111815908,0.4314451955574758,119.08,4121.91,66.63
CUST_0223,B,27,M,Books,0,31513.07,44,175,10,210.35,0.4780993354794244,3,0.13585834216285664,0.20742239089712824,21.04,11.95,24.72
CUST_0224,C,34,F,Grocery,3,43147.0,61,17,45,3042.11,0.961725551453843,3,0.28770189821183734,0.7550143964298279,67.6,7605.28,101.98
CUST_0225,E,18,M,Beauty,0,34441.25,73,44,21,399.09,0.5556014223780847,1,0.07343910359953361,0.6829181370921195,19.0,186.24,57.93
CUST_0226,E,42,F,Home,2,32252.89,77,20,10,315.14,0.3614246597228308,0,0.02860629492112725,0.7096045664663282,31.51,150.07,33.19
CUST_0227,B,24,F,Books,2,60182.25,58,102,13,695.95,0.36455105110870883,1,0.0741184043235205,0.3315388308186521,53.53,87.84,27.61
CUST_0228,A,23,F,Electronics,0,144020.57,77,28,32,14865.31,0.09432862993129296,9,0.04398719404240878,0.6366361526095918,464.54,16403.1,80.3
CUST_0229,D,43,M,Clothing,1,126978.35,16,226,3,7558.52,0.019747905702177014,10,0.2231222298159232,0.3641391246016704,2519.51,99.89,10.73
CUST_0230,A,57,M,Grocery,0,99320.88,76,4,72,11520.95,0.03324158788141362,4,0.03290820276388339,0.6597842261924528,160.01,165901.68,182.2
CUST_0231,E,42,F,Sports,2,22569.2,73,27,13,542.56,0.7629939944550701,1,0.01749264375672379,0.816640693535284,41.74,251.9,40.04
CUST_0232,A,72,F,Clothing,1,98057.71,99,27,57,7430.6,0.04961605262753754,5,0.02829944780716198,0.76548656295369,130.36,15126.58,130.01
CUST_0233,D,33,M,Grocery,2,142909.5,27,235,3,5777.06,0.028656774872452596,5,0.32876057319728025,0.43925490425017727,1925.69,73.44,9.21
CUST_0234,D,31,F,Grocery,0,78132.04,9,235,1,7484.9,0.1320671998143445,4,0.4012927603874046,0.6148298835617877,7484.9,31.72,14.72
CUST_0235,E,24,M,Clothing,3,21765.35,60,42,10,470.5,0.42853457886142415,1,0.0,0.7849361329635326,47.05,109.42,29.08
CUST_0236,A,35,F,Electronics,3,124043.24,92,5,61,4119.03,0.060938458309292724,14,0.02524007624668717,0.6255465904885826,67.53,41876.8,145.51
CUST_0237,C,42,M,Clothing,1,39633.51,66,39,48,2169.95,0.744933693100399,7,0.2500461256505013,0.4494596371188647,45.21,2603.94,104.55
CUST_0238,B,50,M,Grocery,4,57749.93,40,134,12,422.1,0.3373579365170894,1,0.13251629998060058,0.28931123245313267,35.18,37.52,18.53
CUST_0239,D,69,M,Home,2,74339.47,14,255,2,3411.7,0.19947020286345593,5,0.36873892007173414,0.3868473188699261,1705.85,26.65,6.13
CUST_0240,B,42,M,Beauty,2,37905.6,60,128,5,754.45,0.3288231926965513,1,0.08453980588819154,0.33104989937621426,150.89,29.24,11.4
CUST_0241,B,29,F,Books,0,35269.54,64,90,10,1103.78,0.32194981281867935,2,0.126623493457762,0.5892118930100175,110.38,121.29,32.9
CUST_0242,D,58,M,Home,1,89723.05,22,365,2,3407.31,0.19486830520317722,8,0.20971143429518732,0.557150422433144,1703.66,18.62,12.42
CUST_0243,B,18,F,Beauty,2,54007.98,57,168,9,591.48,0.4669655137724862,0,0.06728050485787211,0.42351100925474783,65.72,31.5,21.07
CUST_0244,C,24,M,Beauty,2,26722.89,61,14,31,1917.1,0.6031935842329321,6,0.2041671270475644,0.8196617675096258,61.84,3962.01,79.54
CUST_0245,D,33,M,Grocery,4,115337.9,25,313,2,7736.45,0.07504568653551179,4,0.19637383547818618,0.5270775895084603,3868.22,49.28,2.86
CUST_0246,A,45,F,Grocery,5,188961.22,94,30,67,9154.41,0.026201523292054385,12,0.002128731988002496,0.6875463534991624,136.63,19785.34,136.08
CUST_0247,B,50,F,Electronics,0,34532.16,45,129,6,731.03,0.3381102761652672,1,0.11730458392060471,0.48566042901402556,121.84,33.74,22.49
CUST_0248,E,35,M,Beauty,1,36112.2,64,2,18,463.27,0.7359764473862667,1,0.06644631166754444,0.7499140681523266,25.74,2779.62,98.0
CUST_0249,B,52,F,Sports,2,57297.99,42,91,6,960.38,0.41868081792800566,2,0.056074114543279985,0.454997395079601,160.06,62.63,16.2
CUST_0250,C,21,F,Electronics,1,29190.83,53,27,56,725.82,0.7639410805342589,7,0.16757514190217737,0.4519452571968923,12.96,1451.64,121.74
CUST_0251,C,38,F,Clothing,6,38028.63,49,3,59,2553.31,0.956340999416288,2,0.24636589128029981,0.6466353222845618,43.28,37661.32,146.27
CUST_0252,A,43,F,Electronics,2,101547.76,96,8,47,9283.93,0.07687745367165041,12,0.040726111619756845,0.43333787488696773,197.53,48482.75,109.17
CUST_0253,C,42,F,Books,2,36758.66,61,37,33,707.63,0.792073910167274,3,0.27126469828636623,0.5615208958837776,21.44,614.52,73.93
CUST_0254,B,62,F,Grocery,2,39377.38,34,81,8,513.61,0.4578282004214919,1,0.13960422878315637,0.25741358958348887,64.2,50.11,16.38
CUST_0255,D,32,F,Electronics,0,101389.83,15,216,1,3228.7,0.030372805318865194,2,0.2292261691001729,0.3988968556469134,3228.7,14.88,10.44
CUST_0256,C,54,F,Grocery,2,46663.31,57,3,44,2227.41,0.8129898879975936,3,0.30164331665258215,0.5906683355620375,50.62,24501.51,127.15
CUST_0257,B,49,F,Electronics,1,36471.77,35,163,13,1114.63,0.28201423090590233,2,0.12684547058598736,0.5972720354493304,85.74,88.35,35.56
CUST_0258,B,52,M,Home,2,55247.13,62,150,11,1003.7,0.3861064195145491,0,0.13393019090997563,0.5028922975045556,91.25,73.12,26.72
CUST_0259,E,46,F,Electronics,0,16743.1,73,3,22,395.46,0.713958005313666,1,0.09126309818445286,0.941759593004624,17.98,2175.03,96.17
CUST_0260,C,51,F,Home,1,31992.5,41,38,24,2288.27,0.6552794919585441,4,0.29187837350145246,0.5596161312511552,95.34,1408.17,58.82
CUST_0261,A,43,F,Sports,3,145744.71,89,29,72,10559.71,0.03048118324192102,9,0.004781317263322163,0.7380622181530934,146.66,25343.3,153.21
CUST_0262,E,54,M,Grocery,5,23856.24,63,45,23,324.49,0.49077251931738125,0,0.05141186418737383,0.9953728063530832,14.11,162.24,53.13
CUST_0263,A,41,M,Clothing,1,173363.79,84,25,35,8711.92,0.049185074612161185,8,0.03192431805743382,0.4556645237406022,248.91,11727.58,80.11
CUST_0264,D,30,F,Electronics,5,127166.49,17,187,3,5454.1,0.049413201809000926,7,0.30037572252242084,0.3826536938356258,1818.03,87.03,0.0
CUST_0265,C,48,F,Grocery,2,47559.7,51,17,58,2867.48,0.7957042643477993,2,0.20717297840800628,0.6390215286145624,49.44,9239.66,128.66
CUST_0266,D,39,M,Home,0,90834.65,27,246,3,3004.76,0.17688373770515836,8,0.14563064717219207,0.34728596601362205,1001.59,36.5,13.35
CUST_0267,A,61,M,Electronics,0,158410.34,82,21,61,11621.13,0.07692768222046224,9,0.00827227132553439,0.5825467650885743,190.51,32222.22,138.41
CUST_0268,A,31,F,Clothing,0,84265.19,100,18,53,8803.92,0.07349909675414094,10,0.022857972296953126,0.8161869912765432,166.11,24558.3,127.88
CUST_0269,A,55,F,Books,0,172472.11,86,18,34,14921.44,0.09999618817725023,14,0.0021525719934932298,0.6767109702873281,438.87,26701.52,87.09
CUST_0270,C,39,F,Clothing,1,20334.41,63,41,21,661.38,0.9779984850624357,2,0.11097180514592489,0.3908520911803554,31.49,330.69,49.26
CUST_0271,D,49,F,Books,2,82939.95,27,196,4,3181.14,0.011661538450694413,7,0.3580980960983872,0.4046252419088844,795.28,64.59,10.6
CUST_0272,E,33,F,Electronics,1,16834.26,69,52,18,392.89,0.667600024183886,0,0.07185069020561644,0.9331527224250894,21.83,133.43,53.59
CUST_0273,B,18,M,Clothing,3,49564.0,52,115,13,945.04,0.4249286384331803,1,0.12461807522743364,0.3693933917639791,72.7,105.91,25.26
CUST_0274,D,27,F,Home,0,82518.62,34,245,4,7155.86,0.20039431152258871,11,0.2268802866172561,0.6659776935923291,1788.96,116.36,21.73
CUST_0275,E,51,M,Beauty,0,31417.33,91,25,11,557.07,0.776215992982064,0,0.018041442644087812,0.9268290882697271,50.64,235.68,44.54
CUST_0276,E,33,M,Sports,3,17597.75,65,53,10,625.5,0.662606470248025,0,0.027751903949413743,0.7522806004026782,62.55,115.83,27.93
CUST_0277,B,42,M,Home,1,49895.07,52,173,10,398.14,0.2584610364570441,1,0.12629596239063137,0.3535678182231442,39.81,22.88,24.65
CUST_0278,B,53,F,Clothing,2,40285.95,49,101,13,641.57,0.23748731098505593,0,0.1324777891711658,0.3100228596856133,49.35,81.77,27.19
CUST_0279,D,18,F,Books,0,130882.48,13,292,2,3328.66,0.17490560130592003,8,0.16389648106982202,0.5074208259837997,1664.33,22.72,14.49
CUST_0280,A,35,F,Books,1,91480.41,87,20,77,9331.2,0.06376329026792528,9,0.028551948081459767,0.4625256394148547,121.18,34214.4,165.25
CUST_0281,E,50,M,Grocery,0,22986.22,79,4,23,160.26,0.6410165780117911,1,0.025564273114054938,0.9122603388397673,6.97,737.2,89.25
CUST_0282,D,49,M,Clothing,0,147908.83,32,231,5,6272.39,0.09018601828159653,3,0.21133805776367998,0.5878676096832911,1254.48,135.18,22.19
CUST_0283,B,34,M,Grocery,0,44913.99,34,74,9,588.51,0.24585233654825325,1,0.14841841804833952,0.36794702903901055,65.39,70.62,26.71
CUST_0284,D,54,F,Sports,3,86754.58,10,255,1,3027.33,0.1277773897010719,10,0.38881917644745173,0.44106801518759325,3027.33,11.83,2.21
CUST_0285,C,61,F,Clothing,4,20696.11,62,29,32,2930.97,0.8673721036442156,2,0.18160782578400936,0.9142595404674239,91.59,3126.37,73.73
CUST_0286,A,54,F,Clothing,1,95845.55,98,6,41,4111.73,0.039716929724613666,6,0.04155028689781999,0.6897977920716702,100.29,24082.99,109.46
CUST_0287,A,52,F,Beauty,3,139430.15,80,28,68,8133.71,0.0819132917537664,13,0.0020530265550833867,0.6364459089674354,119.61,19072.15,143.3
CUST_0288,E,34,F,Home,1,23672.05,61,22,25,554.24,0.3342402515037596,1,0.05375091912585852,0.7640078359079474,22.17,602.43,66.83
CUST_0289,A,62,F,Home,5,167887.47,100,23,62,10278.37,0.009415398091611762,12,0.03559528811493983,0.5232237533162963,165.78,26552.46,123.81
CUST_0290,A,57,M,Books,1,115649.52,90,27,54,2454.35,0.04207406227606322,8,0.024943880350563566,0.68824880518263,45.45,4733.39,122.47
CUST_0291,C,62,F,Home,2,38556.67,42,20,20,1336.61,0.7319181244965618,7,0.26553044789198155,0.9003785610320186,66.83,1272.96,57.01
CUST_0292,D,68,F,Sports,5,114853.9,25,306,3,7818.2,0.06258652079295361,7,0.25037488206450054,0.5009144393601518,2606.07,76.4,1.35
CUST_0293,D,45,F,Beauty,1,136627.68,28,295,2,4733.24,0.1825330016138537,11,0.19167028753385743,0.43404029184037485,2366.62,31.98,10.02
CUST_0294,D,44,F,Clothing,1,93473.05,16,234,1,5421.19,0.19162094393381102,7,0.23950613771457432,0.36766432871269855,5421.19,23.07,6.78
CUST_0295,B,41,F,Beauty,0,56032.13,47,156,5,848.8,0.39661105802308155,2,0.14672166151308222,0.39809984111735214,169.76,27.03,18.6
CUST_0296,A,50,F,Books,4,186113.7,88,4,82,8063.53,0.011481890109468533,10,0.04038677679839072,0.7893654140807234,98.34,132241.89,192.79
CUST_0297,A,32,M,Home,2,174474.77,95,7,53,9423.02,0.07519524623116239,12,0.020489779462004615,0.7309948338920514,177.79,62427.51,128.91
CUST_0298,E,29,M,Sports,4,19920.51,70,24,9,723.63,0.34633216717080184,1,0.061291379949310255,0.7351852094821153,80.4,260.51,24.87
CUST_0299,E,60,M,Grocery,0,22266.88,64,4,7,693.35,0.4449229377165879,1,0.09094895081762155,0.9114205868124456,99.05,970.69,57.23
CUST_0300,B,35,M,Sports,0,50729.04,39,184,14,411.53,0.41285508150818784,2,0.11018537955132272,0.4852735881774865,29.4,31.14,38.25
CUST_0301,B,49,F,Grocery,0,38895.13,57,169,10,1037.36,0.3256771898455987,1,0.10023178265277746,0.22288947697038977,103.74,61.02,25.05
CUST_0302,A,43,F,Books,2,159984.29,83,12,32,3906.89,0.09551389290579411,5,0.036194947523784105,0.7016118666341234,122.09,9616.96,80.37
CUST_0303,E,72,F,Sports,3,28391.38,64,50,11,649.87,0.3756763325658891,0,0.03710958115425658,0.7304669185393597,59.08,140.17,29.61
CUST_0304,D,75,M,Electronics,0,94741.93,18,250,3,2566.88,0.01820143539938782,6,0.4074938434653518,0.38177797470472435,855.63,30.68,14.04
CUST_0305,B,48,M,Electronics,0,50483.29,52,164,8,637.76,0.5003637832256422,2,0.11655699638735344,0.3247184215152271,79.72,30.92,23.1
CUST_0306,E,29,F,Books,2,21324.33,87,1,15,478.33,0.6751793381411072,0,0.06044557376841489,0.8553182546312481,31.89,3587.48,141.11
CUST_0307,C,46,M,Grocery,1,39914.83,57,8,38,1042.24,0.9703133885088512,6,0.26141208114251824,0.48908209812916253,27.43,4400.57,95.28
CUST_0308,C,31,F,Sports,0,22718.72,45,15,26,561.35,0.7061705148235853,7,0.18484772345589698,0.8713664580275455,21.59,912.19,76.09
CUST_0309,C,48,M,Home,0,33690.46,69,22,42,1037.7,0.7392374812497298,3,0.12589647613304894,0.8052224933359948,24.71,1894.93,104.65
CUST_0310,A,34,F,Electronics,0,125727.56,92,14,73,9152.58,0.07771381647059114,13,0.031402973236386716,0.6928313168238716,125.38,44542.56,167.0
CUST_0311,C,63,M,Clothing,0,26975.62,47,24,19,531.97,0.9107512423445644,5,0.2349263018687312,0.6130186791583425,28.0,404.3,54.43
CUST_0312,D,73,F,Books,2,67690.67,20,258,3,7236.36,0.12521426632532687,5,0.3185389522521157,0.4221923491208948,2412.12,83.82,8.83
CUST_0313,C,41,F,Sports,2,32861.56,45,13,27,2525.48,0.7216041181609228,7,0.2769574966049802,0.7672226656649098,93.54,4870.57,71.04
CUST_0314,C,75,F,Home,2,45178.92,44,22,29,1759.92,0.7057141912414179,2,0.2172748725747365,0.6427452233222816,60.69,2219.03,69.4
CUST_0315,C,42,F,Home,0,24721.91,53,36,25,2815.3,0.7803866926521259,4,0.188814450563233,0.6485015619452007,112.61,1902.23,65.75
CUST_0316,B,71,F,Books,2,48163.19,52,130,14,199.54,0.41794095965347383,0,0.09598726783803183,0.34607233303498536,14.25,21.32,29.69
CUST_0317,D,23,M,Books,3,125963.25,28,250,2,3994.35,0.14743946927833085,8,0.17230219120385143,0.5615506893399876,1997.18,31.83,6.63
CUST_0318,D,56,M,Home,0,83427.28,33,217,2,5626.54,0.15598856700207847,11,0.22028880547421875,0.5761393344433852,2813.27,51.62,15.98
CUST_0319,E,40,F,Sports,0,31616.83,65,42,9,378.67,0.42124194276332244,0,0.0,0.7126322981588741,42.07,79.26,34.63
CUST_0320,D,32,F,Sports,3,91061.12,19,332,3,2358.48,0.14220212191029485,8,0.3016375044911881,0.31938875438000064,786.16,21.25,3.69
CUST_0321,A,22,F,Clothing,2,113494.25,97,1,70,3513.98,0.0005011100815015253,6,0.03251519025666653,0.7603253759103019,50.2,122989.3,200.0
CUST_0322,D,49,M,Home,2,77375.86,14,350,2,7748.36,0.0843385082297902,10,0.3461478144511208,0.4859641741326065,3874.18,44.15,8.0
CUST_0323,A,38,F,Sports,0,99867.41,87,8,35,12346.19,0.07109819304597284,15,0.01548423094854456,0.6468371960809056,352.75,48012.96,95.44
CUST_0324,A,49,F,Grocery,4,165853.73,95,23,60,14301.17,0.04951609975258176,5,0.0016271469914396464,0.4137695871102821,238.35,35752.92,120.62
CUST_0325,C,58,M,Clothing,3,42360.53,64,38,23,2419.27,0.8729813399591454,3,0.16173431941425956,0.5246126079367084,105.19,1426.75,50.12
CUST_0326,B,57,F,Electronics,1,39797.69,56,122,9,587.02,0.3405965078187737,2,0.12977914419812078,0.31098302018233615,65.22,42.95,22.04
CUST_0327,E,27,M,Electronics,0,26471.42,89,41,10,560.28,0.7571677079313446,1,0.0965098324923905,0.8312383191195422,56.03,133.4,39.06
CUST_0328,B,44,F,Clothing,1,59370.47,41,119,5,244.49,0.4481412193458932,0,0.12898093886152723,0.48971573408296115,48.9,10.19,17.63
CUST_0329,D,21,M,Electronics,0,89972.69,16,277,1,4916.49,0.1807225860582188,9,0.35807282044184097,0.6094765654934046,4916.49,17.69,14.55
CUST_0330,B,55,M,Books,1,59110.66,61,55,3,712.04,0.3249721555703636,0,0.1315489949086268,0.41362482736983597,237.35,38.14,13.09
CUST_0331,B,18,F,Clothing,1,46177.17,35,157,3,687.84,0.49011165294922016,2,0.09287666825390495,0.4155778215095782,229.28,13.06,11.95
CUST_0332,B,44,F,Books,1,57953.03,56,120,12,960.59,0.49353660248708214,2,0.07619188630058396,0.38230313899453094,80.05,95.27,29.48
CUST_0333,D,48,M,Beauty,1,97488.21,12,313,5,5469.39,0.12197770598383946,12,0.16578111046331317,0.554778894550523,1093.88,87.09,18.42
CUST_0334,B,44,M,Sports,0,53952.28,50,152,14,385.77,0.3264865320275334,1,0.06262766994045753,0.5739456893959458,27.56,35.3,40.14
CUST_0335,A,45,M,Clothing,2,174143.07,80,1,30,9144.77,0.06931359582793968,12,0.01035713708907271,0.6929406235549016,304.83,137171.55,167.86
CUST_0336,E,36,F,Clothing,6,31605.73,66,3,23,516.48,0.6699204730363372,0,0.04795868516462726,0.8806175672979898,22.46,2969.76,78.95
CUST_0337,A,42,F,Clothing,2,200306.52,81,6,35,5287.72,0.05911284989729826,9,0.0006410382230419428,0.44588293614793223,151.08,26438.6,89.58
CUST_0338,A,51,M,Grocery,2,189497.58,93,12,72,8722.37,0.009973646749413784,14,0.04758297474243907,0.7137179322236814,121.14,48308.51,160.61
CUST_0339,C,28,M,Beauty,4,22629.98,59,28,20,827.18,0.6383964440115512,6,0.12953928660865732,0.7401467805813505,41.36,570.47,46.37
CUST_0340,E,37,M,Electronics,2,16001.11,92,6,24,183.91,0.6172226764929675,0,0.014722748963041075,0.8488466182967277,7.66,630.55,75.64
CUST_0341,D,45,M,Beauty,4,138345.16,33,318,1,4334.69,0.20247969363204396,11,0.3562462707942002,0.3830302433543301,4334.69,13.59,0.0
CUST_0342,A,31,F,Beauty,0,154701.14,96,15,39,3382.76,0.06659101070413345,11,0.02832788480356552,0.6331954146384586,86.74,8245.48,97.33
CUST_0343,E,51,M,Books,6,17704.11,99,37,18,198.46,0.3754461470275642,0,0.06522110156492754,0.8205304589435294,11.03,94.01,37.11
CUST_0344,B,37,M,Home,0,36621.95,36,61,14,813.55,0.3729668868283284,0,0.11013191806927888,0.5314355947101378,58.11,183.7,40.27
CUST_0345,B,51,F,Books,2,58301.95,50,170,3,690.13,0.48647949057053036,0,0.11459724039485297,0.2955343174100061,230.04,12.11,6.5
CUST_0346,D,31,M,Sports,1,90678.66,29,229,4,5672.63,0.12226323414641516,4,0.3730356685065904,0.40412567671346084,1418.16,98.65,13.52
CUST_0347,A,46,M,Grocery,0,84249.11,96,19,52,6179.83,0.0985209316030208,13,0.04322940975725395,0.6024975333022178,118.84,16067.56,121.31
CUST_0348,E,45,M,Home,2,32875.82,71,58,15,745.61,0.5787828627030306,1,0.021392802960422203,0.9036017543376289,49.71,189.56,43.8
CUST_0349,D,75,F,Beauty,4,107870.54,17,331,1,5981.4,0.1685047704159552,4,0.327075342641429,0.6718693580409326,5981.4,18.02,3.74
CUST_0350,C,43,M,Beauty,5,27840.21,63,8,27,2365.52,0.903719421461455,6,0.2077214127087062,0.4870470784104631,87.61,7096.56,61.24
CUST_0351,A,52,F,Grocery,1,112466.1,82,31,62,8789.05,0.10709324886805419,13,0.002701439315590802,0.4374452756696357,141.76,17028.78,132.97
CUST_0352,B,30,M,Sports,3,49868.33,34,109,6,443.86,0.36313577716513373,2,0.06426850318482258,0.4031493160056996,73.98,24.21,11.98
CUST_0353,D,47,F,Books,2,90028.02,22,234,1,3565.65,0.18063326212668557,9,0.3578019298498333,0.47165057789756215,3565.65,15.17,5.86
CUST_0354,D,53,M,Beauty,1,76500.6,24,317,4,2528.99,0.1305623897143659,5,0.19014893051974838,0.2983313379148764,632.25,31.81,11.28
CUST_0355,A,23,F,Clothing,4,142646.43,98,28,34,13962.11,0.07426816401544173,13,0.040782962413008675,0.41550590388048797,410.65,16369.37,67.88
CUST_0356,B,42,F,Books,3,50180.61,35,91,8,1051.72,0.2948378933319828,0,0.14892766237221736,0.2715872096254273,131.46,91.45,13.53
CUST_0357,E,29,F,Home,4,25752.1,62,50,18,747.61,0.4163958166246068,0,0.018722425727472344,0.8288703560893658,41.53,263.86,42.58
CUST_0358,E,48,F,Books,1,16269.13,61,53,9,749.75,0.556151747974632,0,0.04077015107842194,0.7883029126665122,83.31,124.96,32.65
CUST_0359,D,44,M,Grocery,0,89425.96,27,348,4,3609.5,0.0,5,0.26535936910712704,0.48943350407726194,902.38,41.37,18.08
CUST_0360,C,42,M,Clothing,0,41955.19,56,44,37,1693.9,0.8294984480778397,5,0.1914875588220787,0.8437940751653928,45.78,1392.76,93.15
CUST_0361,B,34,F,Home,3,59809.22,64,153,13,858.95,0.371663275919291,2,0.07050001000601229,0.385570825819716,66.07,72.51,25.37
CUST_0362,A,30,F,Grocery,0,113879.8,88,2,51,7023.26,0.02684424785539804,13,0.03101116534835575,0.7686235443418318,137.71,119395.42,167.37
CUST_0363,B,47,M,Beauty,4,34159.02,45,147,4,904.63,0.32606444981711086,0,0.07841344479240855,0.20428309456611032,226.16,24.45,0.77
CUST_0364,A,44,M,Beauty,1,142667.01,81,16,34,6106.32,0.009662640263845577,14,0.013008613855102817,0.4959827906050187,179.6,12212.64,81.17
CUST_0365,B,49,F,Home,2,54660.78,38,83,11,1078.85,0.31619819007109423,0,0.07483005866366277,0.4728606291004593,98.08,141.28,26.66
CUST_0366,B,30,M,Grocery,6,39421.16,39,135,10,808.67,0.2161948475511783,0,0.05845790205697067,0.44760301043404394,80.87,59.46,11.69
CUST_0367,E,50,M,Home,0,24419.52,82,5,17,233.1,0.7719931016856242,0,0.03270853715863806,0.9311084899498163,13.71,660.45,72.62
CUST_0368,A,31,F,Electronics,1,202795.5,86,21,34,6353.99,0.043071020674185494,10,0.023682862949426724,0.6013454730365333,186.88,9819.8,81.79
CUST_0369,C,34,F,Books,6,35975.76,58,23,36,1073.23,0.6703982831299526,5,0.18768783239200337,0.7886287134085037,29.81,1609.84,74.12
CUST_0370,A,63,F,Sports,2,186277.42,87,21,68,8305.42,0.06797919304897578,10,0.03200062601027334,0.4097208850106594,122.14,25671.3,142.96
CUST_0371,D,54,F,Clothing,0,143309.1,25,239,3,5652.94,0.15237850646572798,10,0.3364849515724282,0.3443105819019243,1884.31,70.66,13.3
CUST_0372,E,35,M,Beauty,2,18229.64,91,9,24,629.34,0.6369413052195392,1,0.07144751891370905,0.8939396883298322,26.22,1510.42,70.99
CUST_0373,A,55,F,Grocery,0,111860.2,78,11,73,6700.3,0.015295257682251637,7,0.041574264426175664,0.7416111436168051,91.78,40760.16,169.92
CUST_0374,E,51,M,Grocery,2,29829.99,75,28,10,122.94,0.34282609323693414,0,0.05067155015105566,0.8268750210995811,12.29,42.39,34.11
CUST_0375,D,71,F,Beauty,1,75292.99,22,265,1,4949.29,0.209644123566317,5,0.14707319726505108,0.6359582365296944,4949.29,18.61,12.1
CUST_0376,D,50,F,Home,0,126451.58,19,253,4,7396.46,0.08419828997473276,9,0.36585353964027384,0.5300798572929654,1849.12,116.48,19.0
CUST_0377,B,45,M,Books,1,32281.3,65,139,6,880.82,0.40118571494892313,1,0.1190872489252446,0.5138001896244977,146.8,37.75,20.0
CUST_0378,E,43,F,Beauty,3,21167.51,65,40,9,379.18,0.4196663060416163,0,0.04624417419045926,0.943545282568148,42.13,83.23,30.37
CUST_0379,E,28,F,Books,2,30108.23,78,13,9,241.04,0.6201552106661127,1,0.032221780010030586,0.9689593977512626,26.78,154.95,39.07
CUST_0380,D,47,M,Beauty,1,104193.57,31,317,1,6505.04,0.08450515640476634,5,0.17001618281353786,0.5647144032795769,6505.04,20.46,10.61
CUST_0381,D,54,F,Electronics,2,111509.03,26,333,2,3409.6,0.18641267353983648,6,0.21673701501300224,0.3535865218480011,1704.8,20.42,5.37
CUST_0382,B,41,M,Sports,0,49230.52,59,118,12,240.03,0.3348603927138523,0,0.08413391344794463,0.41017388887919876,20.0,24.2,33.05
CUST_0383,B,49,M,Clothing,1,34836.27,44,108,6,1091.68,0.47066091197967413,2,0.09705343693469848,0.23358585071357552,181.95,60.09,14.6
CUST_0384,D,58,F,Home,0,86417.53,17,216,4,3298.52,0.11643393808423672,6,0.22609549602950899,0.5729522409014616,824.63,60.8,19.92
CUST_0385,D,26,M,Sports,0,137614.88,31,285,3,6144.6,0.159559214392195,5,0.28685834069785215,0.3061791858257246,2048.2,64.45,12.47
CUST_0386,B,18,F,Grocery,1,37352.41,56,173,10,1042.15,0.49381090081145457,0,0.07623657608586688,0.28122524237938595,104.22,59.89,23.2
CUST_0387,B,55,F,Electronics,2,34346.09,51,140,13,894.78,0.42993501951178814,2,0.07967069816748976,0.2812790453980197,68.83,82.5,26.34
CUST_0388,D,41,F,Books,3,120914.91,29,200,3,5013.66,0.10162853030038234,11,0.2585380579754563,0.38627794822658734,1671.22,74.83,5.23
CUST_0389,B,22,M,Home,4,38496.73,65,147,7,1231.24,0.2888507778506647,2,0.06680978002699858,0.509636004029566,175.89,58.23,12.87
CUST_0390,D,27,F,Beauty,3,73451.33,14,228,3,2483.59,0.10062274061029838,11,0.1714944023167758,0.5875954598992931,827.86,32.54,9.19
CUST_0391,E,55,F,Home,0,18043.69,63,4,10,607.65,0.6757653542283816,0,0.07103226609027684,0.7407219930508613,60.76,1215.3,59.81
CUST_0392,D,66,M,Grocery,2,135708.99,34,306,2,1750.26,0.1968189106499093,10,0.39425237580254074,0.3576793484121891,875.13,11.4,5.48
CUST_0393,B,32,M,Books,0,48437.58,53,97,7,390.71,0.4737631156090185,2,0.13713816245486102,0.39244254688883934,55.82,27.91,22.88
CUST_0394,B,47,M,Grocery,1,30459.11,44,56,14,817.31,0.46746747208777495,1,0.1268114774491393,0.5849495253809908,58.38,200.74,38.48
CUST_0395,B,42,M,Home,3,60203.8,40,161,3,965.77,0.436514604870728,0,0.1477640722880595,0.4362320856719329,321.92,17.88,6.35
CUST_0396,C,61,F,Books,0,47199.51,55,13,37,3123.26,0.7377214783990057,6,0.2246189017150455,0.6353569806401318,84.41,8254.33,94.4
CUST_0397,C,66,F,Home,0,26415.83,45,36,51,715.72,0.657971884990664,7,0.15377430404387077,0.7149150543211986,14.03,986.53,119.08
CUST_0398,E,18,M,Clothing,2,24486.32,61,10,15,431.68,0.6394401976344927,1,0.07824180420688565,0.9747838058548062,28.78,588.65,53.5
CUST_0399,A,41,F,Sports,0,69138.24,71,16,31,8336.51,0.080429236862923,6,0.00043437466920507835,0.7163475146238704,268.92,15201.87,82.58
CUST_0400,B,52,M,Sports,1,34323.55,36,152,14,326.35,0.3286147755707202,2,0.08109917891819853,0.329801407081793,23.31,29.86,32.25
CUST_0401,C,48,F,Sports,0,46688.06,42,34,50,1308.26,0.7206986827712973,4,0.2783798828977221,0.5974494522235361,26.17,1868.94,114.89
CUST_0402,A,31,M,Electronics,4,139478.23,81,26,67,7089.12,0.03919116045793657,13,0.037678141476976096,0.5466152759214352,105.81,17591.52,136.78
CUST_0403,B,53,M,Books,0,57503.92,36,97,6,653.3,0.3492124547249277,0,0.15207001812680962,0.4747515018678101,108.88,40.0,22.53
CUST_0404,B,39,F,Beauty,5,44592.35,37,139,7,725.19,0.2944486746118377,2,0.07259657484846345,0.28903920297083535,103.6,36.26,5.5
CUST_0405,B,19,F,Home,2,49565.09,36,171,12,593.53,0.2992308168648525,0,0.10854401908132846,0.32848375632204335,49.46,41.41,25.15
CUST_0406,C,43,M,Electronics,1,32167.58,57,42,23,874.63,0.7117523974958203,4,0.12446792990688638,0.543018848677484,38.03,467.83,56.24
CUST_0407,E,18,F,Beauty,0,15239.26,62,25,20,497.95,0.366985065387016,0,0.011708913713998991,0.8814937078724804,24.9,383.04,61.63
CUST_0408,A,36,M,Grocery,0,149756.94,83,3,46,13780.64,0.07292714199775951,5,0.003327566278252883,0.7266166330384417,299.58,158477.36,139.87
CUST_0409,C,57,M,Beauty,3,38980.3,44,39,55,1860.94,0.6754977569565226,5,0.18835574651148457,0.5277353387878913,33.84,2558.79,114.12
CUST_0410,C,58,M,Grocery,0,30631.94,43,21,56,2624.8,0.9084335815702587,4,0.1474121363585343,0.8530725581668267,46.87,6681.31,133.82
CUST_0411,B,52,M,Grocery,0,47262.56,44,78,14,414.0,0.358775932288877,1,0.11027017517292995,0.21468196061034114,29.57,73.37,33.58
CUST_0412,B,42,M,Electronics,0,34827.14,34,63,14,840.27,0.34206181942658176,2,0.14144904751739415,0.2667795334128996,60.02,183.81,34.92
CUST_0413,E,20,M,Electronics,1,30620.34,84,5,20,523.56,0.7744585570829546,0,0.0031429708902743127,0.9276974852618723,26.18,1745.2,75.55
CUST_0414,C,38,F,Beauty,0,33213.09,42,43,39,1842.67,0.9651917699353983,6,0.21446853548216607,0.7661625912048209,47.25,1633.28,95.65
CUST_0415,A,61,F,Grocery,4,159363.57,87,11,62,10353.53,0.029708959764070154,9,0.024893214496968057,0.8014683797045701,166.99,53493.24,137.12
CUST_0416,D,42,F,Beauty,0,134398.92,15,223,5,1502.1,0.06907384340045014,10,0.16540286346980446,0.45048128221158,300.42,33.53,19.46
CUST_0417,A,52,M,Home,1,79776.12,85,17,37,6799.52,0.006364223827660269,9,0.007717993481237377,0.7021361424873283,183.77,13976.79,90.93
CUST_0418,A,36,M,Beauty,3,153398.67,99,15,84,12903.91,0.013867059160316306,13,0.004391968679073943,0.7148476453714423,153.62,67745.53,179.96
CUST_0419,A,42,M,Grocery,0,174331.67,100,1,32,2881.77,0.06440322502474444,13,0.010502638119563708,0.7610965698408516,90.06,46108.32,179.22
CUST_0420,E,26,F,Beauty,3,24398.1,82,40,21,184.32,0.46638021955095826,0,0.10020700921901175,0.7568309170964139,8.78,94.41,50.64
CUST_0421,B,34,M,Beauty,6,40974.57,48,80,8,547.72,0.35111506544850757,2,0.08159313571814392,0.37722607216771764,68.46,54.1,6.79
CUST_0422,A,42,M,Grocery,3,92489.25,88,26,77,10422.53,0.05316052510195484,9,0.05046135028718445,0.5298573240883815,135.36,29723.51,159.44
CUST_0423,D,55,M,Electronics,0,79952.91,15,318,4,3570.44,0.07775382488114899,11,0.18400244756409193,0.6445467952921744,892.61,44.77,21.21
CUST_0424,B,65,M,Clothing,0,57490.05,49,149,13,400.92,0.23833269814901514,0,0.14025999775921053,0.45288500575729584,30.84,34.75,35.73
CUST_0425,D,24,F,Beauty,1,109458.22,28,260,3,1445.74,0.07219637466574612,6,0.1799410903878117,0.34095161422453873,481.91,16.62,10.2
CUST_0426,E,41,M,Grocery,1,16294.75,80,14,20,747.4,0.46624031257683685,1,0.07671738231059201,0.9501163172756251,37.37,996.53,63.15
CUST_0427,C,48,M,Electronics,2,21980.11,49,5,52,2601.27,0.7211010270777538,6,0.10281310607599443,0.49014655259632783,50.02,22544.34,127.8
CUST_0428,C,27,M,Grocery,5,23021.02,67,21,25,1316.06,0.8121249607783145,6,0.12066246871113155,0.7751848235730533,52.64,1495.52,55.27
CUST_0429,C,23,F,Beauty,3,22742.58,65,19,48,948.85,0.7003314116382702,4,0.12401506447391532,0.837071892349102,19.77,2277.24,109.0
CUST_0430,C,26,M,Clothing,1,47314.12,42,36,58,2389.18,0.7548822191672103,5,0.23962436378214952,0.4751465726062445,41.19,3745.2,125.28
CUST_0431,B,38,M,Home,5,57986.6,62,131,13,847.46,0.33291213219510774,2,0.0632855972858052,0.5205045575929812,65.19,83.46,22.17
CUST_0432,D,27,M,Books,2,120453.56,10,210,3,3252.07,0.1519759498035044,11,0.2706172578685899,0.3485256435596383,1084.02,46.24,7.45
CUST_0433,C,19,M,Home,0,43426.04,62,36,37,1658.26,0.6054082171624978,7,0.19681651136588613,0.7375839054800757,44.82,1658.26,91.53
CUST_0434,B,35,F,Clothing,1,41186.55,39,116,4,1022.16,0.2273794061329483,0,0.07124658724762106,0.5139813080786765,255.54,34.95,16.14
CUST_0435,E,52,F,Books,3,17490.26,87,50,13,385.9,0.3988366748122477,0,0.08997898248588711,0.8777863137861712,29.68,98.37,36.56
CUST_0436,E,24,F,Electronics,3,27516.06,91,62,21,746.81,0.7476515690418536,1,0.018915478947828527,0.914561793188702,35.56,248.94,52.9
CUST_0437,C,18,M,Home,5,26484.44,41,35,31,2825.85,0.8972174980166199,3,0.09900776222192569,0.6933313331238589,91.16,2433.37,63.72
CUST_0438,C,40,F,Home,1,33042.65,52,31,31,2124.22,0.8277837200608108,3,0.12334836064533491,0.7203443625313584,68.52,2057.84,76.63
CUST_0439,A,40,F,Beauty,2,165180.4,85,10,59,10444.5,0.007709538994495193,5,0.010941431217267497,0.7498535030392507,177.03,56020.5,137.0
CUST_0440,D,53,F,Sports,7,109482.8,24,205,5,4249.75,0.08428709023655037,6,0.3978438965180743,0.5982712000983657,849.95,103.15,1.45
CUST_0441,B,44,M,Home,2,55399.35,44,123,14,357.45,0.39561132328167553,0,0.15093194455140094,0.5263110018956382,25.53,40.36,33.34
CUST_0442,A,44,F,Home,4,191741.68,79,27,63,10536.56,0.05981139583640119,9,0.029626098752548055,0.556437393108968,167.25,23707.26,128.83
CUST_0443,D,36,M,Books,4,103859.73,29,209,2,3485.67,0.1088291598294795,11,0.38982409314093924,0.3740429154798257,1742.84,33.2,0.0
CUST_0444,B,28,M,Grocery,3,43820.4,62,110,11,1190.97,0.22094928664129818,2,0.052211678009266654,0.5940007321020571,108.27,118.02,25.79
CUST_0445,D,46,F,Home,4,146076.86,25,266,1,2444.89,0.12109715748695657,5,0.13971760206961903,0.47739270076793416,2444.89,9.16,0.0
CUST_0446,B,34,F,Books,3,59184.35,46,66,10,712.77,0.24336760883627825,1,0.0652386566774318,0.2561100589281427,71.28,106.38,17.64
CUST_0447,C,39,M,Sports,7,39333.31,49,11,36,1802.88,0.8339309912998555,6,0.17113080070710385,0.7884507953559419,50.08,5408.64,75.86
CUST_0448,D,45,M,Electronics,1,78639.25,22,343,5,2980.11,0.087722615698093,6,0.20929529187476037,0.5350048436576862,596.02,43.32,17.99
CUST_0449,B,29,F,Books,4,46776.84,36,150,6,1215.45,0.21940240243244563,1,0.09179129003394608,0.5823839226335188,202.58,48.3,12.31
CUST_0450,C,27,F,Beauty,5,50681.41,49,32,32,2424.3,0.9200093972641167,6,0.1505789598356324,0.7011302002086276,75.76,2350.84,66.15
CUST_0451,A,58,F,Books,2,131667.29,81,21,27,4518.55,0.021367781359067865,13,0.03913654721842473,0.6514646123871969,167.35,5545.49,65.79
CUST_0452,D,54,F,Home,0,109624.88,34,204,5,1906.11,0.19170163529159623,8,0.2111757856429903,0.4858109457291297,381.22,46.49,20.21
CUST_0453,A,50,F,Clothing,4,174787.38,90,15,49,11555.86,0.08826962587840105,10,0.03291876165421307,0.49400097620373035,235.83,35389.82,102.55
CUST_0454,C,22,M,Beauty,1,30824.89,44,20,38,2134.99,0.6020452354508502,2,0.11086326689805981,0.8145819177301921,56.18,3863.32,94.29
CUST_0455,E,54,M,Beauty,0,31671.75,89,30,12,577.8,0.3046066161210057,1,0.03469591631094646,0.8615146667398134,48.15,223.66,44.56
CUST_0456,D,52,F,Grocery,1,119275.81,25,202,5,3308.96,0.14783422517024644,3,0.34114178147285734,0.570461788756258,661.79,81.5,18.9
CUST_0457,A,34,M,Home,5,84130.37,86,6,60,7883.5,0.0071267654209597915,6,0.011000465367121803,0.5324683676918532,131.39,67572.86,132.32
CUST_0458,E,46,F,Clothing,4,21591.05,90,7,19,167.73,0.2621235660207152,0,0.07462153697448534,0.7632224066580249,8.83,398.36,55.55
CUST_0459,D,60,F,Beauty,0,91913.5,18,257,5,3279.67,0.19273758857725,8,0.30393033929777474,0.4461614242688003,655.93,63.56,19.31
CUST_0460,B,60,M,Home,0,35516.11,56,73,15,935.35,0.24571400031743604,1,0.06417311979743495,0.37778608282889875,62.36,189.6,38.93
CUST_0461,A,25,M,Beauty,2,129055.72,98,16,33,10068.57,0.07401505262919368,11,0.024273322724691057,0.6280761747041297,305.11,19544.87,78.81
CUST_0462,A,53,F,Electronics,1,83727.72,93,23,44,8079.96,0.02908890407063875,13,0.040387103317152645,0.77620576214586,183.64,14813.26,104.87
CUST_0463,B,38,F,Books,1,30685.68,55,158,10,825.06,0.27029803157458926,2,0.07061755551889677,0.3101759895883088,82.51,51.89,23.84
CUST_0464,C,75,F,Grocery,3,47632.04,54,14,43,2757.77,0.8759828932558251,7,0.23066283907975735,0.5069865917543583,64.13,7905.61,94.28
CUST_0465,B,60,F,Grocery,0,33815.21,34,82,8,1111.18,0.3486277967443514,2,0.10561767549288631,0.5838671665142462,138.9,107.1,28.9
CUST_0466,A,23,M,Electronics,0,165603.34,77,9,72,8401.0,0.09874393925937762,12,0.03956548802587509,0.4398539725128543,116.68,60487.2,163.91
CUST_0467,A,39,M,Clothing,0,104150.69,85,2,59,3061.37,0.03399206048348683,10,0.03417691611033969,0.7958713924728791,51.89,60206.94,183.92
CUST_0468,C,39,M,Home,1,41042.07,65,26,42,1630.98,0.8628844464014587,5,0.1268538498657749,0.520237980124156,38.83,2537.08,95.25
CUST_0469,A,26,F,Clothing,3,80312.26,95,12,31,10019.27,0.07881382255978829,6,0.015583804447802843,0.5732250642779624,323.2,23892.11,72.8
CUST_0470,C,33,M,Beauty,2,33439.08,51,33,43,2307.94,0.633335015020578,3,0.3030360286541204,0.3996263203547769,53.67,2918.87,91.02
CUST_0471,B,57,F,Grocery,0,29701.35,56,81,10,375.53,0.368624139478247,2,0.09793041809368014,0.26183673775077587,37.55,45.8,26.47
CUST_0472,B,43,F,Books,2,58170.44,63,165,6,847.02,0.417797389335072,1,0.10475588783034967,0.4557111816436396,141.17,30.62,15.72
CUST_0473,B,30,F,Clothing,1,34639.15,44,158,7,1130.82,0.44950121086166167,1,0.11534016206687427,0.4602978485527508,161.55,49.78,20.84
CUST_0474,C,46,M,Clothing,0,37151.02,60,35,40,840.88,0.7833921790747754,5,0.16472730067012167,0.8400365941382953,21.02,934.31,99.66
CUST_0475,D,31,F,Home,4,85508.33,10,234,4,2616.32,0.01744403473729956,5,0.19034437173997926,0.5884772686682666,654.08,44.53,8.2
CUST_0476,B,23,F,Home,0,50262.39,39,158,14,538.44,0.38569290683548035,1,0.09469073559411337,0.5045527860021058,38.46,47.41,38.72
CUST_0477,B,46,F,Electronics,0,36309.53,52,76,12,785.11,0.3922962887341572,0,0.0613375095942166,0.5355631437099885,65.43,122.35,36.03
CUST_0478,B,48,F,Books,3,51973.67,38,115,8,1101.2,0.3683254054376302,1,0.11047000628662666,0.41599024982658067,137.65,75.94,16.19
CUST_0479,A,42,M,Home,3,145571.86,86,9,80,11212.19,0.04609703960028519,11,0.03128437580276536,0.7194137594021824,140.15,89697.52,176.5
CUST_0480,D,26,M,Beauty,1,108805.78,16,217,2,3571.6,0.04198851257012253,4,0.18949041619218646,0.2912872774739853,1785.8,32.77,7.29
CUST_0481,E,44,F,Grocery,0,33788.29,85,21,15,478.13,0.6724666382869937,0,0.0765403958115847,0.7586216166509934,31.88,326.0,49.93
CUST_0482,D,49,F,Beauty,0,110186.05,23,337,1,3054.87,0.19996722115184393,9,0.3802334277477302,0.6799039360709069,3054.87,9.04,15.89
CUST_0483,A,25,F,Beauty,4,138012.46,90,6,68,9289.7,0.020895626841862282,14,0.022171687540390457,0.6635757122073799,136.61,90242.8,153.94
CUST_0484,B,47,F,Home,0,30815.19,55,93,5,1132.27,0.23781091395111537,0,0.10503657596094564,0.30829075175934295,226.45,60.23,17.24
CUST_0485,D,48,F,Sports,5,112757.76,23,205,4,6847.66,0.17014349045690638,4,0.3217373799591345,0.5780719948999733,1711.92,132.96,5.05
CUST_0486,C,47,F,Books,4,35921.86,56,20,34,742.35,0.6312960217527764,8,0.13124872732605594,0.6371191379082891,21.83,1201.9,73.74
CUST_0487,B,40,M,Grocery,3,37793.15,56,169,12,769.38,0.20981563781068244,2,0.09644462196427758,0.18895941033353572,64.11,54.31,19.37
CUST_0488,A,39,M,Grocery,1,154106.66,90,13,62,5328.5,0.01993991539771718,13,0.04238207842225123,0.5303660482893737,85.94,23597.64,139.3
CUST_0489,C,64,M,Home,3,30999.21,67,40,44,1610.96,1.0,1,0.2020831235400714,0.6928859003485979,36.61,1728.84,95.36
CUST_0490,A,34,F,Grocery,3,141235.75,79,22,58,14025.88,0.028053693370332974,14,0.049948633218269055,0.8234557006077576,241.83,35369.61,128.01
CUST_0491,D,36,F,Clothing,2,97240.75,16,239,3,5868.56,0.13724311847133092,4,0.27279753731261014,0.6344484725162899,1956.19,73.36,13.11
CUST_0492,B,42,F,Clothing,3,47064.6,42,148,14,610.49,0.40149159458838796,2,0.10883058495678904,0.500354416678554,43.61,57.36,29.68
CUST_0493,E,48,F,Beauty,6,25096.66,62,20,15,270.74,0.7315381380989958,0,0.0010796660383623558,0.961309387138155,18.05,193.39,36.23
CUST_0494,B,74,F,Sports,0,45828.18,32,144,14,536.21,0.41292602104112147,0,0.07617010894985769,0.570761727126936,38.3,51.77,40.11
CUST_0495,B,47,F,Sports,4,44554.99,55,135,2,1046.31,0.1886598533919719,0,0.08776180140555831,0.6388259734088033,523.16,15.39,5.52
CUST_0496,B,25,M,Home,5,55091.96,45,96,5,333.7,0.2554376623962343,0,0.12166420252251015,0.4895610371206915,66.74,17.2,5.83
CUST_0497,D,47,F,Sports,2,89028.82,22,297,5,3092.15,0.1934858960130443,11,0.40534668855730244,0.69902334043753,618.43,51.88,18.32
CUST_0498,B,48,F,Grocery,1,54050.51,48,95,8,770.3,0.46588611733305496,1,0.04818755699659688,0.5492917273671658,96.29,64.19,25.04
CUST_0499,D,60,M,Grocery,1,81329.15,11,333,2,4039.24,0.12233936593061923,4,0.3195843050669368,0.45747846117376967,2019.62,24.19,10.45
CUST_0500,B,48,F,Sports,1,34832.8,44,57,8,565.25,0.5091651189749733,1,0.13528049754857327,0.3552600410645442,70.66,77.97,21.86
CUST_0501,E,50,M,Sports,1,21177.09,78,44,13,542.93,0.5225317008496453,0,0.011669017633086453,0.8897304975454821,41.76,156.85,43.07
CUST_0502,B,28,F,Electronics,0,47351.71,49,103,10,1250.52,0.3809967090531298,1,0.1276449212034545,0.4309696944989575,125.05,120.24,29.59
CUST_0503,C,28,F,Books,4,38700.34,63,26,59,931.57,0.7309725842604738,5,0.18103533319158696,0.8112506285138457,15.79,2035.65,126.07
CUST_0504,D,43,F,Clothing,2,118420.75,27,260,2,7682.15,0.0284919756654574,11,0.327335009846395,0.4307546320926012,3841.08,58.87,7.0
CUST_0505,D,52,M,Beauty,4,125800.81,15,342,2,7883.38,0.037737412570218974,6,0.16013464265259164,0.6066816808259945,3941.69,45.97,4.43
CUST_0506,E,44,M,Home,5,30027.29,75,16,23,692.81,0.39542068244906553,0,0.026598205729329624,0.741018955239695,30.12,937.33,52.07
CUST_0507,D,33,F,Beauty,0,120702.07,24,329,4,8129.8,0.15337587002185174,10,0.37151238241326323,0.3137760644181112,2032.45,98.54,14.58
CUST_0508,A,28,F,Books,0,124779.04,94,19,54,11784.06,0.10479193476580527,5,0.02418392215579568,0.5051259799853368,218.22,31816.96,123.37
CUST_0509,E,25,M,Beauty,0,28132.67,75,35,11,576.74,0.6779678982454393,0,0.01671944366011721,0.9418104472343676,52.43,176.23,43.69
CUST_0510,C,62,F,Home,1,25631.21,69,30,23,1330.09,0.8404031947019618,5,0.17751330515046512,0.7160952899426966,57.83,986.84,60.66
CUST_0511,A,30,F,Beauty,0,92563.8,79,24,66,6293.26,0.07481830727483252,8,0.024053732948718723,0.6523829151304097,95.35,16614.21,149.21
CUST_0512,A,34,F,Home,2,160421.3,85,27,69,12128.32,0.03166662978212571,8,0.03775144623430017,0.4597260584346554,175.77,29887.65,144.9
CUST_0513,B,53,F,Books,5,59596.9,55,143,13,918.01,0.3517094017542072,2,0.10781403942851837,0.4763078218162333,70.62,82.88,21.23
CUST_0514,D,44,M,Grocery,0,111689.83,32,244,1,2763.41,0.08288885454551623,3,0.19660718728795099,0.7153704284000615,2763.41,11.28,16.72
CUST_0515,E,18,M,Sports,0,34516.82,72,38,22,788.76,0.4910004045433322,0,6.51422435805158e-05,0.9840950523680455,35.85,444.94,66.31
CUST_0516,D,18,F,Grocery,2,75701.7,16,294,5,6711.37,0.0708981193647275,8,0.3526716708630549,0.38504638828090254,1342.27,113.75,12.04
CUST_0517,B,39,F,Beauty,4,40889.33,43,112,13,1105.91,0.4877900541031055,1,0.07788313801223419,0.38000871595010755,85.07,127.23,22.49
CUST_0518,A,57,M,Home,3,86979.44,76,4,72,3994.95,0.06327998414631048,7,0.039749834117119,0.7607944838205196,55.49,57527.28,175.22
CUST_0519,D,55,M,Grocery,3,100500.64,21,345,3,3659.32,0.10564788980519509,7,0.31580350231619275,0.5436249644399133,1219.77,31.73,8.16
CUST_0520,C,34,M,Electronics,3,31902.5,48,27,44,2666.13,0.6531399541955414,4,0.13499369559715874,0.6974703277325011,60.59,4189.63,96.65
CUST_0521,E,34,F,Electronics,3,29488.19,71,19,20,344.0,0.4820081618345672,0,0.08957360806392345,0.8132289590128132,17.2,344.0,52.53
CUST_0522,A,48,M,Home,3,115383.57,98,21,67,15690.47,0.06706096313835241,7,0.017348610342374015,0.5113408202980281,234.19,47784.61,139.99
CUST_0523,D,23,M,Beauty,1,76069.84,14,345,3,5129.31,0.13013336693182057,5,0.2161076119957041,0.4277332881324545,1709.77,44.47,11.84
CUST_0524,B,31,F,Sports,0,47427.19,55,155,7,309.63,0.4913527173500642,2,0.1060216321426182,0.21237010448841342,44.23,13.89,18.89
CUST_0525,B,36,F,Electronics,3,37730.23,42,159,9,1018.24,0.2617978586405004,2,0.10086113027647911,0.2661055300292074,113.14,57.28,14.95
CUST_0526,B,42,F,Home,1,49923.06,38,122,5,509.25,0.40563102895141995,0,0.06711289557713204,0.3116313878452548,101.85,20.7,14.05
CUST_0527,B,59,F,Books,1,40113.27,47,95,5,408.48,0.4092928711974199,1,0.12323942065381419,0.308512815162475,81.7,21.28,14.22
CUST_0528,A,54,M,Beauty,3,192675.56,85,19,51,2974.87,0.030594154775386077,7,0.03769807739255877,0.5957081237019813,58.33,7585.92,110.18
CUST_0529,B,40,M,Books,1,41397.27,58,82,8,844.29,0.4172731581923196,2,0.0737565106978843,0.35802999918369727,105.54,81.38,21.38
CUST_0530,C,28,F,Electronics,2,52198.27,50,12,44,2384.43,0.9349754575499252,5,0.16465716548551831,0.7710986877371504,54.19,8070.38,105.76
CUST_0531,C,28,F,Home,4,48389.51,41,28,57,2905.05,0.8862293347591751,6,0.10632010148763428,0.8195613163968346,50.97,5709.93,121.96
CUST_0532,E,47,M,Beauty,2,18592.55,80,43,18,677.36,0.45736789771138187,1,0.09979108049899842,0.7827503121400017,37.63,277.1,47.98
CUST_0533,A,34,M,Beauty,1,182080.9,88,2,45,7728.62,0.004707924213760818,14,0.025866296449631027,0.4991402981181924,171.75,115929.3,146.98
CUST_0534,B,18,M,Home,6,61910.0,43,138,15,574.19,0.3818858138616205,0,0.05961157764299627,0.47738275237143035,38.28,61.96,22.27
CUST_0535,C,48,M,Beauty,0,33347.44,41,4,50,2534.72,0.7396066273858223,4,0.225459802303964,0.7747140067329294,50.69,25347.2,140.49
CUST_0536,E,18,M,Beauty,5,24396.33,58,49,16,344.13,0.4294319056913756,1,0.0970994940255053,1.0,21.51,110.12,39.04
CUST_0537,D,49,M,Beauty,2,130702.88,19,365,4,2558.55,0.09657540649297042,9,0.3833805382019623,0.46463911548118286,639.64,27.96,11.57
CUST_0538,C,36,M,Electronics,0,42633.92,45,33,29,2434.93,0.9011008680870748,4,0.13104805556286403,0.7680385966843095,83.96,2076.85,76.39
CUST_0539,B,59,F,Grocery,1,36749.39,35,103,12,1058.58,0.4284001250084003,2,0.11653890033106366,0.5143871816892989,88.21,122.14,32.26
CUST_0540,E,27,F,Home,0,25979.55,87,16,10,50.0,0.4411875141589318,1,0.039453146572291306,0.7068911288329588,5.0,29.41,40.39
CUST_0541,A,27,M,Clothing,2,146414.29,99,25,41,10739.01,0.07185333865895614,10,0.010051269664918764,0.6708150030071798,261.93,16934.59,93.42
CUST_0542,C,43,F,Home,0,35401.04,53,40,55,832.19,0.6933284428914388,3,0.10919304497565885,0.6368747781942034,15.13,1116.35,125.24
CUST_0543,C,51,M,Clothing,3,37618.96,46,1,53,2973.16,0.9516229269126991,2,0.27115201292453056,0.44069903932595583,56.1,78788.74,200.0
CUST_0544,C,46,F,Home,5,25171.92,62,30,42,2096.48,1.0,4,0.14772383745738124,0.41732746581062996,49.92,2840.39,80.68
CUST_0545,D,41,M,Sports,0,140182.33,16,216,4,6118.09,0.10760240426747371,11,0.3876359017586974,0.5409808027516078,1529.52,112.78,19.28
CUST_0546,C,32,M,Grocery,1,33451.63,67,17,31,1282.65,0.9311567360876343,4,0.2561374194356639,0.7758052273661546,41.38,2209.01,80.4
CUST_0547,B,18,M,Beauty,2,38233.76,49,61,13,1059.88,0.4258266713499048,0,0.12397210377829945,0.35864911217732287,81.53,222.23,28.81
CUST_0548,E,45,F,Electronics,0,21482.69,67,47,25,380.74,0.7073748320082204,0,0.08287782518330919,0.8692112971314246,15.23,198.3,69.51
CUST_0549,E,36,M,Electronics,0,16527.54,61,53,12,423.82,0.382627771354849,2,0.0905154657752257,0.7539419542908907,35.32,94.18,40.97
CUST_0550,E,46,M,Books,5,26908.21,84,6,21,409.91,0.6067649689406753,0,0.04589978753453129,0.7335132412760367,19.52,1229.73,58.34
CUST_0551,B,38,F,Sports,3,35783.77,49,74,3,548.1,0.4458369312492216,0,0.12406766006805417,0.5793437997585965,182.7,21.92,9.94
CUST_0552,A,38,F,Grocery,3,183501.15,76,20,45,14902.36,0.060239503186450896,9,0.015978422960733634,0.45809990327589106,331.16,31933.63,95.16
CUST_0553,A,29,M,Grocery,4,153555.51,82,27,58,11142.97,0.035658940794919936,10,0.007651448520548934,0.44442165676075385,192.12,23081.87,116.59
CUST_0554,C,48,F,Beauty,5,26925.72,57,20,46,1017.06,0.6270487032212639,5,0.11200876182792828,0.5491412184343103,22.11,2227.85,92.98
CUST_0555,A,36,M,Clothing,3,108357.51,93,9,49,3425.14,0.0840619826707287,10,0.04648084222842593,0.677247501323701,69.9,16783.19,113.66
CUST_0556,C,33,F,Clothing,2,26535.65,66,3,38,1293.71,0.700451418921926,3,0.30563695281444486,0.8938135350601616,34.04,12290.24,121.21
CUST_0557,E,50,F,Electronics,0,21010.34,72,11,14,239.07,0.7238382428370418,0,0.07941633744743869,0.9317268814620197,17.08,278.92,55.73
CUST_0558,E,54,F,Books,0,19787.71,80,40,12,641.81,0.499474275479947,1,0.0,0.7958489827738181,53.48,187.85,42.42
CUST_0559,A,44,F,Electronics,5,169356.27,97,14,78,6420.08,0.042895011208279904,12,0.026221918738872047,0.6423752158136018,82.31,33384.42,160.99
CUST_0560,D,35,M,Beauty,2,117272.27,23,311,2,2743.15,0.10149889481853645,4,0.17662468295059916,0.498001740901067,1371.58,17.58,8.28
CUST_0561,B,40,F,Clothing,2,57280.7,64,164,12,872.58,0.19536487491191776,2,0.14726856126964666,0.24542657575015353,72.72,63.46,23.52
CUST_0562,E,54,F,Home,5,34239.97,70,18,15,245.87,0.5645398701942996,0,0.08138347966884975,0.9082516680648983,16.39,194.11,38.72
CUST_0563,B,31,M,Books,3,47948.48,47,77,9,755.61,0.1936434195880663,0,0.0823148433183723,0.21456859691056393,83.96,87.19,14.59
CUST_0564,B,28,M,Electronics,1,31500.81,48,147,3,817.3,0.23847961684503313,1,0.12307326886080353,0.44946641607925003,272.43,16.57,12.67
CUST_0565,B,45,F,Electronics,0,45037.26,42,83,12,803.79,0.49246215782750674,2,0.08003609366714919,0.2683396630740502,66.98,114.83,30.57
CUST_0566,C,24,F,Sports,0,46288.35,57,9,44,2412.21,0.6588596077041198,6,0.16940675858530854,0.7631276877879205,54.82,10613.72,114.37
CUST_0567,E,46,M,Books,4,33195.99,79,38,18,554.05,0.6030959475266559,0,0.0663455081618997,0.9202854064726411,30.78,255.72,45.04
CUST_0568,B,46,F,Sports,1,43838.9,44,90,4,308.53,0.45282511808920284,2,0.06570128869907063,0.41839740280999443,77.13,13.56,14.48
CUST_0569,C,47,M,Clothing,0,21615.85,61,11,57,1759.52,0.9159755024765143,5,0.26722666236209014,0.70466854180712,30.87,8357.72,137.18
CUST_0570,A,41,F,Grocery,0,172018.16,89,18,54,10479.58,0.02092891297714232,7,0.009401649176799975,0.6068479406386934,194.07,29784.07,125.69
CUST_0571,C,28,F,Grocery,0,35590.68,51,26,41,2386.52,0.7717385161088338,3,0.3011138511792432,0.7833232529213316,58.21,3623.97,101.51
CUST_0572,C,59,M,Beauty,0,21052.53,63,17,59,2483.48,0.8168620463052677,5,0.25958979376131375,0.5532114379707078,42.09,8140.3,134.95
CUST_0573,C,32,F,Books,0,43402.47,60,27,48,2078.19,0.8001973559389672,2,0.12826134502200748,0.8654485507215357,43.3,3562.61,117.01
CUST_0574,D,49,M,Sports,3,95608.3,29,288,3,3961.83,0.20444179846318375,8,0.1781082668035929,0.5014254865944229,1320.61,41.13,7.38
CUST_0575,B,58,F,Home,0,55437.37,46,152,10,461.1,0.3890508171105538,0,0.04973031652884245,0.32832862533439006,46.11,30.14,27.22
CUST_0576,C,49,F,Electronics,4,43594.63,65,41,35,2385.74,0.6386161485596071,7,0.26589209110802026,0.868119431841002,68.16,1988.12,77.8
CUST_0577,B,36,M,Books,1,31319.11,39,95,5,997.43,0.3901380601171572,2,0.11641539869865314,0.3954040293358884,199.49,51.95,15.96
CUST_0578,C,21,F,Grocery,3,20213.93,48,18,62,2116.45,0.9836147449283483,2,0.14086019188084697,0.7028114002994384,34.14,6906.31,134.61
CUST_0579,E,51,F,Books,3,22015.13,76,50,14,596.47,0.7503353893465199,1,0.010124480033862937,0.7618729017455715,42.6,163.74,36.24
CUST_0580,E,50,M,Clothing,1,25488.9,84,41,24,170.82,0.2868520042201411,1,0.06753996793395799,0.8504528655448828,7.12,97.61,64.45
CUST_0581,D,35,F,Grocery,0,144770.88,24,365,1,4227.21,0.08176824955045203,7,0.32275944623965913,0.5230036487357684,4227.21,11.55,12.73
CUST_0582,E,50,M,Beauty,4,34593.12,78,26,16,609.62,0.7355771578442989,0,0.01891039252801028,0.7072301553802081,38.1,361.26,37.99
CUST_0583,D,44,M,Electronics,3,103545.24,23,319,1,3381.15,0.015736271873279323,5,0.27916862194514835,0.6363042495865389,3381.15,10.57,6.04
CUST_0584,A,56,F,Sports,0,147325.19,77,24,58,4566.43,0.023294937652518256,12,0.025534143435679727,0.5275495646825957,78.73,10594.12,130.72
CUST_0585,C,51,F,Books,0,22741.71,64,33,57,760.69,0.8997206662618651,5,0.217807535578526,0.6450604439095722,13.35,1275.27,129.93
CUST_0586,B,32,M,Beauty,0,48102.98,49,137,9,775.72,0.31610965276162817,0,0.08475121421785611,0.4718521716348231,86.19,50.59,28.17
CUST_0587,C,32,F,Sports,4,29646.84,45,23,31,1219.58,0.7116902082068618,6,0.20007554788278864,0.7509351882818962,39.34,1575.29,69.37
CUST_0588,D,27,M,Books,0,136281.56,18,212,3,4830.66,0.19008760631907914,7,0.2136256063292404,0.37980247975242054,1610.22,68.04,14.07
CUST_0589,A,39,F,Clothing,4,164542.36,81,5,39,9451.43,0.08530727168234267,10,0.032256782460925636,0.7593823019677932,242.34,61434.3,101.19
CUST_0590,A,42,M,Beauty,2,177743.72,81,9,60,12029.07,0.0549801135208916,9,0.03727214185852973,0.4654143412192539,200.48,72174.42,134.42
CUST_0591,E,38,F,Home,2,25322.05,72,49,24,184.18,0.42366406916938676,0,0.07938247077472052,0.929657448584229,7.67,88.41,62.63
CUST_0592,B,48,F,Grocery,0,40122.22,58,168,12,321.32,0.48371043898783783,0,0.1313133524223605,0.35676084208733344,26.78,22.82,31.73
CUST_0593,E,48,F,Clothing,0,25271.8,81,35,12,790.74,0.7064435302244354,1,0.0549931647742729,0.9562153495732553,65.9,263.58,45.98
CUST_0594,D,42,M,Sports,0,97917.17,17,251,5,1867.86,0.1693815628570439,2,0.1787726271141366,0.34920844300218734,373.57,37.06,17.38
CUST_0595,E,43,M,Books,1,33427.45,73,17,15,145.79,0.6440109161197197,0,0.048185022027458724,0.9488385224742557,9.72,121.49,51.86
CUST_0596,A,48,F,Electronics,3,126348.24,93,22,42,13689.19,0.0016122311115802177,8,0.016084557849522514,0.7363631220783042,325.93,24997.65,94.27
CUST_0597,D,38,F,Beauty,1,146195.74,10,260,4,3215.9,0.027251116404074717,5,0.18842297097417923,0.5991339625040147,803.98,49.29,17.37
CUST_0598,E,57,F,Home,3,32224.93,83,22,13,667.12,0.3097255115973974,0,0.06437593734293964,0.9573550047405496,51.32,377.07,40.69
CUST_0599,C,55,F,Books,0,20782.7,69,42,48,988.09,0.9427705905572654,2,0.1544962168233975,0.4918088241314048,20.59,1102.98,108.22
CUST_0600,C,38,M,Home,2,44374.12,45,16,30,2601.31,0.7294580444068681,3,0.2888781773674774,0.4957573280022247,86.71,4590.55,70.17
CUST_0601,B,60,F,Books,0,50685.44,58,165,15,862.22,0.2813124126056964,0,0.05810034066254399,0.5527097933707247,57.48,77.91,41.66
CUST_0602,B,44,F,Books,3,34164.44,39,69,10,749.82,0.4088003421058852,1,0.0713107290902834,0.2659183084184693,74.98,107.12,17.77
CUST_0603,B,21,F,Home,4,48210.61,61,63,13,281.96,0.23064284044056146,2,0.08582426021666059,0.2321196176293262,21.69,57.27,20.23
CUST_0604,C,40,F,Clothing,2,40991.28,52,8,31,482.21,0.8567362327578383,6,0.13562422228364776,0.6400767125394384,15.56,1660.95,81.3
CUST_0605,D,56,M,Beauty,0,150415.64,12,330,3,3165.34,0.15079037889855867,11,0.21970784912214542,0.43582898498845024,1055.11,28.69,15.02
CUST_0606,C,46,F,Home,2,46809.25,63,29,48,456.78,0.8673723452359269,3,0.23297404421987727,0.6783457815168529,9.52,730.85,107.02
CUST_0607,C,61,F,Clothing,5,23255.52,50,38,47,1930.49,0.7525742450666054,5,0.2493565534987078,0.7027102009436305,41.07,2326.49,95.69
CUST_0608,D,39,F,Clothing,2,145773.15,27,249,2,5122.85,0.21712299386179745,7,0.24304887875446424,0.6890618568375889,2561.43,40.98,12.18
CUST_0609,A,40,F,Sports,3,124572.08,93,8,63,9041.03,0.06992348633907922,10,0.016443194712971104,0.5448832413375502,143.51,63287.21,140.4
CUST_0610,D,18,M,Beauty,0,102421.07,17,266,3,6421.06,0.11243873624773516,7,0.3954341431451015,0.6832766047541916,2140.35,72.15,20.04
CUST_0611,C,44,M,Grocery,3,38043.44,46,44,58,1965.62,0.7951270522691962,3,0.12604146637592253,0.5154906590766433,33.89,2533.47,119.58
CUST_0612,B,39,F,Beauty,0,36647.92,55,155,14,772.0,0.3778174642509607,0,0.11166254734169845,0.2202137057250352,55.14,69.28,33.05
CUST_0613,C,39,F,Beauty,1,32143.88,62,16,30,759.76,0.9785562118362912,3,0.16076053260148004,0.5808869338297831,25.33,1340.75,74.87
CUST_0614,D,61,M,Clothing,0,105251.42,10,209,2,7181.38,0.01495713137014355,5,0.35529242105237474,0.5104899148493172,3590.69,68.39,14.69
CUST_0615,D,23,M,Books,6,142854.37,23,321,5,4961.65,0.01090577958965571,10,0.2902841245832509,0.3032724637561127,992.33,77.04,0.0
CUST_0616,D,22,F,Home,2,107546.64,19,309,4,5224.75,0.1022616361702551,6,0.3459505021278638,0.36988066839121303,1306.19,67.42,9.72
CUST_0617,C,62,M,Books,1,32964.63,56,4,57,753.9,0.6850387879731735,7,0.1770679755433018,0.7840288131871774,13.23,8594.46,151.68
CUST_0618,C,57,F,Sports,4,27511.03,51,10,31,2046.84,0.8146162070823341,3,0.2162789892057825,0.6685443763500946,66.03,5768.37,73.37
CUST_0619,B,36,F,Grocery,1,34745.5,46,167,9,994.38,0.3103640774230413,0,0.14519687197680947,0.35933344956804036,110.49,53.27,22.79
CUST_0620,C,37,F,Sports,1,42508.57,60,25,45,1396.09,0.850083521629405,4,0.1333356100132945,0.4431923107123963,31.02,2416.31,99.86
CUST_0621,D,47,F,Home,0,125298.57,15,336,1,4246.93,0.026861547443745845,3,0.29669711653838887,0.5553602178409022,4246.93,12.6,13.4
CUST_0622,C,57,F,Grocery,2,30849.69,50,23,25,1958.13,0.8994007532976176,5,0.2448341436302494,0.5046401747384502,78.33,2039.72,58.44
CUST_0623,B,19,M,Clothing,0,40842.81,42,109,5,1183.63,0.2883713479883412,2,0.05877846837472563,0.5605650724298955,236.73,53.8,22.13
CUST_0624,B,32,M,Books,0,32153.81,39,131,6,303.24,0.4195115483834891,2,0.13770340513250479,0.5394485934908393,50.54,13.78,23.55
CUST_0625,E,49,F,Electronics,1,33527.27,66,46,26,237.29,0.7209973800350921,1,0.08938974988660009,0.8761342660271918,9.13,131.27,68.7
CUST_0626,D,35,F,Beauty,0,92630.9,12,198,3,6549.65,0.0457386149730445,3,0.21247585407178943,0.4741954800624748,2183.22,98.74,15.99
CUST_0627,D,51,F,Electronics,6,97567.08,22,261,5,6229.18,0.16202097293793052,7,0.18174136852950745,0.4230546145146046,1245.84,118.88,0.84
CUST_0628,C,22,M,Books,1,21488.3,42,15,57,1322.96,0.9280546652758437,6,0.24114592534854176,0.7637153079222251,23.21,4713.04,132.94
CUST_0629,B,49,F,Beauty,0,28363.53,53,64,14,470.12,0.26883908768617826,2,0.12731124297133678,0.274101895613273,33.58,101.26,35.04
CUST_0630,C,23,M,Books,0,45979.49,47,5,58,857.03,0.8207154797599623,6,0.17647733801145482,0.47272839786768217,14.78,8284.62,145.45
CUST_0631,A,34,M,Beauty,1,119504.13,83,15,68,4540.61,0.019546730181635486,10,0.0037009596167039424,0.6736659497293853,66.77,19297.59,153.14
CUST_0632,E,36,M,Beauty,0,30806.6,61,31,10,495.92,0.7613609442031002,0,0.09568894058421211,0.9501936787183853,49.59,154.98,42.23
CUST_0633,A,46,M,Beauty,0,167253.94,96,11,68,9644.9,0.02897292715458047,13,0.01021210971653608,0.709637254801188,141.84,54654.43,159.28
CUST_0634,C,39,M,Electronics,0,32859.99,48,1,39,1944.58,0.6720068802203123,4,0.11918509930578662,0.7490924890779989,49.86,37919.31,192.98
CUST_0635,A,18,F,Beauty,1,148781.66,83,17,37,11351.17,0.015115905060849866,7,0.01641974207834288,0.4859400391163182,306.79,23332.96,86.6
CUST_0636,B,45,F,Sports,0,31391.16,49,174,9,382.64,0.35359219278281917,2,0.14155073431270815,0.33370811132529465,42.52,19.68,25.25
CUST_0637,E,51,M,Grocery,4,29822.19,86,16,23,785.21,0.42515373665278205,1,0.012142151092229915,0.9265473804365791,34.14,1062.34,58.78
CUST_0638,E,53,M,Clothing,1,22822.11,89,30,21,350.51,0.5469794998106475,1,0.042842967302374926,0.8084114119137605,16.69,237.44,58.5
CUST_0639,A,48,F,Sports,2,166362.94,85,13,70,7850.21,0.06611130037470564,5,0.0053719111386391185,0.6830107042214353,112.15,39251.05,155.35
CUST_0640,D,45,M,Clothing,1,115591.12,31,298,2,4721.1,0.12615678193589816,3,0.2749453787563524,0.27727562186121296,2360.55,31.58,6.88
CUST_0641,D,18,F,Home,2,110756.51,31,225,6,2724.94,0.08087216026317125,8,0.28754703247948066,0.319097546486293,454.16,72.34,12.83
CUST_0642,A,46,M,Sports,1,133979.78,89,7,62,7092.57,0.047337789760439584,10,0.014007116960651225,0.4711570187932137,114.4,54967.42,144.71
CUST_0643,B,46,M,Beauty,0,62244.01,45,141,4,364.14,0.4097249277629216,2,0.1333506489494971,0.4968078704291785,91.04,10.26,18.65
CUST_0644,E,65,M,Beauty,2,31334.48,81,45,16,127.99,0.7059329247401792,1,0.00025691036910676203,0.8032421124966431,8.0,44.52,44.29
CUST_0645,E,40,M,Clothing,2,15108.76,93,27,9,510.5,0.562513335442087,1,0.011055817661106821,0.7155493681754245,56.72,164.09,30.01
CUST_0646,E,47,F,Electronics,4,24937.08,63,16,9,380.11,0.8088191560691096,0,0.0032229491855368395,0.9708426107405165,42.23,201.23,31.67
CUST_0647,A,47,F,Books,0,174244.69,94,3,38,5138.73,0.0100366469842409,6,0.004979714420071463,0.5441391016703692,135.23,48817.94,120.22
CUST_0648,B,63,F,Clothing,2,36930.92,41,167,9,1101.57,0.2702772451665705,2,0.11740988987663037,0.5059187396073243,122.4,59.01,22.72
CUST_0649,C,75,F,Clothing,3,45856.87,54,29,41,1310.65,0.8343939011381667,7,0.26731553851726714,0.5624945367707508,31.97,1791.22,87.7
CUST_0650,C,44,M,Grocery,2,29373.28,70,41,35,1786.09,0.9213779124175534,3,0.21040314248659303,0.42317853119108634,51.03,1488.41,74.9
CUST_0651,D,47,M,Electronics,0,108246.09,24,264,3,4564.31,0.14191500590195633,5,0.2649827734910694,0.4080362555013501,1521.44,51.67,14.54
CUST_0652,C,29,M,Books,4,38216.15,64,42,55,2168.0,0.9350403107362754,5,0.1760324667703657,0.7271796270262404,39.42,2773.02,114.92
CUST_0653,C,68,M,Clothing,6,27345.91,43,33,45,976.53,0.8741131147503056,4,0.14528130580612716,0.644326283210228,21.7,1292.47,87.92
CUST_0654,C,31,M,Home,2,46406.59,57,32,31,2726.33,0.7423012675214297,5,0.13269079816251186,0.8789088406758588,87.95,2561.1,76.7
CUST_0655,D,42,F,Home,4,108214.03,20,238,2,5116.63,0.08611269197355077,11,0.2534115821527776,0.34156032454712915,2558.32,42.82,0.0
CUST_0656,A,56,F,Home,0,113757.32,92,11,38,11542.25,0.05730926955530326,5,0.022594878515582784,0.4490240812080967,303.74,36550.46,94.07
CUST_0657,C,50,M,Electronics,2,22043.14,66,32,51,2586.1,0.9602846053267949,7,0.3092863402489783,0.4900459446306219,50.71,3996.7,108.93
CUST_0658,E,26,F,Home,4,23077.29,83,17,21,368.9,0.6159339679644268,1,0.07200627207390148,0.9251225191728055,17.57,430.38,54.38
CUST_0659,B,46,F,Grocery,1,36051.24,50,115,12,363.27,0.2572570905626625,1,0.14663316181505265,0.4883713461790608,30.27,37.58,31.64
CUST_0660,B,42,M,Sports,6,34860.25,54,95,3,990.15,0.2684689981697943,0,0.09058699984881856,0.48577821451009834,330.05,30.94,0.0
CUST_0661,A,46,F,Books,2,116711.98,96,18,45,13349.44,0.0070290177728636535,11,0.04317168458126517,0.527522344897937,296.65,31617.09,100.11
CUST_0662,C,24,M,Electronics,5,31285.19,61,5,31,2994.64,0.6207183501121627,5,0.1739365654948863,0.794916460071282,96.6,15472.31,82.9
CUST_0663,C,53,F,Home,5,27281.12,61,14,53,2811.56,0.5948365582863238,2,0.10994967517126046,0.8476899486693421,53.05,9934.18,115.1
CUST_0664,A,31,M,Beauty,3,171288.13,78,5,68,10659.65,0.007563926634032433,11,0.02669718793047534,0.5658947995144705,156.76,120809.37,158.32
CUST_0665,C,27,F,Books,0,35110.27,70,8,46,2347.52,0.7574574515151821,5,0.21771438795793538,0.880511863378444,51.03,11998.44,122.11
CUST_0666,D,48,M,Grocery,4,85522.49,24,345,4,3114.51,0.19390927126989788,6,0.3204558611041595,0.6306213885062322,778.63,36.01,8.9
CUST_0667,A,31,F,Beauty,2,93194.43,80,4,32,14629.9,0.10344860135447924,8,0.017125098882454254,0.5337197464385423,457.18,93631.36,93.67
CUST_0668,D,18,F,Clothing,4,130332.6,29,182,4,1718.63,0.04627514336781015,11,0.36093593660577666,0.5889849732234239,429.66,37.57,8.33
CUST_0669,A,50,F,Sports,2,74726.13,82,2,47,7156.38,0.0032140076082959085,7,0.041162786405656446,0.4499441369104809,152.26,112116.62,147.0
CUST_0670,A,62,M,Electronics,0,145193.06,77,25,41,3483.27,0.050801480752813974,10,0.02150595071585092,0.7517482567381524,84.96,5492.85,101.03
CUST_0671,B,47,F,Home,2,46322.52,55,126,6,369.58,0.41638667241083865,2,0.09656164433685227,0.36554786638930475,61.6,17.46,14.1
CUST_0672,D,36,F,Clothing,0,130882.15,26,245,1,6466.99,0.12333481164954017,9,0.21890701247414032,0.4932590343047348,6466.99,26.29,12.27
CUST_0673,C,50,M,Sports,0,27924.55,66,4,47,2696.37,0.9686334057785929,4,0.22245152741302168,0.44067496020022245,57.37,25345.88,127.81
CUST_0674,B,47,F,Books,0,34714.14,40,86,4,515.79,0.2947293224335372,2,0.1473368061166538,0.2884622453183802,128.95,23.71,14.93
CUST_0675,B,48,F,Grocery,1,31113.25,45,106,5,500.56,0.33670224166722407,1,0.08898177300561838,0.3884980640203662,100.11,23.39,15.71
CUST_0676,B,23,F,Home,1,56857.32,54,73,12,517.18,0.4729505288672275,0,0.06849061444820674,0.5770722325236702,43.1,83.87,33.91
CUST_0677,D,29,F,Grocery,1,70592.06,10,240,2,3385.01,0.044378957540119925,9,0.241818803644825,0.3081076651144951,1692.5,28.09,7.58
CUST_0678,A,49,M,Beauty,2,87613.23,81,14,59,13379.26,0.09912542620819319,7,0.030765476828670233,0.4666141732964679,226.77,52625.09,128.48
CUST_0679,C,18,M,Clothing,3,36262.06,52,29,54,2182.97,0.9535286084168466,5,0.23093676172271,0.6515318926091391,40.43,3929.35,115.48
CUST_0680,E,18,F,Home,4,35936.87,74,28,10,182.93,0.44502536913153856,1,0.08991501412271137,0.7103275138746148,18.29,63.08,25.78
CUST_0681,D,54,F,Electronics,1,105114.01,15,306,2,2696.52,0.15540510526057078,7,0.2231422149465368,0.38579298668689826,1348.26,17.57,9.04
CUST_0682,C,21,F,Beauty,3,39640.22,57,19,38,602.58,0.6125923654293713,5,0.2541640544707915,0.854595205760216,15.86,1144.9,89.36
CUST_0683,B,45,M,Sports,3,44303.07,55,155,10,1213.25,0.28120291609114034,2,0.112469526580414,0.47673644253945274,121.32,77.77,21.18
CUST_0684,E,21,M,Beauty,1,31554.88,80,48,23,393.9,0.7192965610906099,1,0.07803926386823122,0.8007833601062563,17.13,184.89,61.1
CUST_0685,E,34,F,Electronics,0,15904.61,72,10,19,689.38,0.8137491318209739,1,0.03901060014663974,0.905914753846943,36.28,1190.75,66.12
CUST_0686,D,45,F,Electronics,3,120824.0,8,355,5,2202.91,0.11078742202901093,5,0.27693657098689006,0.6345167305310006,440.58,30.94,13.97
CUST_0687,D,33,M,Sports,3,130027.87,11,283,1,5066.26,0.12207345974901102,11,0.1803819941221348,0.4222064620747978,5066.26,17.84,1.8
CUST_0688,D,34,M,Electronics,0,80614.05,34,305,2,6352.39,0.1395699965332508,5,0.3330861397245043,0.4103454003935051,3176.2,41.52,12.53
CUST_0689,D,52,M,Beauty,0,136023.0,20,223,5,4448.36,0.17660617402221113,3,0.2282830790823748,0.3284467915736004,889.67,99.29,17.02
CUST_0690,D,36,F,Home,2,82531.85,20,259,2,6208.69,0.1693239040398422,7,0.3340100109287087,0.5242942072902315,3104.34,47.76,8.87
CUST_0691,A,52,M,Clothing,4,190755.35,82,2,51,12029.21,0.09262198561571944,8,0.03956515475302688,0.5896415705753824,235.87,204496.57,151.79
CUST_0692,B,51,M,Electronics,2,53079.98,36,87,7,776.66,0.3303036152117698,2,0.11277884448848258,0.3162324933492387,110.95,61.78,15.47
CUST_0693,B,58,F,Beauty,0,46345.41,64,104,12,1243.47,0.22605619577469674,1,0.1295154142680583,0.552278627267654,103.62,142.11,36.01
CUST_0694,C,28,F,Beauty,1,45523.73,70,11,24,811.37,0.6380390090338532,4,0.15585672800223327,0.5721079003242281,33.81,1622.74,65.53
CUST_0695,C,59,F,Electronics,1,49291.03,63,38,60,2216.55,0.9671923782437701,2,0.2591371061935883,0.5789516080804958,36.94,3410.08,131.21
CUST_0696,D,42,F,Grocery,1,70971.71,32,289,3,8044.88,0.05826741898645122,11,0.28209846479634604,0.5331040653510851,2681.63,83.22,14.01
CUST_0697,A,60,F,Beauty,5,77508.36,100,8,74,6208.99,0.0,13,0.020452555919799435,0.8308419174585524,83.91,51051.7,162.12
CUST_0698,C,36,F,Sports,4,45992.39,45,20,55,659.02,0.8595167225284789,2,0.2765474857302975,0.700867413435007,11.98,1726.0,117.02
CUST_0699,B,20,F,Clothing,3,38859.31,45,170,14,706.7,0.2589333132667411,1,0.095822811267801,0.3002656192374008,50.48,57.86,25.59
CUST_0700,A,53,M,Clothing,1,172935.09,83,3,73,3542.18,0.056997118912852494,13,0.012981232887928358,0.6740539938407262,48.52,64644.78,189.81
CUST_0701,E,24,M,Clothing,3,16464.01,66,22,14,592.79,0.7227020196653672,0,0.08191826252955955,0.7508204494879941,42.34,360.83,38.56
CUST_0702,E,31,F,Electronics,1,28057.57,62,18,17,215.03,0.7377554293811969,1,0.038755129460258095,0.7650599677813209,12.65,192.4,51.86
CUST_0703,B,48,F,Home,1,46072.09,54,64,11,1145.18,0.4686485442605668,2,0.09526856480075535,0.5700742853056906,104.11,193.8,31.96
CUST_0704,E,38,M,Sports,3,19462.17,88,48,14,516.97,0.5844099931312386,0,0.046972899831695655,0.9343428762911593,36.93,147.71,39.77
CUST_0705,A,55,F,Beauty,3,138097.67,98,13,39,14013.86,0.04396361048886149,11,0.040376774321055325,0.5821815675502681,359.33,39038.61,88.34
CUST_0706,D,23,F,Sports,4,133305.97,14,267,5,1834.79,0.032390618995737384,11,0.2642161350697727,0.48276873671138465,366.96,34.23,8.03
CUST_0707,B,66,F,Home,3,47978.83,35,123,3,1063.07,0.4685547531239478,2,0.06081898835070557,0.1877586357784083,354.36,25.72,1.57
CUST_0708,B,38,F,Electronics,4,54315.91,41,109,4,419.58,0.3888817483938055,1,0.12393392012621417,0.4582103659958171,104.9,15.26,6.08
CUST_0709,A,18,F,Clothing,1,144386.3,88,30,64,8188.99,0.05466407940335383,8,0.03573973440896796,0.6899932909818363,127.95,16906.3,142.13
CUST_0710,A,74,F,Books,0,90440.16,95,24,42,4795.93,0.055719465808979324,9,0.009498961167905605,0.5764126103471232,114.19,8057.16,99.69
CUST_0711,C,50,M,Clothing,3,46237.55,61,44,58,1656.77,0.9580841406128057,3,0.18377936856067334,0.3958402352411951,28.56,2135.39,117.19
CUST_0712,C,55,F,Clothing,1,45873.94,62,26,19,1475.58,0.7781493037073748,5,0.13062684758037468,0.8559107310736945,77.66,1038.37,55.96
CUST_0713,C,34,M,Sports,0,41288.61,54,43,22,2298.52,0.9210381250677332,1,0.16640593956763647,0.6392585130700161,104.48,1149.26,59.11
CUST_0714,A,45,F,Clothing,2,150604.29,96,11,47,4274.4,0.016833832817008385,14,0.043808897373499744,0.5303107225844691,90.94,16741.4,107.7
CUST_0715,B,39,M,Beauty,0,33377.33,59,86,10,572.65,0.24278556516549668,0,0.11515941577192593,0.39755595005119004,57.26,65.82,29.11
CUST_0716,B,62,F,Home,2,58393.96,52,65,10,1130.04,0.3620252546761944,0,0.10686932736776983,0.2299601099506642,113.0,171.22,20.14
CUST_0717,D,28,F,Clothing,2,99464.42,23,199,4,2749.94,0.140395640238149,4,0.32301202045960486,0.45684297394369433,687.48,55.0,11.64
CUST_0718,A,30,M,Beauty,3,93128.39,86,23,67,5111.0,0.1039206172186574,15,0.015129419038047234,0.6259395959963185,76.28,14268.21,141.87
CUST_0719,B,22,M,Books,2,34964.35,41,173,8,589.14,0.23220802891730752,1,0.05742516924874902,0.4942972538635039,73.64,27.09,20.46
CUST_0720,C,28,M,Electronics,1,31350.61,54,4,18,1390.08,0.957011004392033,7,0.10831449154416951,0.6828898588435407,77.23,5004.29,71.66
CUST_0721,A,18,M,Grocery,6,137036.86,95,8,69,8255.39,0.10030473854297695,12,0.005752999253866903,0.7853060515438409,119.64,63291.32,148.21
CUST_0722,D,28,M,Sports,3,90274.99,24,288,6,5411.36,0.07696771009882977,8,0.2999498170386032,0.34357343669673746,901.89,112.35,10.22
CUST_0723,B,46,M,Books,0,58239.97,50,153,3,594.78,0.2600979418762233,1,0.09730533347886576,0.5012344910892488,198.26,11.59,16.68
CUST_0724,D,33,M,Home,2,139737.31,10,314,2,6823.38,0.13855968245131176,11,0.21701048586899,0.4648526581881588,3411.69,43.32,7.62
CUST_0725,C,42,M,Beauty,0,23565.7,59,22,23,1346.83,0.6441045758946142,5,0.145902488177822,0.5665598031374014,58.56,1346.83,61.88
CUST_0726,B,38,F,Clothing,4,37911.85,48,118,10,731.74,0.31830296840822786,0,0.08441469580927184,0.3001508878069476,73.17,61.49,14.85
CUST_0727,A,66,F,Sports,1,190091.87,81,19,60,4694.0,0.08880268342121511,8,0.0015736349107969094,0.447066393987188,78.23,14082.0,131.2
CUST_0728,C,59,M,Beauty,1,31648.17,57,18,52,2831.47,0.8268727213772833,5,0.15112768795563927,0.5901073924834587,54.45,7749.29,118.36
CUST_0729,B,43,M,Electronics,1,30112.3,55,80,8,1193.31,0.2999479594133133,2,0.07003324744813282,0.35801315545466006,149.16,117.86,21.41
CUST_0730,C,23,F,Grocery,1,21077.29,42,37,52,1675.03,0.7187404869756654,2,0.20930306918477448,0.8480836306419779,32.21,2292.15,120.66
CUST_0731,A,37,F,Clothing,0,125588.47,83,20,38,13408.38,0.08381509142843403,14,0.0034933447647481114,0.39379210976952916,352.85,24262.78,88.88
CUST_0732,B,49,M,Beauty,0,37947.26,57,105,10,730.96,0.39691134293683,2,0.05432195939511411,0.5470427430155153,73.1,68.96,31.89
CUST_0733,A,57,F,Grocery,1,191612.16,76,9,37,12871.98,0.05400444697956113,8,0.029337252218960934,0.7563207944198482,347.89,47626.33,97.24
CUST_0734,B,65,M,Books,1,42946.41,49,71,9,445.82,0.27441929479838617,0,0.05877849728799335,0.3077688220730987,49.54,55.73,22.56
CUST_0735,C,54,F,Electronics,2,22686.76,38,47,22,2566.92,0.7368443958407921,7,0.2702417135360855,0.879239501908299,116.68,1176.51,57.71
CUST_0736,B,40,F,Home,3,42217.36,56,156,8,769.91,0.2259757337324889,2,0.14959242259071254,0.4770202672700461,96.24,39.23,17.18
CUST_0737,D,25,F,Clothing,4,125802.14,22,214,4,2686.41,0.02854806713752176,3,0.33745483483053196,0.6348056739787049,671.6,49.98,9.16
CUST_0738,C,55,F,Home,6,32901.54,60,4,53,976.7,0.8728910551486851,3,0.11852861917070029,0.51070016899402,18.43,10353.02,123.21
CUST_0739,A,45,F,Beauty,1,113246.73,77,4,40,11644.01,0.06638464503610632,10,0.0014981542683003986,0.49883467118752944,291.1,93152.08,111.98
CUST_0740,B,53,M,Books,1,35568.38,35,149,10,455.08,0.26222363236272284,1,0.09692106949333379,0.48530144902657285,45.51,30.34,27.38
CUST_0741,A,24,F,Sports,5,122747.29,98,15,68,4083.01,0.030924397716317237,12,0.003201090223391755,0.45853992331888727,60.04,17352.79,136.84
CUST_0742,C,42,M,Home,1,40712.8,68,8,57,1270.59,0.9290108695546383,6,0.24789541664089385,0.6154750300861327,22.29,8047.07,135.81
CUST_0743,A,48,M,Grocery,5,89219.22,79,3,64,13084.76,0.09615418517922153,13,0.03110017760446457,0.6920190990689175,204.45,209356.16,160.17
CUST_0744,A,35,M,Sports,2,113541.61,99,4,32,5935.36,0.07175664870536774,12,0.018588526710509593,0.7209570684956738,185.48,37986.3,97.42
CUST_0745,A,46,M,Beauty,0,160442.85,95,8,31,8510.52,0.08195589220972863,10,0.0,0.7166381042210923,274.53,29314.01,88.83
CUST_0746,B,54,M,Grocery,0,50860.62,63,143,10,687.5,0.4797163844655731,1,0.09983669730537333,0.5721488903134002,68.75,47.74,32.14
CUST_0747,A,32,F,Electronics,0,185737.6,97,11,60,11061.4,0.03193686677821559,14,0.040285534030534934,0.517388145622025,184.36,55307.0,139.44
CUST_0748,B,42,M,Home,5,46206.51,45,63,3,716.33,0.3942587123010201,2,0.06233795428920657,0.26038647497289114,238.78,33.58,0.0
CUST_0749,C,43,F,Home,3,46789.54,64,34,35,2489.83,0.6287371002836362,3,0.23136527889698025,0.6224319378905865,71.14,2489.83,76.39
CUST_0750,C,29,F,Electronics,1,29739.02,51,14,25,825.45,0.9403418106973751,2,0.13202936230789297,0.4512540520781055,33.02,1375.75,63.17
CUST_0751,D,42,M,Clothing,5,85042.59,29,208,3,4286.46,0.1680216191723874,5,0.29767810855648563,0.41331682441195855,1428.82,61.53,0.0
CUST_0752,C,29,M,Books,3,35670.6,59,16,24,2540.1,0.9376191603370153,6,0.23524635049935913,0.5091958119041666,105.84,3586.02,55.43
CUST_0753,D,37,M,Electronics,2,114212.43,37,207,1,5700.9,0.07917533832201287,8,0.30248926244315566,0.7127398120438568,5700.9,27.41,10.74
CUST_0754,B,45,M,Clothing,0,56799.52,65,149,14,617.57,0.33295695531219427,0,0.12699575246846692,0.4164171631929293,44.11,57.64,37.0
CUST_0755,E,64,M,Home,2,17355.56,82,29,22,433.69,0.6884510719008254,0,0.028435009093245176,0.8529454884802166,19.71,318.04,58.51
CUST_0756,A,75,M,Books,0,105583.71,96,15,42,3987.71,0.07425506209485888,8,0.006701620395276613,0.5292041845547584,94.95,10467.74,101.25
CUST_0757,C,56,F,Clothing,0,42650.56,67,34,51,2134.13,0.7222685247888168,6,0.26511148637133825,0.47646105028884533,41.85,3109.73,114.47
CUST_0758,E,37,F,Electronics,3,31646.13,83,13,25,767.83,0.5246229463825802,1,0.07710609585509298,0.8101715452643702,30.71,1371.12,64.9
CUST_0759,C,24,F,Home,0,48716.14,53,1,49,816.94,0.7958974550475773,6,0.2593498854309544,0.7154714952659554,16.67,20015.03,200.0
CUST_0760,C,37,M,Home,0,20550.93,53,7,26,2893.43,0.9847219682792618,5,0.14373177042184607,0.5592422222541525,111.29,9403.65,77.47
CUST_0761,D,45,F,Sports,1,100276.99,17,185,3,7843.02,0.08439759361320898,4,0.4049179519052216,0.5801327509968746,2614.34,126.5,15.14
CUST_0762,B,48,F,Grocery,0,56078.07,63,143,5,883.85,0.31247825150945513,1,0.1193547070281735,0.5767505256786333,176.77,30.69,22.23
CUST_0763,A,23,M,Grocery,0,197415.8,83,9,45,7215.08,0.05481578960399172,7,0.010807591874373435,0.49433723407653396,160.34,32467.86,111.0
CUST_0764,D,50,M,Beauty,0,113453.01,30,363,4,3074.74,0.19736028706810554,9,0.3587594996608551,0.6648211214821588,768.68,33.79,21.57
CUST_0765,E,48,M,Electronics,1,24325.1,70,8,10,143.12,0.7151528426657275,1,0.06638064841243574,0.8596964661475225,14.31,159.02,46.69
CUST_0766,C,56,F,Clothing,1,39931.46,47,42,22,942.61,0.7625579020936171,7,0.1725717933272976,0.7958413800426027,42.85,482.27,59.3
CUST_0767,E,31,M,Sports,0,17887.22,91,1,11,403.58,0.7185180538504511,0,0.06823075565531753,0.7357153186590798,36.69,2219.69,136.71
CUST_0768,D,71,M,Sports,0,89345.79,22,244,2,1267.1,0.05799479173261952,8,0.22730478820939745,0.48148046512284554,633.55,10.34,14.04
CUST_0769,B,20,F,Home,3,56295.12,50,108,11,646.62,0.4127878836308064,0,0.057310780923644625,0.5000941034508123,58.78,65.26,23.93
CUST_0770,C,26,F,Home,4,44998.38,44,20,31,648.38,0.8225383588763381,2,0.2884599375306104,0.8789937965585943,20.92,957.13,72.58
CUST_0771,A,53,M,Electronics,3,179076.65,100,11,67,6867.46,0.06755763442618172,7,0.0023206766093315104,0.5145636911048738,102.5,38343.32,144.38
CUST_0772,C,41,M,Electronics,0,33551.66,49,27,55,906.37,0.8537596025508167,7,0.2646065494377939,0.5820217493407264,16.48,1780.37,125.34
CUST_0773,C,46,F,Clothing,0,43398.14,68,30,28,2913.91,0.7663090690024585,6,0.2924928272500176,0.8802495019278722,104.07,2631.92,76.94
CUST_0774,D,38,M,Sports,8,136842.98,34,263,5,2676.42,0.034667847510595116,9,0.20204599385989636,0.3888566212976769,535.28,50.69,0.0
CUST_0775,A,52,M,Beauty,2,156270.78,89,28,72,3628.47,0.044549738326641435,6,0.02102424927877913,0.7747986020689825,50.4,9008.62,157.07
CUST_0776,B,47,M,Beauty,0,54943.65,61,96,10,465.88,0.4796566897979013,2,0.08139184144687714,0.6205964391517057,46.59,48.03,33.45
CUST_0777,E,55,M,Beauty,0,34416.48,79,10,16,248.18,0.7309506635934208,1,0.09209263292819117,0.8038663151998173,15.51,360.99,58.08
CUST_0778,C,34,F,Electronics,3,34080.49,41,10,46,1353.49,0.8089067499773185,2,0.17110936318765307,0.43157059704620826,29.42,5660.05,101.63
CUST_0779,A,49,F,Electronics,3,112035.06,83,7,74,12420.26,0.041421445065928514,10,0.04526840181185375,0.6108370666540165,167.84,114887.4,165.5
CUST_0780,B,42,M,Sports,1,54899.58,55,150,4,856.65,0.2472470984262788,2,0.10904568810691094,0.6041049382339673,214.16,22.69,17.75
CUST_0781,B,30,F,Books,4,36948.6,38,74,13,576.77,0.34989617301348835,2,0.10872352169669755,0.21733445037122046,44.37,99.97,19.7
CUST_0782,A,42,F,Beauty,4,110228.5,84,4,42,5501.03,0.09907583718057444,5,0.006231925295094242,0.5228424228182915,130.98,46208.65,107.46
CUST_0783,B,68,F,Books,5,44300.54,55,181,4,829.63,0.24781875455756253,1,0.08362924891922399,0.31573377298837624,207.41,18.23,0.0
CUST_0784,C,26,M,Beauty,2,52370.35,67,3,58,1621.93,0.788362593544631,1,0.1585215086249582,0.5040042701226998,27.96,23517.98,153.41
CUST_0785,A,30,M,Home,3,147743.43,89,22,48,6710.72,0.04046102381822239,5,0.0284716361927369,0.6919551456877172,139.81,14004.98,105.38
CUST_0786,D,44,M,Clothing,1,73466.33,31,194,5,3531.68,0.21754837889616066,2,0.17341516361023243,0.4074114018390005,706.34,90.56,15.66
CUST_0787,B,50,F,Electronics,0,54449.24,38,54,8,980.1,0.221510137125455,2,0.14044737175221303,0.47296109925472446,122.51,142.56,27.31
CUST_0788,B,33,F,Clothing,1,44679.35,61,82,12,688.13,0.32703410118173504,2,0.133484873035769,0.4053386917240342,57.34,99.49,30.33
CUST_0789,C,61,F,Electronics,2,22126.71,52,7,25,2391.69,0.6242819837885539,2,0.11087016830178081,0.4135151830665068,95.67,7474.03,66.56
CUST_0790,C,34,F,Home,4,23761.67,48,28,45,2869.15,0.6109296559853156,1,0.14387620872496848,0.6921693482965946,63.76,4452.13,95.41
CUST_0791,D,35,F,Electronics,2,107284.05,25,201,1,6069.76,0.1996117311278724,11,0.31423610562099447,0.5859904892869613,6069.76,30.05,8.22
CUST_0792,E,50,M,Electronics,1,21932.45,69,1,18,521.64,0.4634334246079959,1,0.02568130577382484,0.7275471465881391,28.98,4694.76,147.55
CUST_0793,C,20,F,Books,2,42370.89,47,29,59,1431.03,0.9335051034864199,2,0.2563557511056199,0.43959765998743894,24.25,2814.36,124.24
CUST_0794,C,41,F,Books,4,39877.17,49,5,28,717.33,0.8123807334921018,2,0.2742675693565422,0.6033744244028101,25.62,3347.54,76.07
CUST_0795,A,53,F,Books,0,102029.01,80,9,50,4307.41,0.025214591220238693,8,0.03638640904143475,0.7463002036874555,86.15,21537.05,126.04
CUST_0796,C,60,F,Home,1,26949.96,53,14,53,1423.6,0.6456721363311317,6,0.15772097661366405,0.559296555582454,26.86,5030.05,121.33
CUST_0797,B,27,M,Clothing,2,42481.54,61,110,5,1042.66,0.4466298527600411,1,0.11677222097861054,0.5817049761486107,208.53,46.97,16.54
CUST_0798,C,53,F,Beauty,4,24592.03,40,33,25,894.62,0.8762842522339105,2,0.11292837636131518,0.5582209367836788,35.78,657.81,52.19
CUST_0799,C,34,F,Home,0,22249.42,60,4,22,2667.0,0.8339640369548398,7,0.13633217909557768,0.49264829081040623,121.23,11734.8,78.85
CUST_0800,A,44,M,Clothing,2,167272.4,79,6,56,6257.25,0.05277887797979592,11,0.017847247290335662,0.48788065431798566,111.74,50058.0,132.42
CUST_0801,B,43,M,Home,3,48006.05,53,128,3,1131.47,0.315348185878713,0,0.12564720030261484,0.43165859456421785,377.16,26.31,6.41
CUST_0802,C,36,M,Home,2,24782.06,63,20,48,2307.62,0.665099959408504,3,0.1812912545616609,0.4930031996417303,48.08,5274.56,104.86
CUST_0803,A,47,M,Electronics,6,100649.17,78,17,62,9583.48,0.05339259308444792,14,0.04542010778772104,0.7024028868494164,154.57,33009.76,125.93
CUST_0804,A,29,M,Beauty,0,97034.53,93,1,51,4778.26,0.07731845917241044,14,0.04662690429531805,0.6860962274788456,93.69,121845.63,200.0
CUST_0805,E,40,F,Books,4,28949.08,78,22,18,345.03,0.5078846842015542,0,0.05944580626881631,0.8353613171278531,19.17,270.02,45.25
CUST_0806,B,34,F,Beauty,3,53975.98,41,165,7,630.28,0.28223108542843145,2,0.08921549448503074,0.2666554764589418,90.04,26.58,10.94
CUST_0807,A,28,M,Electronics,1,162348.29,99,21,59,10041.16,0.091322980899787,14,0.030654811554400675,0.6808507783973601,170.19,26928.57,133.38
CUST_0808,D,55,F,Grocery,0,73919.08,22,191,5,6680.2,0.16243314901825706,8,0.1492903766270088,0.3907580637723952,1336.04,173.96,18.34
CUST_0809,B,30,F,Sports,3,54073.25,48,95,14,628.35,0.29023144643367743,1,0.08935813879051518,0.4732466610661702,44.88,91.63,29.52
CUST_0810,B,48,F,Home,3,46089.45,47,60,11,419.32,0.5018651050648193,0,0.1331687253850787,0.402240403141396,38.12,75.62,22.71
CUST_0811,D,63,F,Grocery,0,111875.98,28,290,3,1987.19,0.11337091009495495,11,0.28082454211063,0.37943144710477394,662.4,20.49,13.93
CUST_0812,A,75,M,Electronics,2,93542.5,97,21,33,4482.5,0.0856198226348021,11,0.016650633920731864,0.6587918809505378,135.83,6723.75,77.94
CUST_0813,D,18,F,Beauty,3,95259.94,25,355,5,3322.41,0.11804748578341992,5,0.2097297848544028,0.6643868644330723,664.48,46.66,14.57
CUST_0814,A,44,F,Grocery,8,152193.62,93,3,60,6398.85,0.03909431318208219,8,0.02861447651289844,0.6400029084624405,106.65,95982.75,142.13
CUST_0815,E,23,F,Grocery,1,30896.94,78,50,21,133.78,0.4844141512648714,1,0.09004722115832872,0.9606208742845781,6.37,55.09,60.21
CUST_0816,C,42,F,Electronics,1,43597.52,46,28,42,1095.5,0.7165362008825183,6,0.25150925861164847,0.6620888748463636,26.08,1586.59,97.81
CUST_0817,E,57,M,Grocery,0,35151.24,60,14,12,254.37,0.35016570845566847,1,0.020492417449492737,0.723130284484371,21.2,203.5,45.61
CUST_0818,D,40,F,Grocery,2,121464.81,11,320,2,4429.4,0.07652129874265554,10,0.18026317474606915,0.3422787720795739,2214.7,27.6,5.16
CUST_0819,C,60,M,Home,2,44063.08,72,44,18,1873.95,0.9742220842695254,3,0.10630930367288764,0.6772856437742644,104.11,749.58,45.82
CUST_0820,D,33,M,Home,0,121243.42,14,364,3,2873.71,0.18922161694786563,7,0.21720796465814263,0.5667708878531732,957.9,23.62,17.61
CUST_0821,E,18,M,Sports,3,32702.82,63,58,10,643.58,0.826075638799162,2,0.06398857537395923,0.8096661415498851,64.36,109.08,28.92
CUST_0822,B,47,F,Electronics,0,59769.42,36,137,7,288.15,0.3331801622372702,0,0.10785126345314086,0.23000198250893067,41.16,14.62,19.33
CUST_0823,E,53,M,Beauty,0,26561.89,76,39,11,571.31,0.5232231789642364,1,0.09648767640465969,0.7108315658310319,51.94,157.11,38.78
CUST_0824,B,23,F,Beauty,1,35170.97,58,118,5,739.01,0.23578741726199712,1,0.06595193943774073,0.610843679843509,147.8,31.05,20.06
CUST_0825,B,50,F,Grocery,3,43087.45,38,115,5,1099.42,0.47574458323120833,1,0.12448880228248112,0.4833071993275534,219.88,47.39,11.54
CUST_0826,A,35,M,Sports,1,163062.2,82,28,30,8275.97,0.019213120419392826,8,0.031184539816214524,0.4236747338649166,275.87,8561.35,69.04
CUST_0827,D,65,F,Grocery,4,127170.63,22,221,5,5692.94,0.14541191669902828,9,0.2817180534847464,0.5342019794251391,1138.59,128.22,9.14
CUST_0828,D,69,M,Home,4,132517.71,23,241,4,5293.5,0.017204546399690192,4,0.2538063986143789,0.7018778163169346,1323.38,87.5,10.45
CUST_0829,A,62,F,Books,1,196945.14,95,5,38,12392.09,0.06475254535408607,13,0.025105420007580016,0.4997208427003542,326.11,78483.24,102.99
CUST_0830,B,18,M,Sports,4,41113.12,49,68,11,961.68,0.2969342912049369,1,0.09102575665197883,0.5926764751478112,87.43,153.31,23.32
CUST_0831,C,44,M,Grocery,0,22722.51,61,17,44,2693.63,0.9098133012785661,2,0.27823366918815146,0.7318257030786945,61.22,6584.43,108.52
CUST_0832,A,35,F,Home,1,78786.08,78,3,52,9232.97,0.09100022479958904,6,0.004355130238319719,0.5160268613127503,177.56,120028.61,144.65
CUST_0833,B,25,F,Sports,0,40537.04,50,102,8,983.72,0.3484118376857185,1,0.04966609788357415,0.4034760984353195,122.96,76.41,25.05
CUST_0834,B,48,M,Home,2,53437.72,54,147,6,858.43,0.4424244775697078,2,0.10785069075786274,0.27899224977766623,143.07,34.8,12.26
CUST_0835,C,50,F,Beauty,1,34516.51,44,5,34,2961.48,0.7819860170766583,4,0.1317430359412357,0.8094097202272523,87.1,16781.72,101.19
CUST_0836,B,33,F,Sports,0,48578.75,46,174,15,904.46,0.34420361214539796,1,0.09597453642984284,0.5290102218852354,60.3,77.53,41.15
CUST_0837,A,35,F,Grocery,1,180579.64,79,22,35,10994.56,0.01464103519144135,13,0.01080813351936455,0.6229993528307748,314.13,16730.85,84.01
CUST_0838,C,30,F,Electronics,4,37313.48,61,26,53,3109.96,0.7112060448689115,3,0.21637692561003935,0.8854003785782402,58.68,6104.74,115.55
CUST_0839,A,69,M,Beauty,0,162999.64,97,18,37,14407.02,0.010388179211175762,8,0.02533523402393744,0.5761983621954154,389.38,28055.78,91.08
CUST_0840,C,35,F,Home,5,28906.29,42,21,29,1082.87,0.740752722850321,3,0.12359845349165503,0.6223397240886249,37.34,1427.42,60.21
CUST_0841,B,57,M,Clothing,0,56287.13,52,84,11,739.56,0.39716589807428915,0,0.12269215524951134,0.567118102006214,67.23,95.71,34.53
CUST_0842,C,21,F,Beauty,2,37864.62,50,26,55,2913.26,0.7614149253028639,7,0.1601950156267124,0.5519516995437118,52.97,5934.42,118.89
CUST_0843,E,29,F,Beauty,0,17887.91,69,24,10,291.65,0.3236476796535148,0,0.06242248923964029,0.8292652712551193,29.16,116.66,40.75
CUST_0844,B,59,F,Electronics,3,60520.39,39,82,4,1092.9,0.28187812365272036,2,0.15261624769127324,0.49480252866021157,273.23,52.67,10.12
CUST_0845,C,36,M,Home,0,37602.46,67,12,42,2952.72,0.874877754612647,6,0.18570896757972663,0.609164878534112,70.3,9539.56,104.52
CUST_0846,B,38,F,Clothing,4,50510.35,55,119,5,736.16,0.41545436849025674,0,0.11021169732499726,0.42294691559738834,147.23,30.67,7.3
CUST_0847,A,51,F,Home,3,172586.64,89,14,48,3099.5,0.051094331901405596,13,0.011533785889827904,0.4661182871434768,64.57,9918.4,103.47
CUST_0848,E,46,F,Grocery,2,21729.79,67,42,10,533.88,0.37064028065867705,0,0.09357454995044957,0.8680689930347524,53.39,124.16,33.74
CUST_0849,C,18,M,Grocery,4,35737.16,60,13,49,2627.66,0.941896100871934,2,0.22682924546866146,0.7744322185779152,53.63,9196.81,109.18
CUST_0850,A,26,M,Books,0,200598.36,91,8,40,3101.57,0.02221076560148326,10,0.02601579622643098,0.5960199788646202,77.54,13784.76,104.42
CUST_0851,C,43,M,Beauty,0,50384.22,69,8,37,1344.75,0.7501595686269261,3,0.2773407302977826,0.5748880020504572,36.34,5528.42,98.0
CUST_0852,C,41,M,Beauty,1,42584.61,57,6,32,1388.16,0.9639119909765756,2,0.13997230621936319,0.7184342549657602,43.38,6345.87,92.04
CUST_0853,B,47,F,Home,3,44720.96,46,155,4,569.76,0.4684612188304517,3,0.07760782499884031,0.3314159320133631,142.44,14.61,6.27
CUST_0854,B,21,M,Home,0,34818.36,42,129,9,236.63,0.30555397548396923,3,0.10078726181142017,0.49535095590459033,26.29,16.38,28.68
CUST_0855,B,47,M,Clothing,4,33108.36,51,129,5,977.5,0.28124117471503307,2,0.14832048933032652,0.27780778357977565,195.5,37.6,4.33
CUST_0856,D,45,F,Books,1,107657.26,32,216,5,3172.89,0.02565901184778993,12,0.3424484754292666,0.5385788345235476,634.58,73.11,18.23
CUST_0857,E,23,M,Beauty,0,22595.06,81,8,11,219.9,0.5284744950673179,0,0.013488967484583938,0.6868250485883745,19.99,268.77,48.24
CUST_0858,B,47,M,Clothing,5,57549.38,41,79,12,552.79,0.2367719676955433,2,0.06420711738951268,0.21280802944735983,46.07,82.92,14.52
CUST_0859,A,47,F,Clothing,5,156744.26,82,30,38,7079.01,0.09189075642220362,11,0.03231344305519248,0.6220233508462163,186.29,8677.5,76.77
CUST_0860,E,42,F,Clothing,3,17017.75,67,9,21,646.2,0.6106052837506177,1,0.0,0.9456927119148628,30.77,1357.02,63.02
CUST_0861,B,25,M,Clothing,2,53289.34,44,99,12,287.71,0.30743495276100263,2,0.1264854483905581,0.34319094682628803,23.98,34.53,25.87
CUST_0862,B,41,F,Grocery,3,40346.05,51,68,12,252.85,0.47940521661464436,2,0.12237484308748486,0.3204091358091824,21.07,43.97,22.88
CUST_0863,A,45,F,Grocery,2,82097.11,96,7,31,4354.11,0.07229372478460737,14,0.013448958392437626,0.5625576044640612,140.46,16872.18,81.54
CUST_0864,C,32,M,Home,3,41424.39,39,4,38,2344.96,0.9063289005411327,5,0.26544238990604685,0.49859461555587575,61.71,17821.7,101.97
CUST_0865,D,39,F,Grocery,3,119142.91,11,288,1,5700.83,0.05852539041092658,11,0.3808475424556165,0.5343352508951961,5700.83,19.73,4.03
CUST_0866,A,66,F,Beauty,5,173432.99,91,4,42,12460.82,0.10990704657091745,13,0.008351801370349972,0.6141954178870556,296.69,104670.89,106.28
CUST_0867,B,37,F,Home,1,34736.81,55,124,9,1088.88,0.5058272766833737,2,0.05034951685468801,0.23024389541904694,120.99,78.4,20.41
CUST_0868,E,39,M,Home,0,16001.54,67,51,16,487.94,0.5936267077202065,1,0.03697042840745787,0.986111433517627,30.5,150.14,53.68
CUST_0869,B,36,F,Books,2,44075.01,34,101,11,803.52,0.24024703874013884,2,0.1041947126312249,0.20683554971416485,73.05,86.65,21.13
CUST_0870,E,41,M,Beauty,0,26184.14,67,22,13,799.39,0.8040402964105671,1,0.03537121899679122,0.7471514504455173,61.49,451.83,45.49
CUST_0871,B,18,F,Books,0,31561.23,60,109,13,403.73,0.22512875089885634,1,0.13024263041498213,0.3137560922682736,31.06,47.71,33.19
CUST_0872,D,36,M,Sports,0,132530.8,30,318,5,6853.06,0.10351754174759394,9,0.26144040607603225,0.5218748614905782,1370.61,107.41,20.75
CUST_0873,E,33,F,Home,4,19650.01,73,50,20,448.57,0.6217354095259301,1,0.0828244672432422,0.8746612272881796,22.43,175.91,47.49
CUST_0874,C,42,M,Beauty,3,38802.53,42,41,42,1241.01,1.0,7,0.21250926668574557,0.42195138375077135,29.55,1241.01,85.88
CUST_0875,B,59,F,Beauty,2,57327.19,41,62,14,847.86,0.4839117828633024,3,0.14470040118275776,0.4625868322001059,60.56,188.41,32.86
CUST_0876,B,42,F,Grocery,1,52509.32,53,133,10,583.56,0.37791304564228045,1,0.06603091791903411,0.4676774560203253,58.36,43.55,27.11
CUST_0877,A,38,F,Clothing,0,157599.8,86,15,41,12830.37,0.016476095813416483,9,0.0457002895472966,0.5626318923528856,312.94,32877.82,99.92
CUST_0878,A,30,F,Grocery,1,180811.56,78,8,47,7071.55,0.012029231082093566,11,0.02439251531400761,0.6482609132675169,150.46,36929.21,116.47
CUST_0879,B,52,F,Grocery,2,61206.89,44,98,3,957.37,0.24609310676024537,2,0.1444295564901284,0.5591571249243958,319.12,29.01,12.2
CUST_0880,D,27,F,Grocery,3,143506.35,11,315,2,4664.71,0.12892577550606749,10,0.38864918842649393,0.5658695690796861,2332.36,29.52,6.63
CUST_0881,E,40,F,Clothing,1,16136.95,67,19,11,345.9,0.5541145395164366,0,0.07870425107090377,0.9606518211952442,31.45,190.24,43.48
CUST_0882,C,48,F,Home,5,33202.41,49,21,29,1190.13,0.8846517435237198,5,0.20168810042437474,0.7116597121763345,41.04,1568.81,62.0
CUST_0883,D,34,M,Books,2,141655.16,15,304,4,7854.11,0.1170705771005885,2,0.3509878184881805,0.2982165540183248,1963.53,103.0,8.29
CUST_0884,C,33,M,Grocery,6,39546.66,69,24,57,1654.75,0.8629944319423027,5,0.27891409946705437,0.4650022733099598,29.03,3772.83,109.47
CUST_0885,B,33,M,Clothing,1,51871.07,43,162,8,302.23,0.21050674826113097,1,0.10425189556316773,0.48624414660175175,37.78,14.83,23.34
CUST_0886,E,37,F,Clothing,2,17146.46,65,37,18,301.2,0.40803543786059837,0,0.07734789255216754,0.8851983688977484,16.73,142.67,50.41
CUST_0887,C,37,F,Beauty,3,40100.66,40,11,36,1544.36,0.7226858394680402,4,0.2543921109204719,0.8165054622568904,42.9,4633.08,88.42
CUST_0888,C,57,M,Home,2,41078.11,49,22,52,1820.04,0.7878366602622138,5,0.24669414052803154,0.8810505043321223,35.0,4114.87,120.17
CUST_0889,B,38,F,Beauty,1,49938.82,41,96,4,326.58,0.32078056948192724,0,0.0711906296417822,0.26780708123890967,81.64,13.47,11.4
CUST_0890,A,21,F,Beauty,7,130584.78,91,11,30,5180.03,0.05895457673930286,10,0.04450318735558098,0.4775134060793602,172.67,12950.08,57.64
CUST_0891,D,38,F,Electronics,5,94961.21,16,310,2,6488.73,0.08121138659806472,6,0.17499400353331673,0.40481068033257733,3244.36,41.73,0.0
CUST_0892,D,59,F,Clothing,3,115841.88,21,182,3,7795.8,0.009309570934526149,7,0.2843230077852615,0.3542306479108705,2598.6,127.8,4.63
CUST_0893,B,34,M,Books,2,44517.52,51,158,6,1166.75,0.3245439677630739,0,0.10532023332552692,0.2562108946456347,194.46,44.03,11.76
CUST_0894,B,33,F,Clothing,0,51484.14,57,102,3,405.08,0.27869921416184523,1,0.11067077667069264,0.26107308556705505,135.03,11.8,12.2
CUST_0895,B,46,F,Beauty,1,49213.86,61,84,10,1020.03,0.31973301112838015,2,0.11733679464639077,0.47360184798014116,102.0,120.0,27.66
CUST_0896,D,22,F,Beauty,1,84673.6,12,325,3,2216.14,0.14910085150505667,3,0.3702706613364225,0.5400031373648744,738.71,20.39,14.11
CUST_0897,B,34,M,Clothing,0,46082.41,45,76,7,703.19,0.3572673706691479,0,0.12730635874296786,0.5257207019952584,100.46,63.93,25.83
CUST_0898,D,54,M,Beauty,3,79326.82,27,338,3,2710.05,0.029539273578815747,5,0.3092671150585635,0.5843853743596266,903.35,23.98,8.98
CUST_0899,B,40,F,Beauty,1,39808.52,35,153,11,528.09,0.3666454380331135,1,0.09235971829513843,0.22144884633010198,48.01,37.72,24.08
CUST_0900,A,46,M,Home,2,168119.84,90,7,77,10898.83,0.09942000793502039,11,0.010271984912770838,0.5877215618367795,141.54,104901.24,174.04
CUST_0901,C,35,F,Beauty,2,31720.97,52,5,42,799.59,0.8972055483453892,5,0.24456939538242606,0.795813763415537,19.04,5597.13,113.92
CUST_0902,C,21,F,Electronics,6,34020.29,51,29,59,881.25,0.9341966142095605,6,0.18245896646899515,0.5865322131021894,14.94,1733.12,115.18
CUST_0903,E,44,F,Grocery,2,16735.23,85,9,19,287.5,0.8023076094321054,1,0.06968002102185278,0.7110285167519315,15.13,546.25,57.33
CUST_0904,A,35,M,Books,0,164534.33,84,17,53,4065.63,0.02440625110272171,13,0.012439746650066483,0.7260137252757314,76.71,11971.02,126.4
CUST_0905,A,44,F,Books,1,144603.17,81,3,37,14138.19,0.02852345829966261,12,0.005950504705385206,0.6487221363017142,382.11,130778.26,117.31
CUST_0906,E,45,F,Beauty,0,15851.86,80,41,12,511.45,0.7862250978595009,0,0.00943963554561326,0.9420182708018272,42.62,146.13,45.28
CUST_0907,E,31,M,Grocery,4,16658.29,93,27,23,452.29,0.4414512276471624,0,0.06875486781244423,0.7543631687756737,19.66,371.52,52.79
CUST_0908,A,42,F,Beauty,1,199485.54,93,1,40,10055.29,0.05613925598655314,6,0.03463338441174614,0.4413168242384181,251.38,201105.8,185.83
CUST_0909,C,30,F,Electronics,0,29257.84,40,1,37,2047.83,0.6702598165124678,7,0.22144347512395485,0.7590042835982707,55.35,37884.85,189.18
CUST_0910,C,75,M,Beauty,5,45261.06,56,6,47,2059.66,0.6452806773398131,5,0.1704825646005327,0.7098249295168081,43.82,13829.15,109.86
CUST_0911,C,47,F,Grocery,1,33084.45,65,33,23,3050.01,0.6187597001473427,3,0.20461917491027887,0.7089780181994665,132.61,2063.24,60.21
CUST_0912,E,74,M,Grocery,2,31515.84,76,53,15,738.16,0.7197429638143086,0,0.030391150246422007,0.7724282869031827,49.21,205.04,41.34
CUST_0913,C,40,M,Grocery,1,25806.64,46,9,30,2638.57,0.598934030824731,7,0.17996059946371057,0.8239734057056075,87.95,7915.71,84.59
CUST_0914,D,38,F,Sports,3,141912.83,15,308,3,5405.3,0.12377489876809625,10,0.35962549409359984,0.4431308167183522,1801.77,52.48,6.19
CUST_0915,A,54,F,Beauty,1,193933.4,80,15,62,15261.68,0.08788535425920269,6,0.0013528021165166368,0.44077332389209484,246.16,59139.01,136.48
CUST_0916,B,37,M,Books,0,47584.51,47,120,2,447.51,0.48247090650059177,0,0.09578933500326806,0.5350331819595,223.76,7.4,15.53
CUST_0917,A,39,M,Books,2,116148.1,93,1,44,7884.86,0.06041694689477951,7,0.04224320180785127,0.6081721534259977,179.2,173466.92,194.16
CUST_0918,C,26,F,Clothing,2,26488.33,66,42,59,1220.02,0.6640368073610647,3,0.25033186923780043,0.830960295996529,20.68,1673.98,131.0
CUST_0919,D,49,F,Books,1,78406.16,33,254,4,7220.7,0.05997015606499809,3,0.17937229102121596,0.39437654223241086,1805.18,113.27,13.28
CUST_0920,E,50,F,Sports,1,31548.28,91,35,12,599.34,0.785932258822545,0,0.07432599258884033,1.0,49.94,199.78,43.86
CUST_0921,D,45,F,Beauty,3,117684.11,8,219,3,7341.66,0.06700978160868946,10,0.3199952040307127,0.4890924907381694,2447.22,100.11,7.24
CUST_0922,D,46,M,Sports,1,139685.46,25,228,1,1939.44,0.10987784376228087,4,0.19263511457888247,0.4155428366496166,1939.44,8.47,7.75
CUST_0923,B,36,F,Beauty,1,38677.5,49,121,5,586.82,0.30727096970522383,2,0.0951472172663439,0.5286639315352755,117.36,24.05,18.4
CUST_0924,B,53,M,Home,0,46592.29,44,137,3,511.81,0.49229731650238623,2,0.0636382041263359,0.23943280119960755,170.6,11.13,11.52
CUST_0925,A,32,F,Beauty,4,111259.91,91,20,39,10734.85,0.0902515304439759,8,0.033952430288666346,0.5731364774727811,275.25,19936.15,82.46
CUST_0926,E,43,M,Clothing,4,19074.55,62,13,10,484.0,0.4302928421969078,0,0.010844602052796703,0.8840510277386014,48.4,345.71,33.37
CUST_0927,B,43,F,Home,2,35928.27,40,166,9,584.95,0.30083146091234425,1,0.06916495153898607,0.5159265906262622,64.99,31.52,22.92
CUST_0928,C,40,F,Books,3,26636.33,55,4,50,2842.88,0.9382530538156223,7,0.23442086086055364,0.7095565390564829,56.86,28428.8,130.19
CUST_0929,C,35,M,Grocery,0,42500.53,54,36,26,1028.2,0.7307105075604944,6,0.12841744722989248,0.4790300192949745,39.55,722.52,64.36
CUST_0930,E,69,F,Clothing,3,16815.51,74,3,22,118.62,0.5409174435309195,0,0.0030997531435781518,0.8141678931707469,5.39,652.41,84.62
CUST_0931,D,48,M,Sports,0,91742.09,20,340,3,7696.61,0.08495121569227365,11,0.16858004045482233,0.5788776148285675,2565.54,67.71,17.87
CUST_0932,D,46,F,Beauty,3,88021.57,15,181,4,2865.76,0.052764485854103385,5,0.3672417712998104,0.4072697015220816,716.44,62.98,7.7
CUST_0933,C,39,M,Beauty,1,47527.65,58,29,34,2467.33,0.769442724066809,5,0.279980118724181,0.42313679211329686,72.57,2796.31,76.91
CUST_0934,E,35,F,Grocery,5,13934.48,63,6,13,589.2,0.5598623590572327,1,0.04255401948400591,0.9790155375947239,45.32,1094.23,47.25
CUST_0935,A,31,M,Electronics,2,155735.61,78,19,36,7412.9,0.08325128168890052,14,0.017726085997733978,0.6422044874672441,205.91,13343.22,84.11
CUST_0936,B,18,F,Clothing,3,48884.66,39,144,10,196.88,0.4895182950264297,1,0.14621520482505077,0.33989658219689384,19.69,13.58,18.49
CUST_0937,A,32,F,Beauty,1,93324.47,93,27,67,14803.23,0.06955335362603664,14,0.03814367067941591,0.6406656533342814,220.94,35422.01,147.52
CUST_0938,C,33,M,Beauty,1,36278.96,66,14,26,1542.37,0.6524665211849511,6,0.17931579087338712,0.4779442245516257,59.32,2673.44,65.7
CUST_0939,A,33,F,Sports,0,127566.12,77,15,53,4566.78,0.033531755948294585,7,0.030489437230990964,0.4978438201725649,86.17,15127.46,122.62
CUST_0940,C,45,F,Grocery,0,44960.76,63,35,39,979.48,0.6496818527558422,4,0.14644064745070756,0.7827434848673913,25.11,1061.1,96.51
CUST_0941,E,18,M,Sports,1,23981.63,70,29,12,291.1,0.559494410335911,1,0.09133602149563977,0.8081765691638869,24.26,116.44,40.61
CUST_0942,D,46,F,Beauty,0,114771.61,32,210,3,3958.52,0.12698569987720018,5,0.16451654433303112,0.49702184163229196,1319.51,56.28,16.42
CUST_0943,B,52,F,Books,3,33588.64,46,59,7,568.41,0.22884266546032875,2,0.14527685849598898,0.3222476534459634,81.2,66.31,13.14
CUST_0944,C,35,M,Books,1,42205.29,52,38,37,2797.66,0.9554816276781538,5,0.16133700850510904,0.7463305483267403,75.61,2654.19,88.56
CUST_0945,C,30,F,Grocery,3,33646.95,49,25,52,2869.66,0.9582219833947637,5,0.28970390125772205,0.9081097429721725,55.19,5739.32,117.16
CUST_0946,E,38,F,Sports,0,20042.35,82,22,19,210.86,0.7006716673412968,0,0.05535951262624152,0.979061139106371,11.1,174.19,62.13
CUST_0947,E,37,M,Clothing,3,27972.97,60,12,22,549.99,0.4590895126035037,1,0.09894693074886972,0.743965486707394,25.0,930.75,58.21
CUST_0948,E,44,M,Home,0,31248.64,75,25,8,403.0,0.3652480988756052,0,0.07111118055494395,0.6901117334702633,50.38,124.0,33.8
CUST_0949,C,45,F,Home,0,24039.34,60,39,20,2070.04,0.6711411017470302,7,0.24102701197811532,0.829159028090257,103.5,1035.02,59.15
CUST_0950,E,42,F,Electronics,4,25418.97,60,56,23,473.67,0.5538871502910397,1,0.051959563062675095,0.9619321530531314,20.59,191.13,55.02
CUST_0951,C,44,M,Home,0,30153.03,56,40,27,1720.43,0.8615884188339223,2,0.11526277677507069,0.5020811233864629,63.72,1132.97,66.54
CUST_0952,A,50,F,Clothing,0,175173.34,100,6,29,11489.06,0.08937557936729415,9,0.046001215778008746,0.5836646436616181,396.17,47597.53,86.34
CUST_0953,C,49,F,Sports,0,24312.17,48,13,37,948.73,0.7342316509797683,3,0.2719825754270862,0.8220123007596652,25.64,2507.36,98.13
CUST_0954,A,46,F,Electronics,2,119817.18,96,2,40,13287.52,0.019634734079534834,9,0.04723062304109478,0.4418891934771935,332.19,177166.93,132.84
CUST_0955,D,35,M,Books,1,87675.98,11,297,5,7969.7,0.005657199030291818,9,0.38724721986667854,0.38053842990414416,1593.94,133.72,14.95
CUST_0956,D,39,F,Home,3,82392.9,28,363,1,2552.51,0.11340000542759392,8,0.1636093231837821,0.5791670466089247,2552.51,7.01,4.86
CUST_0957,E,46,F,Clothing,0,22620.37,74,5,11,136.4,0.6996704529212081,1,0.08844911445928746,0.7542216353365785,12.4,250.07,57.08
CUST_0958,A,66,F,Books,5,117372.87,92,27,72,11653.36,0.06848766854709398,12,0.005674373831193769,0.5470568731799379,161.85,29965.78,143.64
CUST_0959,A,45,F,Clothing,1,163585.66,99,1,58,3225.81,0.03231449999981897,13,0.03465062560111532,0.5285248085833153,55.62,93548.49,200.0
CUST_0960,E,42,M,Clothing,0,21753.69,92,41,23,403.42,0.6648989471194108,1,0.028237955875703928,0.9854923953577669,17.54,220.92,68.15
CUST_0961,A,31,M,Books,4,128765.04,93,10,64,13775.91,0.09019835738541318,7,0.011538834941734397,0.574019027896055,215.25,80150.75,137.48
CUST_0962,B,41,F,Books,4,41673.8,47,65,6,584.5,0.3513834025258821,0,0.08187091704268258,0.2946548222906333,97.42,53.14,7.43
CUST_0963,C,64,M,Clothing,2,48744.25,65,38,36,2126.74,0.8492620593787474,4,0.15259028014091564,0.4385586666255585,59.08,1963.14,77.4
CUST_0964,A,29,M,Clothing,2,104865.74,96,17,48,7416.52,0.053114851314936304,6,0.0027869735023542497,0.5991092194208278,154.51,19777.39,107.86
CUST_0965,D,23,M,Home,3,119783.78,22,220,4,4910.35,0.1497055188155743,8,0.23156636616311876,0.44762150709477894,1227.59,88.88,8.41
CUST_0966,D,29,F,Electronics,1,146288.34,25,279,1,5349.58,0.06601556104996906,10,0.38450998396143987,0.39600788629779676,5349.58,19.11,7.28
CUST_0967,C,46,F,Beauty,0,34809.38,46,26,43,1377.86,0.6011418238286539,6,0.20771384751462801,0.6790101866574928,32.04,2194.37,103.43
CUST_0968,B,34,M,Home,0,46575.03,50,78,12,398.06,0.36182390034911166,0,0.10801909778964082,0.3207283300759659,33.17,60.46,31.7
CUST_0969,A,47,F,Clothing,2,157930.47,82,11,37,9366.12,0.05001333450248258,8,0.04835143832777829,0.586799565787259,253.14,28878.87,88.83
CUST_0970,B,38,M,Grocery,5,57806.1,39,111,8,729.23,0.32900180392703016,0,0.10226665657288266,0.4115728973367203,91.15,52.09,10.13
CUST_0971,B,18,M,Grocery,2,44213.19,41,91,7,1145.28,0.35967829797242773,2,0.07412094173207488,0.4636054527458239,163.61,87.14,18.37
CUST_0972,E,47,M,Grocery,2,23383.02,63,36,9,395.07,0.4561587191203335,0,0.038396214902502675,0.8859776249314409,43.9,96.1,32.5
CUST_0973,A,52,F,Home,3,97758.21,82,5,36,5491.41,0.07648228796911395,10,0.018214673194415377,0.4438875908436462,152.54,32948.46,91.88
CUST_0974,B,18,F,Books,0,53384.86,51,143,13,1093.41,0.39846803827472543,0,0.14683429712789556,0.3074587365281764,84.11,98.71,32.85
CUST_0975,E,18,F,Sports,3,32293.33,88,4,24,472.06,0.6393452116128138,1,0.04504494986503914,0.7398962364561041,19.67,2265.89,78.8
CUST_0976,B,25,M,Electronics,4,44299.4,60,107,13,499.09,0.4900675799307282,1,0.09199014536429372,0.429382223485317,38.39,60.08,23.52
CUST_0977,A,40,F,Grocery,3,141771.8,74,17,30,6290.12,0.036255449482483194,10,0.03189267884896002,0.7259119710742945,209.67,10483.53,71.4
CUST_0978,D,69,M,Sports,3,83407.48,19,306,3,6674.08,0.19694761518288262,3,0.21914703072550418,0.5882231632021339,2224.69,65.22,9.09
CUST_0979,E,38,M,Home,1,16753.07,63,61,9,526.41,0.49297805753660284,0,0.011954386939515076,0.8124399441933395,58.49,76.41,32.89
CUST_0980,C,20,M,Beauty,1,45586.37,48,32,54,1286.13,0.9022364826228558,2,0.10934243323918803,0.45246272719827435,23.82,2104.58,117.17
CUST_0981,B,29,M,Electronics,1,34831.89,42,66,7,537.22,0.3275052456888127,2,0.1051645818541886,0.3147902031017254,76.75,56.13,18.81
CUST_0982,A,25,F,Sports,3,80161.39,85,24,39,5822.03,0.03496259824995125,15,0.042962356994293356,0.6988390606110194,149.28,9082.37,87.14
CUST_0983,E,58,F,Sports,2,33798.26,70,4,21,212.98,0.4207743618169913,0,0.02544702732548316,0.8233674888271145,10.14,894.52,77.47
CUST_0984,B,30,F,Home,4,36296.36,50,167,5,753.59,0.30065691963627356,2,0.12456436918760912,0.5079647967400049,150.72,22.43,8.76
CUST_0985,A,35,F,Books,2,104155.69,97,21,38,5480.93,0.09622929072267221,9,0.005716065404687964,0.6147436740815878,144.24,9467.06,87.06
CUST_0986,B,56,F,Beauty,1,54824.27,54,126,10,850.13,0.25854574300749994,2,0.057560090267910105,0.3424732553116189,85.01,66.94,24.64
CUST_0987,B,43,F,Home,0,33313.43,62,87,5,302.66,0.24282552738015903,1,0.05849793551110325,0.5081610795537127,60.53,17.2,21.31
CUST_0988,E,52,F,Home,6,24384.62,67,31,9,353.07,0.44801863781086154,0,0.029013130849593526,0.7406052524285666,39.23,99.3,18.04
CUST_0989,C,53,F,Beauty,3,25193.63,41,4,51,1904.68,0.7395639862349959,7,0.28115877745187273,0.676699107620144,37.35,19427.74,131.53
CUST_0990,B,61,F,Books,3,39071.05,56,127,6,327.19,0.47358370240685566,1,0.14273917839486086,0.541467757411387,54.53,15.34,14.62
CUST_0991,A,26,M,Clothing,0,85473.13,85,11,31,10886.42,0.09665041546640868,5,0.004272347456923588,0.4394641117405713,351.17,28123.25,79.88
CUST_0992,E,51,M,Beauty,1,19015.46,66,60,16,514.57,0.34485889089666494,1,0.09335552571965092,0.762250497819828,32.16,134.97,45.91
CUST_0993,A,50,M,Grocery,0,103773.76,86,23,76,7302.69,0.05091003485270127,10,0.006587559330988804,0.6320706184036946,96.09,23125.18,168.99
CUST_0994,C,42,M,Electronics,0,22565.61,56,36,57,1331.06,0.8911734472978285,6,0.1733164323999618,0.7540135274992908,23.35,2050.55,131.86
CUST_0995,E,45,F,Electronics,0,17951.03,71,13,24,165.98,0.5513237896103127,0,0.02594612024565739,0.7451818952139256,6.92,284.54,70.6
CUST_0996,A,43,M,Electronics,5,104867.46,93,2,55,5054.07,0.05369339634615794,12,0.004789080336393508,0.5350558323329373,91.89,92657.95,155.7
CUST_0997,E,57,M,Clothing,2,34258.66,83,32,23,605.58,0.6680980655600135,0,0.02325351699016174,0.8469033611790275,26.33,422.07,60.06
CUST_0998,B,42,F,Beauty,0,48769.96,41,150,6,1106.33,0.48044554654403276,0,0.12808646050003009,0.3700262572511282,184.39,43.96,20.07
CUST_0999,C,44,F,Beauty,5,42514.74,48,5,26,707.69,0.6982472555921178,8,0.17288029731798812,0.6335443185239302,27.22,3066.66,69.67
CUST_1000,A,25,M,Home,2,111530.0,77,28,44,6918.75,0.05041767434521953,11,0.003754905653180731,0.7428518383992524,157.24,10497.41,100.43
CUST_1001,B,52,F,Books,2,44345.68,58,157,8,297.67,0.39117165852437863,2,0.07828247746101633,0.47811704293363166,37.21,15.07,20.2
CUST_1002,B,41,M,Clothing,5,56761.99,67,117,6,756.29,0.46333450296970735,2,0.13697709270339342,0.4678213687800979,126.05,38.46,7.21
CUST_1003,C,18,F,Clothing,4,45426.54,66,33,31,511.74,0.7853535190496488,2,0.14966407083555922,0.675067993048744,16.51,466.59,66.53
CUST_1004,C,48,M,Clothing,0,30962.25,59,18,46,2575.5,0.765380645886232,4,0.2361318283781398,0.6566473412952605,55.99,6235.42,110.69
CUST_1005,B,56,M,Beauty,1,55575.72,31,153,7,881.17,0.41986189202399654,0,0.09974147485065572,0.5621195014520607,125.88,40.05,22.9
CUST_1006,B,42,M,Books,0,46499.49,52,82,5,780.99,0.48227041509506213,0,0.115795957342643,0.2980324075130582,156.2,47.05,17.18
CUST_1007,E,28,F,Electronics,1,19605.01,85,27,24,653.52,0.776366480833453,1,0.08942125359778691,0.7607020503625804,27.23,560.16,63.92
CUST_1008,C,41,F,Electronics,0,46513.78,56,26,53,1849.77,0.809809553597172,7,0.22681993217740723,0.8776721380032129,34.9,3631.03,127.4
CUST_1009,E,39,F,Grocery,3,27405.75,90,34,8,119.86,0.7005970414870694,0,0.10139031042341379,0.7485933768309285,14.98,27.4,24.91
CUST_1010,B,32,F,Beauty,4,53655.54,59,120,13,558.19,0.21399742859655838,1,0.07256075430648955,0.3665790389925153,42.94,59.97,22.16
CUST_1011,A,61,M,Beauty,1,148819.65,95,27,69,14476.15,0.06118179201454796,8,0.033357411666501774,0.7280415978819177,209.8,35673.37,153.26
CUST_1012,C,60,M,Electronics,5,28903.96,60,4,24,2395.47,0.9439282016344328,7,0.22168140557162605,0.7385160689288174,99.81,11498.26,72.77
CUST_1013,C,56,F,Grocery,3,27895.5,51,21,55,2463.14,0.6436009470088735,4,0.21873915907436767,0.7038428719000231,44.78,6157.85,119.84
CUST_1014,B,41,M,Clothing,3,30557.48,33,72,9,448.83,0.31683245439166446,2,0.08042456798197378,0.5223632480938905,49.87,55.34,20.84
CUST_1015,A,49,M,Clothing,3,128415.59,95,4,53,14286.86,0.0828646890829714,9,0.0009320329086091898,0.464987376396812,269.56,151440.72,131.3
CUST_1016,A,38,M,Books,1,135669.28,80,29,70,2734.42,0.07357435764857555,14,0.017211204620711365,0.7955743438299312,39.06,6380.31,156.36
CUST_1017,A,50,M,Sports,3,195949.08,79,31,49,9974.31,0.07501825169166478,13,0.0013446231930842524,0.6147875391094416,203.56,15273.16,104.52
CUST_1018,D,39,F,Clothing,2,84171.25,21,175,5,2127.51,0.18153026677360412,11,0.17954967414047585,0.6528370726528121,425.5,60.44,17.63
CUST_1019,B,46,F,Clothing,4,38967.61,54,72,3,688.76,0.37588368823793866,0,0.06033030953691815,0.37243638710532806,229.59,28.31,2.84
CUST_1020,A,32,F,Grocery,2,183966.56,74,24,33,9694.37,0.051203019993818856,7,0.04733924591765561,0.5640232245438854,293.77,12796.57,75.45
CUST_1021,A,44,M,Grocery,2,162224.49,90,5,45,11866.39,0.08829224002200106,10,0.01576239950550568,0.4631266439842955,263.7,88997.92,113.26
CUST_1022,B,50,M,Sports,1,44476.12,45,94,8,175.99,0.5005847779660084,0,0.08683233485358778,0.520770582222994,22.0,14.82,24.48
CUST_1023,A,48,F,Books,1,188810.51,95,29,46,4474.92,0.07124451499084686,12,0.037412312346820575,0.5602158293564354,97.28,6861.54,103.65
CUST_1024,B,63,M,Sports,2,50059.83,62,148,5,196.19,0.3088448324629843,1,0.11435310341192106,0.1877205322111159,39.24,6.58,8.43
CUST_1025,C,21,F,Home,0,36199.32,56,19,31,2583.87,0.8676214345462676,5,0.28351386771843173,0.585964421243539,83.35,4005.0,78.98
CUST_1026,D,44,F,Books,3,66897.48,35,339,1,3793.4,0.0987646245467053,5,0.24482509898406682,0.7090657448530139,3793.4,11.16,7.48
CUST_1027,E,44,F,Grocery,3,33170.11,71,25,8,590.95,0.4402420709872026,0,0.013829588106083153,0.8368866359076588,73.87,181.83,27.74
CUST_1028,B,21,M,Books,1,46120.88,44,75,13,324.63,0.40449945966571627,2,0.1284747002342883,0.2473212368106856,24.97,55.53,29.28
CUST_1029,D,40,M,Books,0,150914.81,32,356,1,6285.08,0.09318158856238644,10,0.3628468913858077,0.42229373870566356,6285.08,17.61,10.73
CUST_1030,D,47,F,Clothing,3,111402.39,26,342,1,3806.91,0.06975041205292648,3,0.2231189753215203,0.6347599434396607,3806.91,11.1,5.99
CUST_1031,E,46,F,Clothing,3,30430.76,85,44,17,221.36,0.33090823721364465,1,0.003346809231090033,0.8156586172634115,13.02,83.62,43.59
CUST_1032,B,28,M,Electronics,1,47341.8,38,87,3,960.61,0.20740364537771985,2,0.08909682032312861,0.491535643415235,320.2,32.75,13.98
CUST_1033,C,46,M,Sports,7,43270.55,58,9,55,2782.3,0.9412863139022102,6,0.14587725810500063,0.7002912291216277,50.59,15302.65,114.12
CUST_1034,A,58,F,Sports,0,175856.23,84,26,76,12181.94,0.017054430566963905,10,0.00300228471490536,0.5661422868235603,160.29,34289.91,167.17
CUST_1035,B,54,F,Beauty,3,39078.04,61,148,2,873.6,0.48338602318649593,1,0.14159672471023482,0.5275019397816915,436.8,11.73,6.23
CUST_1036,D,22,F,Sports,0,77056.47,17,226,4,1198.51,0.14161023447006907,4,0.1713693178659413,0.6908776343870601,299.63,21.12,22.26
CUST_1037,B,39,F,Home,1,30996.49,50,146,13,333.49,0.39113043909919554,2,0.13477266771008733,0.4878085756764855,25.65,29.49,33.44
CUST_1038,B,18,F,Electronics,1,59749.86,44,137,4,637.63,0.370258013690778,0,0.0881278043430615,0.5808751043148441,159.41,18.48,17.35
CUST_1039,E,28,F,Books,4,31276.28,90,18,24,402.02,0.4272065709318815,0,0.03788681557189379,0.8088308290113702,16.75,507.81,57.73
CUST_1040,B,55,M,Electronics,4,46806.44,38,88,9,954.29,0.30288248148787095,0,0.09958560103214842,0.252647325820281,106.03,96.5,12.19
CUST_1041,C,51,M,Grocery,1,45973.82,70,34,42,1132.6,0.7854335153216462,3,0.23230535375454905,0.5995997769977596,26.97,1359.12,95.93
CUST_1042,C,58,F,Beauty,0,41148.31,42,34,58,1845.74,0.8195538193398337,6,0.3072785857442069,0.5336841296963702,31.82,3058.65,129.61
CUST_1043,A,27,F,Clothing,1,184286.45,72,14,53,4761.29,0.07471831158431565,12,0.021887668861601026,0.4511690205202826,89.84,16823.22,119.17
CUST_1044,C,39,M,Home,2,48143.39,44,18,47,584.06,0.6548616236670312,3,0.16079031778900849,0.5725352554775913,12.43,1444.78,105.01
CUST_1045,C,37,F,Sports,4,28344.26,60,3,29,2419.3,0.927892467512904,2,0.18580698086484457,0.5870981121586233,83.42,17539.93,91.08
CUST_1046,C,39,M,Home,0,41494.14,57,32,34,3002.69,0.9774379768680741,1,0.2411607053653482,0.8550819127678939,88.31,3093.68,88.23
CUST_1047,A,41,F,Home,2,157643.01,84,10,65,6185.68,0.020153294321052808,11,0.04265858679718028,0.5146140458497254,95.16,36551.75,144.29
CUST_1048,A,34,F,Home,1,132702.35,96,31,59,3565.64,0.09602411842382079,13,0.04779438692321856,0.4841295631328911,60.43,6574.15,127.91
CUST_1049,A,45,F,Books,1,206821.1,87,27,47,12010.32,0.016335755031489957,8,0.04607214396157173,0.7221877998589582,255.54,20160.18,109.15
CUST_1050,B,56,M,Sports,2,30236.49,58,117,9,261.64,0.33435839253436844,0,0.0793825300126565,0.43817608045039236,29.07,19.96,21.62
CUST_1051,B,54,M,Books,0,30059.13,59,125,11,774.46,0.43131609672446997,2,0.05973928481871695,0.5729304834201087,70.41,67.61,34.26
CUST_1052,D,28,F,Beauty,0,131722.19,30,294,2,2304.08,0.10217035459446537,5,0.2610170142544752,0.6530902230885962,1152.04,15.62,17.4
CUST_1053,A,35,M,Electronics,0,134228.38,91,1,79,3662.77,0.0899971339300718,14,0.04635056228068431,0.6491507237145706,46.36,144679.42,200.0
CUST_1054,D,36,M,Electronics,0,85745.34,28,248,5,2406.79,0.06884563817122435,7,0.3302570257416928,0.6191636228949747,481.36,48.33,22.79
CUST_1055,D,40,M,Electronics,7,73709.1,10,339,2,5445.86,0.01672758564006756,11,0.22322421302767934,0.3274090331448738,2722.93,32.03,0.0
CUST_1056,E,33,F,Sports,1,22211.58,87,30,20,496.44,0.6278512894503493,1,0.015158019956595109,1.0,24.82,320.28,60.33
CUST_1057,E,32,M,Sports,1,21463.96,58,9,24,480.71,0.5488314141203711,1,0.02105340419606927,0.8869845500697755,20.03,1153.7,73.85
CUST_1058,D,49,F,Sports,0,72029.29,21,203,5,6675.21,0.1393938372642351,3,0.21468907368287604,0.5586136382535688,1335.04,163.61,21.66
CUST_1059,C,42,M,Clothing,2,44111.42,67,34,31,2549.19,0.8354332724957065,5,0.15925711081352023,0.4738397649442324,82.23,2257.85,68.42
CUST_1060,A,40,F,Home,1,120600.06,86,4,63,13606.36,0.046927824231047494,13,0.00863005890516864,0.4481030342938667,215.97,171440.14,156.96
CUST_1061,D,29,F,Beauty,1,140596.22,10,234,3,3966.68,0.0782862191933422,9,0.3191103817659669,0.4294804285137101,1322.23,50.64,12.02
CUST_1062,E,32,M,Sports,0,21111.28,83,31,21,276.37,0.7477572621846958,1,0.03207708875662332,0.9700042199819263,13.16,181.37,64.63
CUST_1063,C,28,M,Beauty,2,31323.05,49,4,39,1770.08,0.8065744471919126,3,0.1551683713425447,0.692026007813908,45.39,13806.62,110.84
CUST_1064,C,46,M,Electronics,2,30325.9,43,22,30,1511.05,0.8935079492421458,6,0.2832379887230607,0.40308382303299006,50.37,1970.93,66.61
CUST_1065,C,32,F,Clothing,2,49277.52,41,33,50,2880.58,0.8538933835770445,3,0.2794406107925634,0.5482401341638609,57.61,4236.15,108.0
CUST_1066,D,40,F,Beauty,5,143743.22,23,229,5,6487.04,0.09401195447340788,6,0.32167890816667005,0.3695127677714042,1297.41,141.02,2.83
CUST_1067,E,37,M,Beauty,0,19814.91,64,33,17,735.97,0.7944053358861065,1,0.01884466882209746,0.8039506505837638,43.29,367.98,53.11
CUST_1068,B,74,F,Electronics,0,47416.31,61,174,13,716.5,0.20833411535044102,0,0.04790996084817313,0.5372045999443408,55.12,53.23,37.32
CUST_1069,A,50,M,Sports,0,178861.74,76,5,63,7451.18,0.06789587562626422,12,0.0,0.420390721398509,118.27,78237.39,154.41
CUST_1070,A,38,F,Grocery,1,125037.19,96,5,46,9018.56,0.02632360305549317,13,0.017854110096502132,0.7108515686733403,196.06,69142.29,123.22
CUST_1071,A,46,M,Clothing,5,95472.08,78,1,77,13470.49,0.08851660841281309,6,0.002894397192441096,0.5320232085639526,174.94,518613.86,200.0
CUST_1072,D,57,M,Grocery,2,137168.19,12,271,1,5024.1,0.2084560252163848,7,0.2645853062553521,0.6025395188814324,5024.1,18.47,8.42
CUST_1073,B,35,F,Clothing,3,35620.99,48,71,11,215.64,0.3140908410963057,1,0.13315008120345537,0.4441119789791703,19.6,32.94,23.29
CUST_1074,E,18,M,Electronics,6,27016.37,92,7,16,580.31,0.6563611071103244,1,0.07193015374218889,0.8003329034758747,36.27,1160.62,44.29
CUST_1075,A,54,M,Home,5,172329.16,91,25,57,7499.92,0.04588805166390196,12,0.045705703983576595,0.6978210822241713,131.58,16442.13,116.96
CUST_1076,B,38,F,Sports,2,53787.51,53,88,9,280.05,0.26665973983258195,0,0.0776194499148616,0.29937411115794327,31.12,28.32,19.12
CUST_1077,A,51,M,Clothing,1,173605.24,83,6,36,12721.72,0.06184922663253871,13,0.009527546227527068,0.42331568516606793,353.38,65425.99,94.13
CUST_1078,B,40,M,Grocery,2,34656.64,40,111,9,418.95,0.313922624334186,1,0.07326215570036133,0.4531780921970124,46.55,33.67,21.96
CUST_1079,B,36,F,Books,1,49173.33,61,157,6,1125.58,0.3004209070045037,3,0.06964669998105467,0.5121372333055131,187.6,42.74,19.88
CUST_1080,A,51,M,Sports,3,125485.16,80,9,34,7919.11,0.055304219598400706,11,0.018719602057467505,0.6651603610364708,232.92,26924.97,83.41
CUST_1081,B,43,F,Sports,0,40035.69,36,159,4,1123.88,0.41912951992951986,0,0.1324990957996737,0.36031232897313303,280.97,28.1,15.84
CUST_1082,C,65,F,Electronics,0,43445.16,55,9,46,1259.67,0.9807583508559564,8,0.12404810680304151,0.6416975546519775,27.38,5794.48,115.95
CUST_1083,A,31,F,Books,3,82576.46,77,17,69,11227.65,0.019605400437163693,9,0.046917164836536636,0.4021125609101193,162.72,43039.32,142.92
CUST_1084,A,55,M,Electronics,5,82660.51,87,16,63,5774.33,0.048686185496433956,10,0.01120617558376611,0.6027813427786698,91.66,21398.99,129.31
CUST_1085,E,43,M,Beauty,2,26361.82,91,28,16,233.72,0.556107429525195,0,0.03875515086624121,0.8428242575000803,14.61,128.95,46.43
CUST_1086,A,66,F,Electronics,3,154771.5,90,4,63,12078.28,0.08661871659103762,6,0.027199568678085793,0.5770041864155355,191.72,152186.33,153.54
CUST_1087,A,39,F,Electronics,5,175426.83,97,21,28,6974.16,0.07162453616711942,12,0.02730411924649711,0.6002556912442938,249.08,8876.2,57.77
CUST_1088,C,33,M,Sports,0,29909.97,62,11,44,2113.3,0.7621019129647094,7,0.13800238521409167,0.702880784005761,48.03,7748.77,111.15
CUST_1089,A,33,F,Beauty,0,129820.71,95,5,64,7345.82,0.0166107814213659,9,0.03106907085159513,0.615376053041592,114.78,78355.41,160.31
CUST_1090,A,50,F,Beauty,0,124640.15,87,7,40,14555.29,0.02993011606658829,8,0.032106297355112765,0.5073770592770335,363.88,72776.45,104.43
CUST_1091,E,49,M,Beauty,2,26434.0,71,11,18,386.08,0.7418923487396345,1,0.05213970980544631,0.8608933220107822,21.45,579.12,56.31
CUST_1092,C,42,M,Grocery,3,29274.31,62,41,27,1590.75,0.7877903099890952,5,0.22474118033293966,0.5094052600628162,58.92,1022.62,57.63
CUST_1093,B,48,F,Sports,2,36158.44,39,67,3,911.92,0.29055258608467555,2,0.11213405911849306,0.5409643120163475,303.97,40.23,12.31
CUST_1094,D,43,M,Grocery,1,92562.66,24,234,4,4127.84,0.03435236915993476,7,0.17850841487316538,0.6162669442834781,1031.96,70.26,17.75
CUST_1095,D,26,M,Electronics,1,93090.02,33,205,5,6956.42,0.11639538168123345,10,0.3669711939112259,0.45817222507423633,1391.28,168.85,16.65
CUST_1096,D,42,F,Electronics,6,149549.66,30,315,2,5421.05,0.045369343960595505,5,0.1981101808166804,0.4876520597484893,2710.52,34.31,0.0
CUST_1097,B,42,M,Electronics,2,46112.22,54,156,9,946.18,0.34140861075631945,0,0.12830165846260835,0.2995656077718328,105.13,54.24,18.63
CUST_1098,A,42,M,Home,0,166599.83,93,21,70,8528.95,0.0,11,0.05111779872819241,0.6101732657178766,121.84,27137.57,156.97
CUST_1099,B,47,M,Grocery,4,59156.86,44,151,12,530.04,0.42001290457617346,1,0.12168794803491789,0.21919031989746293,44.17,41.85,17.05
CUST_1100,D,23,M,Books,4,112592.91,16,276,2,4745.91,0.16260517786155074,4,0.19142226899885256,0.34402237719412654,2372.96,34.27,0.0
CUST_1101,B,27,M,Clothing,1,51297.69,50,152,8,623.43,0.3286165653289779,1,0.11684780118518226,0.21212830994218865,77.93,32.6,17.9
CUST_1102,E,34,F,Sports,3,21750.41,90,29,18,358.08,0.43320637349977104,1,0.05442691349066358,0.9907905983527512,19.89,214.85,50.26
CUST_1103,B,31,F,Clothing,4,32559.31,37,97,10,759.41,0.2527451269767417,0,0.07984950495787899,0.46999956503158746,75.94,77.49,18.43
CUST_1104,C,47,M,Grocery,1,22724.36,51,2,22,2920.02,0.6680708659175945,4,0.13996452322272104,0.6198448086562053,132.73,21413.48,103.4
CUST_1105,C,52,M,Clothing,2,39432.28,43,15,35,2029.46,0.7786756628501759,6,0.1509792561993405,0.5785505272474469,57.98,4439.44,82.24
CUST_1106,C,46,M,Grocery,2,23021.81,68,17,36,2305.79,0.7372938984441011,2,0.22369942204591306,0.5372762807255318,64.05,4611.58,82.63
CUST_1107,A,35,F,Home,5,85942.96,96,20,60,4194.93,0.08856646311910371,11,0.027794014285435896,0.4180793411828228,69.92,11985.51,118.36
CUST_1108,C,64,M,Sports,4,24829.72,46,12,23,600.51,0.7811622764478254,3,0.12471721359621073,0.8116871057047104,26.11,1062.44,58.57
CUST_1109,A,32,M,Home,1,178100.53,95,10,31,3355.28,0.08642188716746901,11,0.005724415293272398,0.5592175864804089,108.23,9455.79,80.18
CUST_1110,B,24,F,Beauty,3,30032.6,63,128,7,833.87,0.4739110010970914,0,0.12630768833941783,0.2225502831582068,119.12,45.25,10.23
CUST_1111,A,43,M,Home,1,162764.15,98,15,74,5295.02,0.0701318152911082,12,0.018313635218342384,0.5013550076687969,71.55,24489.47,161.69
CUST_1112,C,31,M,Clothing,1,48589.11,65,25,45,2356.64,0.9495710235059415,7,0.29001571170099816,0.4872943508648751,52.37,4078.8,100.75
CUST_1113,A,31,F,Grocery,3,154141.03,87,21,67,11409.74,0.021200802554918165,14,0.011037085225563164,0.44226961857438496,170.29,34747.84,138.61
CUST_1114,C,56,M,Electronics,2,39073.87,51,39,30,1683.72,0.7943755514145996,5,0.19265256624085117,0.9140178596003158,56.12,1262.79,74.84
CUST_1115,C,70,M,Grocery,4,44350.07,48,26,46,2374.69,0.9390848367744028,5,0.21699894590340324,0.6242575223661968,51.62,4045.77,96.33
CUST_1116,B,21,M,Grocery,4,34811.03,50,112,6,719.66,0.1935470752280207,2,0.0598790862427049,0.3138370751105614,119.94,38.21,7.17
CUST_1117,D,54,M,Clothing,0,89022.43,20,340,1,2683.39,0.07364911549641064,7,0.25048333550201163,0.31932735704568166,2683.39,7.87,8.68
CUST_1118,A,18,F,Grocery,0,126500.91,77,7,61,12107.45,0.04203679188448643,14,0.012351190920423812,0.7293007400514382,198.48,92319.31,150.87
CUST_1119,A,40,M,Sports,0,197107.3,98,18,31,3783.46,0.05552329080841598,5,0.009241605852987243,0.6885168405192289,122.05,6173.01,81.33
CUST_1120,A,70,F,Grocery,0,132441.89,84,8,35,8183.24,0.0,13,0.04637381124042639,0.5127314491407712,233.81,31823.71,92.75
CUST_1121,A,24,F,Books,0,105228.1,80,23,57,12600.75,0.007685873093450807,11,0.008091810166021991,0.718107117603296,221.07,29926.78,132.71
CUST_1122,A,33,F,Electronics,2,97857.85,86,31,61,10398.2,0.08837923486947796,6,0.028523430902326338,0.5219638081803715,170.46,19821.57,129.67
CUST_1123,B,31,F,Books,4,54837.54,52,82,7,889.28,0.35365068233692976,1,0.12307177357511785,0.39311115293047877,127.04,75.0,11.08
CUST_1124,A,46,M,Clothing,0,101259.59,92,9,47,12461.11,0.06548629444490399,7,0.015842158628207217,0.508883722125163,265.13,58567.22,115.29
CUST_1125,E,41,M,Home,5,16591.19,83,48,13,512.46,0.4009391080881463,0,0.04015767944268948,0.9587213399940692,39.42,135.96,32.26
CUST_1126,D,52,F,Home,0,147949.93,32,324,2,7789.13,0.14298357847612167,8,0.34773014589696827,0.6042874210635198,3894.56,47.93,16.39
CUST_1127,A,48,M,Grocery,0,88876.51,99,17,65,11121.34,0.09776155874493384,8,0.028618210849759514,0.6350397005081141,171.1,40160.39,148.58
CUST_1128,A,37,F,Books,4,166102.95,87,18,47,13839.64,0.0474720376144171,8,0.036811588042390576,0.7694821563959852,294.46,34234.9,102.95
CUST_1129,B,26,F,Clothing,0,37070.07,42,101,9,1077.39,0.4646468099256793,1,0.1423306214674412,0.3634443060348411,119.71,95.06,26.26
CUST_1130,B,43,F,Electronics,2,59632.64,60,99,11,666.96,0.2762113498995854,2,0.10766024768499786,0.6087826884603522,60.63,73.37,29.19
CUST_1131,A,28,M,Electronics,1,126004.15,90,13,41,9370.3,0.0,5,0.0028820734432447527,0.4773468441363954,228.54,27441.59,96.24
CUST_1132,A,39,F,Books,2,112889.72,89,12,66,5015.12,0.038057104449074626,10,0.016612365418962573,0.6041706843171735,75.99,25461.38,146.42
CUST_1133,E,35,M,Home,6,17483.79,80,50,18,529.99,0.535910540112605,0,0.02047082522733638,0.9735446201116774,29.44,187.06,39.47
CUST_1134,D,47,M,Beauty,0,113957.5,29,273,3,7689.98,0.14461908626708567,8,0.3152967293869205,0.5120900687157537,2563.33,84.2,16.61
CUST_1135,B,50,M,Clothing,0,57657.74,62,180,6,1010.22,0.35500447350824293,0,0.08913855210746519,0.41998026843870273,168.37,33.49,20.96
CUST_1136,D,18,M,Beauty,2,69040.59,23,247,2,5306.28,0.17003242060775337,7,0.24975432027739466,0.6719405927296807,2653.14,42.79,11.84
CUST_1137,C,57,F,Sports,1,31012.44,45,4,59,513.72,0.9696588162416611,7,0.16112937848652373,0.7075287892214717,8.71,6061.9,154.15
CUST_1138,A,47,F,Sports,0,126890.77,89,16,62,6099.13,0.06840059552051171,8,0.02606714604656611,0.5683268828356227,98.37,22243.89,141.62
CUST_1139,A,64,M,Books,0,171238.14,95,8,80,8942.87,0.0394276245052667,4,0.049721928118541946,0.7760292573615901,111.79,79492.18,188.02
CUST_1140,B,36,M,Home,4,54083.1,55,94,8,201.73,0.4010071691731979,0,0.06552438992985406,0.586136629616959,25.22,16.99,16.79
CUST_1141,D,32,F,Beauty,2,104800.83,11,336,3,6479.05,0.18273087309665526,5,0.3551050914134593,0.38695977232757006,2159.68,57.68,8.04
CUST_1142,B,57,M,Home,0,42546.23,38,156,11,235.43,0.5017544086994326,1,0.1155252217122631,0.416707412431117,21.4,16.5,30.98
CUST_1143,C,49,M,Home,2,41046.75,46,33,42,2604.7,0.808687326262966,3,0.1915289368878626,0.8441059614176118,62.02,3217.57,97.91
CUST_1144,A,45,F,Beauty,2,133233.01,80,24,62,13077.77,0.060636784378483605,6,0.024996297416663617,0.49106035861666625,210.93,32432.87,131.99
CUST_1145,E,39,F,Electronics,4,17430.78,65,20,17,133.27,0.6404709125813771,1,0.07029705547805913,0.9693244900359428,7.84,107.89,46.39
CUST_1146,B,36,F,Home,1,50852.37,40,142,4,452.16,0.39137184294728544,0,0.061653046352331764,0.4157673411930015,113.04,12.65,14.02
CUST_1147,C,40,M,Books,3,45330.25,63,21,48,1010.45,0.7646525383383878,6,0.1940557317353638,0.7338563676002846,21.05,2204.62,106.44
CUST_1148,A,37,F,Clothing,4,103064.08,85,1,46,6118.35,0.057240501424600854,7,0.021713847747059076,0.5009611304505441,133.01,140722.05,190.02
CUST_1149,B,50,F,Home,0,38461.16,66,160,5,170.36,0.393949897012221,0,0.13002275659171636,0.6084435678771265,34.07,5.29,22.79
CUST_1150,A,18,F,Electronics,5,171461.03,79,12,68,14039.64,0.014810493340116025,7,0.04472720104649515,0.5618251024454783,206.47,73438.12,140.57
CUST_1151,E,29,M,Books,1,26022.78,80,7,16,636.32,0.6995200624235457,1,0.03305417124617925,0.7690568410510062,39.77,1272.64,58.67
CUST_1152,C,29,M,Grocery,2,49833.14,45,18,30,658.54,0.9718132760417132,3,0.27153917297208463,0.6724843614096336,21.95,1039.8,73.01
CUST_1153,C,75,M,Grocery,3,22618.86,44,38,46,1000.55,0.6497423811605311,8,0.08585946540433195,0.7300548986770208,21.75,1180.14,100.23
CUST_1154,E,38,F,Books,0,25058.9,84,30,21,698.12,0.6501352488297191,0,0.062491953717436724,0.919692591717068,33.24,472.92,63.73
CUST_1155,D,56,M,Home,1,117623.94,19,305,1,3105.43,0.1240081202206831,7,0.3361348176361757,0.3821258368291357,3105.43,10.15,6.97
CUST_1156,D,50,M,Clothing,0,131623.34,28,256,1,1726.88,0.0,5,0.2790578758524402,0.4249384090987326,1726.88,6.72,10.89
CUST_1157,B,55,F,Grocery,0,45919.99,52,73,13,372.39,0.4802038085330629,2,0.11878986435733487,0.307830837912817,28.65,65.42,33.53
CUST_1158,C,51,M,Grocery,3,20669.48,42,45,31,836.16,0.9232991766329087,5,0.2212344360274129,0.5528999587661505,26.97,563.5,66.28
CUST_1159,A,54,M,Electronics,2,155891.7,76,22,33,4258.32,0.030401823943993662,5,0.04984335189616002,0.731332677063062,129.04,6109.76,79.17
CUST_1160,A,50,F,Electronics,3,189219.82,99,2,65,6431.04,0.0703276447214692,14,0.038908407025980724,0.702639937401772,98.94,139339.2,185.05
CUST_1161,D,35,M,Beauty,3,127184.64,23,288,1,2324.47,0.12596092841148077,7,0.25875516672451027,0.29940464979225867,2324.47,8.04,0.0
CUST_1162,A,23,M,Books,0,128517.65,87,18,38,9216.89,0.031489085283303575,5,0.02262373562327185,0.4835776339423209,242.55,18433.78,91.23
CUST_1163,C,46,F,Electronics,1,36418.5,48,5,46,1369.98,0.8531405365735222,7,0.2748399013300058,0.8136396723402871,29.78,10503.18,125.27
CUST_1164,A,26,F,Beauty,6,92141.3,74,23,53,4372.7,0.09061878896233287,13,0.04484138449481482,0.6578863758758772,82.5,9656.38,105.51
CUST_1165,D,34,F,Clothing,2,107778.99,29,215,3,3993.18,0.056121006050945485,11,0.3124500406817645,0.40074921622644416,1331.06,55.46,8.48
CUST_1166,B,70,M,Electronics,0,45888.45,61,163,12,214.66,0.33601763530774675,2,0.062159748998721155,0.5805472349857856,17.89,15.71,36.22
CUST_1167,A,47,F,Home,4,176206.5,85,12,73,3533.99,0.05925762364294401,6,0.038653393888063416,0.7082211259753494,48.41,19844.71,156.5
CUST_1168,D,58,F,Beauty,4,86693.96,21,362,5,7530.71,0.10504640050499034,9,0.29933776327911166,0.36978023433210533,1506.14,103.73,5.67
CUST_1169,E,56,M,Clothing,2,14397.32,89,15,24,643.44,0.7060147096083298,0,0.06942439532518456,0.9531625826646696,26.81,965.16,67.73
CUST_1170,A,36,F,Electronics,3,100296.56,75,10,68,3696.53,0.07792271279524943,8,0.0031455240984570145,0.704133451890745,54.36,22851.28,151.08
CUST_1171,A,28,M,Home,4,153213.42,77,18,34,10902.69,0.029464183516536478,5,0.0456231617616607,0.6215012301430154,320.67,19510.08,73.99
CUST_1172,D,24,M,Books,4,86051.16,26,358,1,7276.19,0.08066305026055269,8,0.33567198552987176,0.6199206895864292,7276.19,20.27,2.68
CUST_1173,D,18,F,Grocery,4,143324.79,32,182,1,7803.83,0.05801820612537283,3,0.20281660962525985,0.39680295382270353,7803.83,42.64,0.0
CUST_1174,B,48,M,Home,0,51549.86,48,173,4,442.52,0.4931614292698104,1,0.1413933260851633,0.5479310676614859,110.63,10.17,19.54
CUST_1175,B,26,F,Books,1,35668.28,62,167,13,742.39,0.33925846659464703,1,0.11241866452661871,0.5203471475259497,57.11,57.45,34.01
CUST_1176,E,24,F,Sports,0,17901.94,86,37,17,636.27,0.6038366917385762,0,0.10152858432689083,0.9688033149769495,37.43,284.65,56.08
CUST_1177,D,56,M,Sports,2,94166.13,23,276,2,7448.36,0.024319747636376555,6,0.25466234038028734,0.541334988819135,3724.18,53.78,9.19
CUST_1178,A,48,F,Sports,0,182986.9,83,17,42,5049.18,0.08774458878321746,5,0.012386160963640973,0.6906749345994353,120.22,11781.42,103.7
CUST_1179,D,47,F,Books,0,96896.7,24,190,3,1043.1,0.13941781631454503,7,0.20429241735702594,0.5109758734952228,347.7,16.38,16.75
CUST_1180,C,73,F,Clothing,1,27787.8,42,4,43,2714.68,0.9507972932757859,4,0.18481139025025578,0.6034563568987347,63.13,23346.25,120.07
CUST_1181,C,68,M,Clothing,6,37898.74,58,31,61,2993.38,0.9530399728867176,5,0.24210157448945252,0.6323854823785214,49.07,5706.13,119.87
CUST_1182,C,18,F,Grocery,5,49035.9,67,31,52,2646.97,0.8349414159782639,4,0.2065261054433213,0.7577345778386527,50.9,4301.33,107.38
CUST_1183,A,61,F,Sports,0,200432.89,73,28,50,14961.4,0.088405635946736,6,0.003707918115473254,0.55542701220948,299.23,25795.52,114.68
CUST_1184,C,43,M,Clothing,1,38048.17,51,31,32,1630.86,0.9932220359044064,4,0.1609753585578843,0.5593026731530927,50.96,1630.86,75.41
CUST_1185,B,42,F,Clothing,1,32640.37,46,72,10,351.71,0.3997807847372762,0,0.06544484634468399,0.39776441134150226,35.17,48.18,26.34
CUST_1186,E,27,F,Books,0,16985.8,82,14,13,520.51,0.7469253759018343,1,0.09634511060891054,0.9026058412861974,40.04,451.11,51.19
CUST_1187,C,45,F,Electronics,0,22574.46,67,31,42,1007.69,0.7582905205003718,5,0.27524462991153964,0.7319701921445284,23.99,1322.59,101.87
CUST_1188,B,29,F,Clothing,0,51496.01,52,104,9,1019.33,0.42073880104568756,1,0.056346288766355286,0.4751245780189392,113.26,87.37,28.46
CUST_1189,E,45,F,Home,2,29074.54,77,20,18,766.32,0.539490530200367,0,0.06673492750502764,0.9153198454254061,42.57,656.85,53.31
CUST_1190,C,29,F,Grocery,0,24994.5,46,32,32,1259.17,0.6239490035072504,1,0.10298313324027372,0.606320108582572,39.35,1221.01,79.25
CUST_1191,D,41,F,Home,3,143964.62,14,215,5,6334.79,0.1838577574026223,6,0.3321512624126803,0.575693489713089,1266.96,146.64,12.98
CUST_1192,D,39,M,Electronics,3,125410.07,23,297,3,3065.12,0.01907750452065753,9,0.26056581811951113,0.33723820901212104,1021.71,30.86,4.08
CUST_1193,B,45,F,Books,3,58052.27,49,77,10,573.36,0.4581299178075062,1,0.13223341263471217,0.6258565107054231,57.34,73.51,24.82
CUST_1194,E,72,M,Clothing,2,33595.54,71,39,22,731.22,0.3874878203017504,1,0.0891383735025542,0.8670429487107241,33.24,402.17,57.9
CUST_1195,C,34,F,Clothing,4,38514.74,41,29,58,818.33,0.9000961244013486,3,0.17723546385338004,0.7003982571215992,14.11,1582.1,121.46
CUST_1196,C,37,F,Books,0,40144.81,65,43,57,2479.98,0.8614199552977203,6,0.11081649245741146,0.6739919675367199,43.51,3212.7,129.81
CUST_1197,A,39,M,Electronics,1,174393.9,77,21,66,7555.44,0.09397116198658623,7,0.03506391722653754,0.7114274154071959,114.48,22666.32,147.99
CUST_1198,B,72,F,Clothing,4,38035.63,56,164,11,769.42,0.3328913231019219,2,0.10886067594758095,0.2710885282119742,69.95,51.29,16.03
CUST_1199,C,42,F,Beauty,0,20756.51,42,15,47,2433.54,0.725985201716254,7,0.17512180046928383,0.813768843114498,51.78,7148.52,116.94
CUST_1200,B,36,F,Sports,0,57195.01,49,138,12,727.65,0.31532470346520003,2,0.060078737826508695,0.41419323402712227,60.64,62.82,33.01
CUST_1201,A,27,F,Grocery,3,113606.85,78,18,47,13307.87,0.031231917308863773,13,0.0244831998668643,0.5163599940343805,283.15,32919.47,100.88
CUST_1202,B,33,M,Home,1,44604.09,48,161,5,1145.37,0.37843068459930784,0,0.1278512490411639,0.49705543231054167,229.07,35.35,17.56
CUST_1203,D,26,F,Beauty,1,133912.99,16,305,1,5516.52,0.1273738262086814,3,0.1507252121945574,0.6399594775318022,5516.52,18.03,12.13
CUST_1204,A,21,M,Grocery,0,125664.95,88,22,35,2677.63,0.03845538203281228,10,0.043977443155091556,0.713818879252441,76.5,4074.65,88.82
CUST_1205,A,52,M,Beauty,1,192572.29,91,26,34,4738.87,0.06639155276916178,10,0.0008950504510638765,0.43460849143767655,139.38,5967.47,77.54
CUST_1206,C,42,F,Grocery,1,26738.5,66,3,33,2677.33,0.938853484797808,3,0.30074050995909934,0.7307028895606444,81.13,22087.97,110.95
CUST_1207,A,54,F,Home,0,194489.95,78,20,34,6395.01,0.027154363306465406,13,0.04112554190673468,0.722241598035157,188.09,10353.83,87.44
CUST_1208,D,50,F,Books,0,114349.32,23,250,4,8122.9,0.06022975573863187,10,0.238250251324555,0.6889241088048859,2030.72,129.45,22.18
CUST_1209,C,18,F,Beauty,4,22153.19,45,44,32,2616.3,0.8824619513100262,2,0.16443936129181394,0.46573573405662455,81.76,1860.48,63.59
CUST_1210,E,31,F,Sports,0,30853.53,93,10,10,430.81,0.4374955925091036,1,0.04015755938727008,0.7999740216650679,43.08,391.65,46.0
CUST_1211,D,29,M,Grocery,0,102176.32,21,190,1,6706.26,0.14578639990517828,8,0.17057763002104126,0.6825859995665448,6706.26,35.11,16.18
CUST_1212,D,46,F,Clothing,0,81036.58,16,267,4,6643.32,0.005872988585321183,3,0.23440198354161204,0.4045118173100703,1660.83,99.15,16.46
CUST_1213,C,44,F,Clothing,1,48140.67,61,47,44,2103.31,0.9776188516004459,3,0.16851704801030154,0.7658924359719195,47.8,1928.03,102.45
CUST_1214,A,49,M,Grocery,0,157002.09,92,6,34,3165.79,0.035206939128238676,5,0.0147867667176656,0.413389686021673,93.11,15376.69,92.93
CUST_1215,B,54,F,Books,1,32619.67,63,65,5,181.34,0.3477838561756433,1,0.07680688427833932,0.3178163452559997,36.27,13.74,14.89
CUST_1216,B,40,F,Clothing,2,42143.68,36,89,9,296.04,0.27026047322423397,2,0.0935299749351281,0.28356203995358525,32.89,29.6,18.79
CUST_1217,A,35,F,Beauty,4,165376.8,87,18,46,13765.25,0.021371991837337,7,0.0056795162383852325,0.6666369227668423,299.24,33326.39,98.89
CUST_1218,B,36,M,Grocery,3,32368.16,41,146,14,395.86,0.3481906026898823,1,0.10137374705451346,0.5330495828224072,28.28,37.7,30.35
CUST_1219,A,34,F,Sports,6,111895.24,77,21,71,9348.84,0.06458761777711393,10,0.04441867886269357,0.7315667112181172,131.67,30171.26,143.39
CUST_1220,C,36,F,Grocery,1,31029.71,53,1,44,2231.75,0.7519180669515241,7,0.3071294623180816,0.7513670488034863,50.72,49098.5,200.0
CUST_1221,C,45,F,Home,0,23946.46,52,35,49,882.55,0.7347687482735622,4,0.1634552759177044,0.5655821366870819,18.01,1201.25,112.17
CUST_1222,E,18,M,Sports,1,21478.66,83,31,12,485.03,0.45424780340999393,1,0.08822880944552208,0.8320717081515189,40.42,181.89,40.87
CUST_1223,C,51,M,Sports,4,35691.53,60,3,21,1279.33,0.71849736881444,2,0.25238403447004226,0.5437836937254298,60.92,6716.48,74.21
CUST_1224,B,37,M,Beauty,5,51956.58,39,72,12,827.4,0.3639245816687473,0,0.09322688596106928,0.2584697461513894,68.95,136.01,15.56
CUST_1225,C,18,F,Books,2,42699.55,67,26,43,1291.55,0.8088047174048458,6,0.3060440333906353,0.617619991100704,30.04,2056.91,96.2
CUST_1226,E,57,F,Beauty,0,15173.91,95,45,18,175.6,0.6378677098255009,0,0.1010286000514546,0.8149214957148352,9.76,68.71,54.52
CUST_1227,C,28,M,Clothing,3,28212.9,67,15,19,2641.33,0.9973961642610225,6,0.11170802645918758,0.7066224744156538,139.02,3136.58,49.8
CUST_1228,C,46,F,Electronics,0,34504.78,53,35,55,1399.86,0.9657774440091014,5,0.26282585673330067,0.4237032309190584,25.45,2138.67,121.33
CUST_1229,B,51,M,Beauty,3,61614.56,58,66,4,403.88,0.30646901956235156,2,0.12009988318886666,0.4647319679126205,100.97,24.11,9.81
CUST_1230,B,45,F,Sports,4,39789.23,43,116,12,505.84,0.245794053724423,2,0.07806547126742387,0.23717446048221227,42.15,51.88,17.61
CUST_1231,E,25,M,Sports,4,16570.38,68,14,16,634.11,0.6096822294329369,0,0.005470995615533741,0.737100679214724,39.63,676.38,41.88
CUST_1232,B,25,M,Books,0,36625.62,38,176,12,1018.33,0.3224368191693501,0,0.13539079479025828,0.42326587523579307,84.86,69.04,33.03
CUST_1233,B,38,F,Home,1,30633.89,43,112,11,547.69,0.23496900395314502,2,0.10087750302770845,0.2586401582347962,49.79,53.31,25.07
CUST_1234,B,34,F,Home,1,55156.05,38,63,14,794.69,0.2289708470933307,0,0.05364213687927564,0.42402758598771323,56.76,173.84,35.07
CUST_1235,C,49,F,Books,3,46075.11,43,31,36,395.78,0.6804042450075287,3,0.11237294299987685,0.4058371644604468,10.99,445.25,74.34
CUST_1236,B,54,F,Electronics,0,55829.67,46,155,8,286.34,0.21471094277053818,1,0.10529417276957619,0.5230080864301846,35.79,14.68,27.11
CUST_1237,D,23,M,Grocery,2,80940.46,18,354,2,5266.97,0.09539026309340366,3,0.2365999938420959,0.6493864822474928,2633.48,29.67,11.27
CUST_1238,D,40,F,Home,2,94414.23,35,280,2,2599.57,0.20000981164810658,10,0.37859133485517305,0.34057507801581804,1299.79,18.5,5.17
CUST_1239,C,45,F,Sports,0,25629.97,61,9,57,1774.9,0.9168055951722133,3,0.22443929610879046,0.7051619860218488,31.14,10116.93,139.21
CUST_1240,C,29,M,Electronics,6,27468.36,62,27,23,2147.46,0.891689003948561,6,0.26751740268516583,0.6717414146012513,93.37,1763.98,45.14
CUST_1241,A,60,F,Beauty,1,125725.45,90,26,76,9726.03,0.07039514635577043,15,0.04762589314695636,0.6414403383751941,127.97,27376.97,165.67
CUST_1242,B,36,M,Clothing,1,33691.21,63,177,7,1223.92,0.27664175865837753,1,0.06550987095593101,0.2646117972332078,174.85,48.13,16.86
CUST_1243,D,34,F,Grocery,2,107682.02,9,305,1,3969.58,0.027597187519977178,4,0.3865198610774172,0.6554003463492729,3969.58,12.97,9.44
CUST_1244,A,38,F,Electronics,2,118586.09,80,6,40,9931.18,0.015416575525728934,9,0.011588118244593139,0.43910380956252715,248.28,56749.6,99.45
CUST_1245,C,53,F,Beauty,0,29543.79,57,4,48,1754.05,0.7164985815414168,6,0.15132164269883383,0.8558055657716117,36.54,16838.88,138.12
CUST_1246,B,51,M,Home,0,52783.93,54,176,12,1005.82,0.24809329726999038,0,0.06997722378973759,0.3563663258028846,83.82,68.19,31.7
CUST_1247,B,37,F,Books,4,44937.74,48,55,11,693.57,0.2573419164349733,1,0.06977850682739907,0.23457035885643351,63.05,136.24,16.51
CUST_1248,C,52,F,Grocery,1,28620.22,63,13,51,787.36,0.9689986977134393,3,0.27924516689763684,0.8183314777725746,15.44,2868.24,123.06
CUST_1249,C,66,M,Beauty,3,20767.39,49,39,26,1475.07,0.9194757434297895,5,0.29722641840001984,0.7783965741002327,56.73,958.8,61.13
CUST_1250,D,46,M,Home,0,117163.67,19,254,5,1630.33,0.08281896256003189,7,0.3072464844589231,0.3873603684918763,326.07,31.97,18.14
CUST_1251,D,46,F,Beauty,0,122459.93,25,359,2,3474.38,0.09823890819772775,9,0.18546454845874105,0.4167978573767079,1737.19,19.3,12.61
CUST_1252,D,55,F,Beauty,2,124527.25,23,312,1,4748.46,0.04234509238348699,7,0.2839031929797284,0.558437489189641,4748.46,15.17,7.49
CUST_1253,D,42,M,Home,3,123046.28,19,217,5,1739.55,0.10186680378800046,4,0.24630869689443888,0.5385533047531742,347.91,39.9,12.23
CUST_1254,D,62,F,Electronics,3,145014.9,21,342,6,3965.54,0.05099501998178104,8,0.3293317212147936,0.3755053173986257,660.92,69.37,10.8
CUST_1255,C,37,M,Grocery,0,35665.79,45,22,38,1915.88,0.9578906987074567,6,0.1269436181511387,0.9034056334443377,50.42,3165.37,98.61
CUST_1256,D,47,M,Grocery,0,131878.78,27,202,5,7737.62,0.09972320040938383,5,0.26080642402658283,0.3385276226843381,1547.52,190.58,17.27
CUST_1257,E,46,M,Clothing,2,20512.67,66,40,21,788.59,0.6435611415939071,1,0.08025016668642641,0.727893763147123,37.55,403.91,53.06
CUST_1258,C,33,F,Home,4,36009.84,43,12,53,2188.69,0.8955262854079136,8,0.29449936217767797,0.6104449038197102,41.3,8923.12,114.54
CUST_1259,B,47,F,Electronics,4,49230.82,64,109,2,252.11,0.4413655502094132,2,0.09347541098439863,0.5062080828558873,126.06,4.58,3.04
CUST_1260,A,18,F,Clothing,4,130512.62,78,4,46,12615.26,0.010517599431469668,9,0.030218136560711383,0.4251843697382971,274.24,116060.39,113.5
CUST_1261,C,39,F,Grocery,1,27309.2,47,36,57,1722.19,0.5496179642569489,4,0.2073277960222707,0.6786119962374287,30.21,2653.1,127.35
CUST_1262,B,26,M,Clothing,0,49157.25,61,66,10,808.24,0.27195765835860647,0,0.08917436949623715,0.37485198488856714,80.82,120.63,29.01
CUST_1263,C,18,M,Electronics,3,43799.28,66,22,59,2045.07,0.6224377913209406,5,0.27556724286052503,0.4427302577604596,34.66,5246.05,122.4
CUST_1264,B,48,F,Sports,2,47351.42,50,63,11,707.26,0.27233092295094813,2,0.13650740010477502,0.1985352539508627,64.3,121.56,21.56
CUST_1265,D,42,M,Beauty,0,92627.23,33,344,1,3595.41,0.17822989689235388,4,0.25803291896646185,0.44703375536532264,3595.41,10.42,11.23
CUST_1266,A,37,F,Clothing,0,111985.28,74,3,26,11550.05,0.0,11,0.039379321117168506,0.4713615666564219,444.23,75075.32,94.76
CUST_1267,A,48,M,Clothing,2,78100.74,75,15,51,8131.55,0.034911548043753085,5,0.03702924828462373,0.6882776391632269,159.44,25919.32,116.43
CUST_1268,C,25,F,Clothing,1,49656.05,70,3,23,2053.66,0.6961978335658195,3,0.19904125963117913,0.7306195759891301,89.29,11808.54,90.95
CUST_1269,C,32,M,Home,2,39019.19,61,7,31,2584.74,1.0,2,0.13233439901248403,0.3991688852939854,83.38,10015.87,78.27
CUST_1270,D,48,M,Electronics,2,98890.82,27,302,1,6775.91,0.04585850565727475,3,0.3085970927415735,0.35608485216515545,6775.91,22.36,3.45
CUST_1271,B,65,F,Home,0,59047.85,50,74,7,617.35,0.2293688834995715,1,0.07527716666727675,0.4191341672040254,88.19,57.62,23.73
CUST_1272,C,40,M,Grocery,3,48973.12,64,19,33,2756.67,0.8278343319725361,5,0.27253180271673544,0.6723237905964105,83.54,4548.51,75.71
CUST_1273,B,39,F,Home,0,54862.31,35,171,14,307.31,0.2967136006803569,0,0.11734420029670638,0.32944061413225967,21.95,25.01,35.17
CUST_1274,E,62,M,Electronics,3,23502.84,61,45,9,724.22,0.4492328676907825,0,0.0628053055704044,0.9360266385413727,80.47,141.7,29.94
CUST_1275,A,23,F,Home,3,117917.68,93,24,71,8872.57,0.041366990924839864,6,0.03261960385900989,0.7241729066983503,124.97,25198.1,151.65
CUST_1276,A,46,M,Beauty,2,185354.7,96,5,35,12061.28,0.06933331134446258,8,0.03678319644768061,0.5431726212033049,344.61,70357.47,94.86
CUST_1277,C,37,M,Beauty,3,50178.12,42,21,45,2062.86,0.770012033091551,4,0.16933308490944315,0.5163935994263011,45.84,4219.49,96.09
CUST_1278,B,23,M,Sports,1,50708.6,38,115,5,803.77,0.3563798889772311,2,0.11048672096674583,0.516006285390201,160.75,34.65,18.19
CUST_1279,B,40,M,Books,1,32449.54,62,100,8,1020.16,0.38251251334165415,0,0.10766444839661879,0.35542749975214477,127.52,80.8,21.11
CUST_1280,E,58,M,Sports,2,33367.07,84,49,22,384.71,0.40401610897808415,0,0.08922310733843353,0.9827796483826793,17.49,169.27,59.7
CUST_1281,B,19,M,Grocery,3,34183.84,60,135,9,489.83,0.2968680723722009,1,0.13645303717331933,0.2633144645184515,54.43,32.42,15.01
CUST_1282,D,49,M,Books,0,91768.07,31,365,1,7005.55,0.07172784343195711,4,0.31584987235724354,0.6967317283837726,7005.55,19.14,16.21
CUST_1283,D,32,F,Sports,2,69100.75,29,282,1,5644.57,0.12203810035978323,5,0.3836203264761804,0.3439224962106149,5644.57,19.95,3.23
CUST_1284,D,48,F,Beauty,4,136646.32,35,222,4,2932.75,0.01059072177759635,5,0.3919530523083465,0.4268662205524658,733.19,52.61,4.99
CUST_1285,B,45,F,Clothing,1,58287.01,41,132,9,872.64,0.26080954433389947,0,0.1184600168453284,0.5480365058694711,96.96,59.05,26.72
CUST_1286,A,40,F,Electronics,4,181945.95,90,23,60,11041.62,0.048232990826214156,15,0.03355092823625857,0.8176760091971591,184.03,27604.05,128.7
CUST_1287,C,31,F,Books,0,44193.86,45,4,28,547.17,0.6882386495022411,2,0.2868024422211172,0.7327091726334396,19.54,3064.15,95.65
CUST_1288,A,24,F,Beauty,4,101714.87,97,18,32,13798.09,0.02118708887016738,13,0.03839514233328211,0.7318538185433595,431.19,23238.89,72.19
CUST_1289,B,18,M,Sports,4,46121.92,61,81,5,1180.8,0.43124047767379753,1,0.08633859472716696,0.49209786053691895,236.16,72.0,9.08
CUST_1290,A,43,F,Grocery,2,152928.25,91,1,62,3752.77,0.0920616180383528,4,0.013005752987051207,0.6236192871393845,60.53,116335.87,200.0
CUST_1291,E,32,F,Grocery,3,29329.61,74,43,17,199.16,0.5751471004080267,0,0.0578239174054319,0.8776002615654243,11.72,76.95,44.88
CUST_1292,C,59,F,Grocery,2,29153.68,48,26,22,1438.37,0.6409817522535092,2,0.13853605619906165,0.4363818249295267,65.38,1172.01,50.57
CUST_1293,B,39,F,Clothing,0,40685.35,47,87,10,122.94,0.43521937616762046,1,0.07606483789888066,0.1812398368981094,12.29,13.97,24.77
CUST_1294,D,41,F,Home,5,125356.42,12,284,2,6847.8,0.021263173387055107,8,0.2505597892089966,0.49385393513630826,3423.9,48.05,0.0
CUST_1295,E,31,M,Grocery,3,13978.33,77,52,19,663.91,0.7578623701049064,0,0.021304368102546316,0.8726437561591549,34.94,238.01,48.38
CUST_1296,C,49,F,Home,0,47705.94,49,31,33,2442.33,0.8158233545747664,3,0.1404941505076398,0.6920347300239902,74.01,2518.65,83.07
CUST_1297,C,54,M,Beauty,3,35091.31,45,7,40,2481.41,0.7251876763943822,2,0.1781903901269834,0.7194964021119644,62.04,12407.05,99.68
CUST_1298,E,53,F,Home,1,14727.01,85,23,14,315.24,0.3015351179150359,1,0.09509762689571621,0.9133561276020143,22.52,183.89,47.61
CUST_1299,E,18,F,Books,0,23307.14,66,27,10,147.9,0.3483831523674879,1,0.045551830372365536,0.9088105020071477,14.79,52.82,41.88
CUST_1300,B,40,F,Clothing,1,58622.59,59,104,12,601.19,0.4088689717282987,2,0.14735188899793886,0.3290506695576072,50.1,68.71,28.54
CUST_1301,A,47,F,Electronics,0,82210.12,76,2,77,14883.05,0.012138200744728682,12,0.0018577693892617834,0.6510764330978628,193.29,381998.28,200.0
CUST_1302,C,34,M,Electronics,0,19599.98,55,18,56,2801.9,0.7987755661429364,3,0.18432153689448105,0.46865470342038335,50.03,8258.23,126.93
CUST_1303,A,34,M,Electronics,4,179646.98,95,7,81,8633.1,0.049004754209961116,11,0.04288908787955171,0.6387580799212074,106.58,87410.14,177.06
CUST_1304,C,39,M,Home,0,36364.53,42,34,52,2099.66,0.7028375554122186,2,0.17198471235990262,0.5440466546026873,40.38,3119.49,117.82
CUST_1305,D,30,F,Grocery,5,120794.51,21,335,5,6703.04,0.05075904235638086,6,0.20254710915009272,0.33696331924105655,1340.61,99.75,2.04
CUST_1306,E,56,M,Home,4,31978.58,66,44,11,216.3,0.4168174550799354,0,0.05258210930089736,0.8066296742339225,19.66,52.87,28.41
CUST_1307,C,43,F,Clothing,3,29184.26,39,18,22,2360.99,0.7322294907756087,7,0.1996672387160403,0.886173321617616,107.32,2733.78,58.28
CUST_1308,A,32,M,Books,2,138156.63,94,25,63,8131.14,0.06990821262103902,11,0.03924398918195724,0.6053324336647862,129.07,19702.38,136.11
CUST_1309,D,30,M,Grocery,2,111453.46,12,365,3,4117.82,0.16009504871150018,9,0.2123133203749483,0.5735504215501109,1372.61,33.75,11.74
CUST_1310,C,54,M,Electronics,1,26535.54,60,29,42,2317.19,0.9849500776296969,3,0.24726719217579046,0.765122923437234,55.17,3244.07,99.75
CUST_1311,C,47,F,Home,1,42148.19,64,40,40,1556.38,0.6916903120365226,6,0.17926757821713968,0.47484850527133265,38.91,1518.42,89.0
CUST_1312,D,49,F,Beauty,2,77769.51,19,179,5,5307.59,0.21484468793028189,9,0.29308496444701765,0.3238776188126495,1061.52,147.43,11.04
CUST_1313,C,18,F,Clothing,0,40406.48,54,26,58,2516.35,0.8455246788550436,3,0.15852258056680074,0.6961404399300962,43.39,5405.49,133.77
CUST_1314,B,46,F,Electronics,2,42812.95,40,69,14,961.87,0.4838201494115765,1,0.13252615942959356,0.26545603506510074,68.7,192.37,28.76
CUST_1315,C,35,F,Home,2,32473.43,69,9,50,2783.84,0.8159221477650808,6,0.2375726073124061,0.8124742841644875,55.68,13919.2,121.36
CUST_1316,C,26,F,Electronics,1,19328.7,44,41,51,2735.1,0.7874353716343262,7,0.10967039616234939,0.5932253095345468,53.63,3321.19,113.3
CUST_1317,C,34,F,Books,4,28430.25,53,5,27,766.24,0.7234047447570494,4,0.12246602380056307,0.6135516778443048,28.38,3448.08,74.27
CUST_1318,B,49,M,Electronics,0,54630.31,41,170,12,890.25,0.36082182150356856,2,0.13136187743740357,0.44174410863897146,74.19,62.47,33.42
CUST_1319,B,52,M,Books,4,57154.02,39,184,10,841.87,0.24496793438172154,1,0.10528864898898017,0.2559649617630295,84.19,45.51,13.66
CUST_1320,B,41,M,Beauty,5,57641.99,48,103,9,865.16,0.33347049475127694,1,0.07453457700237083,0.27937614039095504,96.13,74.87,9.56
CUST_1321,A,69,F,Sports,0,170983.42,99,3,48,14295.39,0.03314643439637285,7,0.044263625037510884,0.7083983474629959,297.82,171544.68,143.5
CUST_1322,B,30,M,Books,2,32639.65,39,74,9,1169.58,0.1969688408702676,0,0.09306347064640465,0.2539447149494168,129.95,140.35,18.43
CUST_1323,E,63,M,Sports,0,18877.26,71,8,23,225.44,0.357738248982115,1,0.08463864733104956,0.8827545376806768,9.8,576.12,76.16
CUST_1324,D,56,F,Sports,2,114872.83,12,344,4,6863.2,0.046931242153448065,6,0.29287822200445257,0.6763303448914615,1715.8,79.57,15.82
CUST_1325,C,50,M,Sports,2,48073.56,60,34,58,1855.82,0.8604887503710584,5,0.15392395156501787,0.8675677740365791,32.0,3075.36,130.29
CUST_1326,D,41,M,Books,4,139692.16,23,335,2,4891.8,0.038327715213941946,5,0.3800560936224576,0.4932222198001886,2445.9,29.12,2.16
CUST_1327,D,54,F,Clothing,0,104277.7,19,252,3,7370.26,0.00759241920613995,10,0.37488411750908474,0.3229388212223808,2456.75,87.39,12.86
CUST_1328,D,26,M,Sports,2,112524.72,31,184,4,6699.66,0.11384841098045902,9,0.3693187081070342,0.5898593142969336,1674.92,144.86,14.34
CUST_1329,C,42,F,Grocery,2,41810.84,51,37,44,1573.61,0.5964388008155272,4,0.25524705237686546,0.6857859042695644,35.76,1822.07,98.42
CUST_1330,C,54,M,Sports,1,25035.58,65,33,46,2546.98,0.5987646580303153,4,0.1829325608218289,0.4971251612309622,55.37,3445.91,101.97
CUST_1331,C,55,M,Books,2,29172.36,64,23,45,892.36,0.7330772958149119,6,0.17886888531794476,0.8775216733695733,19.83,1673.18,105.9
CUST_1332,A,45,F,Electronics,4,152260.09,94,21,46,11026.36,0.0,12,0.014899899922448773,0.5336253181417496,239.7,23055.12,95.43
CUST_1333,D,39,F,Clothing,6,79036.42,24,242,3,7290.54,0.06341656389857273,7,0.15435792545584212,0.4284311516726583,2430.18,90.01,0.0
CUST_1334,B,34,F,Grocery,1,41820.77,43,124,12,395.35,0.31554741968828265,0,0.08273228859869473,0.333491492879455,32.95,37.95,28.48
CUST_1335,C,37,F,Clothing,1,24451.82,57,19,54,715.84,0.8675278423410205,5,0.12487184269962984,0.6861162122744169,13.26,1932.77,123.99
CUST_1336,C,49,F,Sports,3,41158.41,66,35,49,2090.59,1.0,8,0.24318960306089651,0.7530810700270566,42.67,2845.53,106.92
CUST_1337,B,36,F,Electronics,1,45887.2,36,147,14,775.5,0.2184255993329092,1,0.0926645674287087,0.5512874674377746,55.39,73.36,36.71
CUST_1338,C,42,F,Books,0,35382.27,57,25,26,2365.72,0.8545247463823267,3,0.22867842431535554,0.8294122530809243,90.99,2365.72,72.59
CUST_1339,C,47,F,Clothing,0,30272.51,41,37,45,457.12,0.9168459079024316,7,0.229069407066808,0.682026909804891,10.16,541.33,106.34
CUST_1340,D,41,M,Sports,3,139331.16,14,178,2,4556.47,0.09098078789062264,8,0.26649739263471706,0.25682917067741695,2278.24,50.91,0.7
CUST_1341,E,46,F,Grocery,4,24768.43,92,20,15,697.58,0.592616018923844,1,0.04817080244498072,0.9472332224444037,46.51,498.27,41.94
CUST_1342,D,45,F,Beauty,0,135342.16,15,200,3,6301.49,0.07258977194741761,10,0.37058451050955304,0.6113367823892575,2100.5,94.05,18.73
CUST_1343,B,21,M,Beauty,2,58735.49,55,90,13,690.39,0.36589977050235284,0,0.13326672964575736,0.4001155109645402,53.11,98.63,29.11
CUST_1344,D,35,F,Clothing,2,148365.06,33,310,5,4215.23,0.007118112631922646,7,0.26172183926839904,0.6055187986237154,843.05,67.77,16.43
CUST_1345,B,75,F,Clothing,0,31606.4,37,168,12,747.02,0.42969604477460466,0,0.1272270337551632,0.43360175806992685,62.25,53.04,33.27
CUST_1346,B,25,F,Beauty,4,43562.69,37,118,3,782.74,0.3869793389691445,1,0.13473955048753636,0.5387930010138736,260.91,19.73,5.62
CUST_1347,B,18,F,Home,1,33281.94,64,137,12,138.18,0.4010401740833799,2,0.1079895389221837,0.5136024396202008,11.52,12.02,32.0
CUST_1348,B,42,F,Clothing,3,61007.01,36,133,2,612.31,0.468734091584545,2,0.08252176632867633,0.5760517109855091,306.15,9.14,7.27
CUST_1349,A,38,F,Electronics,3,124095.53,98,10,51,4161.99,0.09398632025327674,12,0.03373913343200742,0.5971065645867908,81.61,19296.5,114.94
CUST_1350,A,52,F,Grocery,1,138422.09,86,6,60,11855.59,0.05309218941965368,12,0.02990044948211633,0.448189714477036,197.59,101619.34,142.63
CUST_1351,D,39,M,Books,3,75033.73,13,277,2,4824.25,0.03361278115620847,7,0.20652479047257574,0.5246687055128034,2412.12,34.71,5.85
CUST_1352,B,34,F,Grocery,2,58478.71,48,101,14,1063.56,0.29069563677782884,1,0.11495762088690177,0.5478157449574476,75.97,145.98,33.95
CUST_1353,A,35,F,Electronics,0,95525.26,92,12,45,4456.96,0.07487775055492106,5,0.030429421947207137,0.7191713270926613,99.04,15427.94,112.72
CUST_1354,A,42,F,Books,0,77520.59,82,1,51,6109.79,0.013478098378113371,7,0.03330065698155854,0.7732383911879762,119.8,155799.64,200.0
CUST_1355,C,35,F,Clothing,2,32848.56,49,18,44,1293.55,0.8172231253606792,1,0.1160587989444525,0.5681844483716892,29.4,2995.59,98.92
CUST_1356,E,23,F,Grocery,3,16747.24,63,38,21,189.64,0.6776381740747695,1,0.0,0.9984480328311564,9.03,102.11,55.6
CUST_1357,D,40,F,Home,1,75662.78,29,266,2,1668.42,0.10599888951364411,5,0.3083795853139891,0.49089095369029007,834.21,12.5,11.19
CUST_1358,D,41,M,Clothing,4,142949.73,21,214,3,4925.31,0.009129529157641997,9,0.40061293313435575,0.39571459503362266,1641.77,68.73,2.38
CUST_1359,B,63,M,Books,3,43358.02,50,85,11,863.37,0.35105466553165265,2,0.09631552857230133,0.20022617773359455,78.49,110.43,18.18
CUST_1360,A,39,F,Sports,0,177275.67,90,20,36,4149.9,0.015825792135736073,10,0.001652128116437158,0.6899676750581596,115.28,7114.11,90.8
CUST_1361,C,22,F,Grocery,0,35769.14,41,27,47,723.3,0.7682818209849385,3,0.14348457624359068,0.5184388804351755,15.39,1214.11,108.07
CUST_1362,B,42,M,Books,0,31497.86,38,77,11,1107.86,0.23786273079827752,0,0.06562658322270795,0.38320458600722124,100.71,156.24,30.96
CUST_1363,D,58,F,Clothing,0,142691.6,33,231,1,2272.83,0.17804682050109857,3,0.33046928804172876,0.632222667447023,2272.83,9.8,15.08
CUST_1364,E,50,M,Clothing,2,18803.51,73,39,14,225.29,0.335262837500178,0,0.023185149409983893,0.7662603816090429,16.09,78.85,39.89
CUST_1365,A,42,F,Beauty,0,149690.39,89,30,62,7732.83,0.002405432293904876,9,0.007783448038152906,0.5343006698628009,124.72,15465.66,138.02
CUST_1366,A,44,F,Clothing,3,141024.92,92,17,29,7449.58,0.08107221343986261,11,0.01965934878637192,0.72153735066756,256.88,12002.1,69.31
CUST_1367,E,41,F,Home,0,17922.1,72,34,24,694.43,0.4995710459661439,1,0.017916469756827026,0.7185790061896263,28.93,476.18,65.31
CUST_1368,B,45,F,Clothing,6,32991.82,51,66,10,808.68,0.37302398438077106,0,0.0749535239683523,0.3213336247044077,80.87,120.7,9.94
CUST_1369,E,32,M,Sports,0,33879.81,66,5,10,79.36,0.5200191797923612,1,0.06584122957206633,0.8371008936428592,7.94,132.27,56.74
CUST_1370,D,43,M,Grocery,0,146099.81,32,365,3,2737.95,0.0,8,0.3483248855403963,0.40328569411514115,912.65,22.44,14.34
CUST_1371,C,23,F,Home,1,41300.44,68,26,29,948.01,0.896565561493938,7,0.21330030264473188,0.6067522451673555,32.69,1018.23,70.98
CUST_1372,D,22,F,Electronics,3,116358.42,35,237,2,6379.94,0.1902206867472175,9,0.1745434852632937,0.4784736182101891,3189.97,53.61,4.99
CUST_1373,B,34,M,Beauty,3,45226.3,57,160,6,191.46,0.47236452186112105,2,0.08283665549524459,0.30442050534270493,31.91,7.14,9.71
CUST_1374,A,53,M,Grocery,4,114578.96,86,7,33,7157.14,0.08292709839082132,10,0.02894515656867941,0.7559245165556359,216.88,29523.2,83.4
CUST_1375,C,18,F,Home,4,41778.22,69,28,36,2310.25,0.7286952207215591,2,0.22771622087724555,0.7687709606278352,64.17,2867.9,78.95
CUST_1376,B,51,F,Sports,0,41012.07,39,139,4,561.07,0.24839026535225595,0,0.09702542327234498,0.2904854309539322,140.27,16.03,14.53
CUST_1377,B,47,M,Beauty,1,34671.25,50,74,12,492.83,0.2828537317102131,0,0.05833298450735962,0.3396061515795418,41.07,78.85,29.14
CUST_1378,B,35,F,Books,1,32621.73,50,179,15,1118.7,0.4473995152370289,1,0.10955795378031044,0.41466831104775015,74.58,93.22,35.85
CUST_1379,E,49,F,Clothing,0,16313.95,72,20,19,116.94,0.3806006440234291,0,0.04029512800090951,0.821899154062055,6.15,105.8,59.44
CUST_1380,D,21,F,Home,3,74131.97,19,207,3,5218.07,0.0805788886050352,3,0.26244946382265505,0.3246151733019214,1739.36,75.26,3.98
CUST_1381,B,55,F,Grocery,3,44398.79,56,153,9,990.27,0.28186313550316844,1,0.11943138723741062,0.40883503072666527,110.03,57.87,17.83
CUST_1382,B,51,F,Sports,0,33816.29,56,172,5,116.36,0.4880633850733828,0,0.08273439526631111,0.174796342499283,23.27,3.36,14.08
CUST_1383,C,63,F,Beauty,0,44714.03,56,36,22,2565.65,0.9363028983721178,3,0.23105183660140116,0.5978556370486473,116.62,1525.52,58.73
CUST_1384,B,38,M,Sports,0,28839.43,38,99,13,456.5,0.46147164032892657,0,0.06214536623708361,0.43802016850285763,35.12,59.34,35.77
CUST_1385,D,55,M,Grocery,3,135861.1,18,339,5,6993.01,0.10065702054940173,5,0.3376798343543837,0.33228602413086417,1398.6,102.84,7.94
CUST_1386,B,38,F,Beauty,2,53742.75,61,77,14,783.6,0.2335217923641548,2,0.14813913847374094,0.3702415474094653,55.97,140.65,30.7
CUST_1387,A,39,F,Grocery,3,161372.51,97,15,35,4532.76,0.0040236492664155275,7,0.03183777738058068,0.6624977128590505,129.51,9915.41,80.92
CUST_1388,B,35,F,Clothing,3,58167.44,42,101,3,715.57,0.38968177700123824,1,0.1144642240012268,0.49093452857347053,238.52,21.05,7.81
CUST_1389,E,48,F,Grocery,0,34014.87,75,57,13,530.01,0.36457903059678387,0,0.0871132525853225,0.8517080613679475,40.77,118.8,44.79
CUST_1390,C,63,F,Sports,0,35609.59,56,45,23,3055.64,0.7552449940361945,5,0.22009797496363784,0.6546940551449006,132.85,1527.82,61.32
CUST_1391,B,47,F,Beauty,2,43980.58,39,77,10,780.01,0.3819966789119527,0,0.11725294140980003,0.3668701177612339,78.0,100.0,22.64
CUST_1392,E,41,M,Grocery,2,31923.18,89,17,21,51.94,0.5110956392693234,0,0.024901819256322132,0.8326809459060791,2.47,60.6,58.54
CUST_1393,A,48,M,Home,0,96724.02,95,5,61,13913.32,0.04653470115667182,9,0.04239856990179198,0.7513763862028098,228.09,141452.09,157.03
CUST_1394,B,58,F,Books,0,51065.16,60,171,6,1074.6,0.26990008078933153,2,0.071912487103071,0.37317870540569653,179.1,37.49,20.05
CUST_1395,D,44,M,Sports,0,114996.89,14,198,4,5281.75,0.11008371817057101,9,0.3287618487906136,0.4661906770083367,1320.44,106.17,17.83
CUST_1396,E,49,F,Beauty,4,29151.45,71,50,21,332.68,0.5357218658416112,0,0.01349360463189828,0.987985360258514,15.84,136.99,51.76
CUST_1397,B,53,F,Home,0,40790.08,47,72,13,351.63,0.33661022793559303,0,0.09657026241203161,0.43884480918382807,27.05,62.62,36.17
CUST_1398,B,45,F,Home,0,56603.14,53,76,6,901.34,0.215125734844274,3,0.07425250480251674,0.24672546558350741,150.22,70.23,18.25
CUST_1399,C,40,M,Home,0,29695.22,65,12,59,1111.31,0.9698741537068049,2,0.26246760947434744,0.5340232128605109,18.84,5043.64,137.01
CUST_1400,C,46,F,Beauty,0,31421.6,66,9,21,2146.81,0.7380524303285425,3,0.2326890875490766,0.7518501328282639,102.23,4508.3,68.15
CUST_1401,A,35,F,Home,0,138873.83,93,17,60,6943.84,0.006600879424642422,8,0.008218269320495101,0.5814311550112312,115.73,23146.13,137.51
CUST_1402,A,19,M,Beauty,4,181763.78,93,15,76,9867.38,0.05206847901125135,5,0.021096277122533057,0.5012461445726967,129.83,46870.05,156.69
CUST_1403,A,69,M,Sports,2,169371.52,75,22,37,8378.7,0.07196804144881383,6,0.04477828781473483,0.4548233748462908,226.45,13478.78,81.64
CUST_1404,C,46,M,Electronics,0,19265.89,49,40,29,2825.99,0.7452480597718949,7,0.25287780674103,0.40321669707417684,97.45,1998.87,68.56
CUST_1405,C,24,F,Books,3,28237.11,67,4,52,2456.35,0.9965414699647633,4,0.2619786935517073,0.5676286189167672,47.24,25546.04,131.35
CUST_1406,E,38,M,Home,1,33049.44,65,42,24,541.88,0.44532800592711397,1,0.0762201590847249,0.8303356995335223,22.58,302.44,63.99
CUST_1407,B,48,M,Electronics,2,51871.89,39,173,13,197.12,0.4027229301668456,0,0.12292470072713364,0.452146648632547,15.16,14.73,29.62
CUST_1408,E,47,M,Electronics,3,18571.16,76,52,9,609.9,0.7779501125844847,1,0.0,0.92266585959188,67.77,103.57,29.38
CUST_1409,E,48,F,Grocery,2,22948.53,60,20,16,715.18,0.4817690507092176,0,0.077598594621934,0.9467603815024924,44.7,544.9,49.94
CUST_1410,B,38,M,Clothing,1,54968.69,41,165,12,425.11,0.4117135017979848,1,0.09807287738162912,0.2695956283706382,35.43,30.73,27.0
CUST_1411,B,31,F,Beauty,0,40744.3,52,174,12,180.47,0.3412771308699669,0,0.08018022940314495,0.5145333939678947,15.04,12.38,34.87
CUST_1412,A,50,M,Clothing,4,167280.0,86,24,40,13045.83,0.03714915540360165,11,0.03549805804717639,0.5639593272443074,326.15,20873.33,83.45
CUST_1413,B,53,M,Clothing,0,48128.92,64,69,11,304.63,0.26500526173265204,1,0.10660438070433026,0.3154785948487307,27.69,47.87,29.76
CUST_1414,D,18,M,Electronics,3,95099.66,26,174,4,5872.99,0.07841289136581202,3,0.30139994436627576,0.6944078793401729,1468.25,134.24,13.46
CUST_1415,A,32,F,Sports,5,97931.52,79,7,63,12853.69,0.025000155305917413,13,0.014440113392102969,0.500254995285855,204.03,101222.81,135.29
CUST_1416,A,40,F,Beauty,0,146421.31,93,13,51,5435.08,0.09476214184226975,11,0.047047422061817674,0.7096021548380561,106.57,19799.22,123.88
CUST_1417,E,51,M,Books,2,26185.86,62,10,19,313.79,0.31202966073225125,0,0.04277786702156544,0.8604956363992187,16.52,542.0,59.21
CUST_1418,C,46,M,Electronics,0,47557.48,68,22,17,2302.19,0.8261980710201074,7,0.19122667045415404,0.4329679806081167,135.42,1701.62,47.2
CUST_1419,B,46,M,Home,1,46065.81,51,105,10,1138.13,0.40526986261477327,1,0.06464811351758153,0.5360501933631464,113.81,107.37,28.67
CUST_1420,C,53,M,Beauty,3,29097.28,62,1,58,481.73,0.6868399977702723,5,0.2300196175583534,0.85208359406343,8.31,13970.17,200.0
CUST_1421,C,39,M,Books,2,25451.18,55,38,26,2163.25,0.7389458959427675,7,0.27659211232342595,0.4072796323647378,83.2,1442.17,56.78
CUST_1422,B,33,F,Electronics,3,34953.46,51,139,7,878.19,0.2994080224507095,0,0.13319532021320613,0.3388842835128925,125.46,43.91,12.5
CUST_1423,E,51,M,Clothing,5,23027.07,84,15,11,341.69,0.3689924744660375,0,0.05392374929051112,0.9197677912835223,31.06,234.91,32.06
CUST_1424,B,71,M,Beauty,1,48854.68,42,169,14,244.01,0.20948710329753242,2,0.06403521378628015,0.44345265213757595,17.43,20.09,34.46
CUST_1425,C,43,M,Electronics,1,46093.17,47,34,44,1974.18,0.7130470198226526,6,0.2716627683126235,0.5625502773451213,44.87,2481.83,99.19
CUST_1426,C,62,M,Sports,2,43202.64,48,28,28,1547.66,0.94423319729523,2,0.12254568957811814,0.4895586398912778,55.27,1494.29,63.36
CUST_1427,D,38,M,Electronics,1,85480.93,32,211,4,5480.18,0.013229437528442923,7,0.22197248163715333,0.45007538474270103,1370.04,103.4,14.48
CUST_1428,E,28,F,Beauty,0,23022.03,83,21,8,415.19,0.3277729655842819,1,0.06594493080139338,0.9392498693731198,51.9,150.98,39.55
CUST_1429,B,55,M,Grocery,1,41951.32,61,82,5,1087.55,0.35820252570254185,2,0.10561384437544227,0.2600992308393113,217.51,65.52,13.42
CUST_1430,A,42,F,Beauty,2,199515.16,90,17,51,3855.35,0.09537716582160075,11,0.01584317846301392,0.6218183738336984,75.6,10923.49,114.32
CUST_1431,A,41,F,Books,0,99476.07,87,18,57,10753.34,0.025420530914788263,13,0.019314247495503784,0.4749713971650938,188.66,32260.02,129.05
CUST_1432,C,31,F,Sports,3,21870.13,41,7,58,2880.78,0.7717065240290211,3,0.15611621102441844,0.5681619468629947,49.67,20885.66,132.65
CUST_1433,C,26,F,Grocery,1,24097.62,53,23,47,2081.7,0.8188211635806434,7,0.11389276302417546,0.5166268758414218,44.29,4076.66,105.68
CUST_1434,D,45,F,Electronics,4,138483.74,19,281,2,7125.57,0.13240434486144506,7,0.36569126297185345,0.5390609595514559,3562.78,50.54,3.14
CUST_1435,A,31,F,Sports,5,107630.19,96,26,38,13151.77,0.08273179344444408,10,0.0032553696690848133,0.5912092169677627,346.1,18509.9,76.67
CUST_1436,B,36,M,Sports,0,54703.96,42,146,6,957.19,0.3161770060692962,1,0.1313849836715871,0.25462643929188405,159.53,39.07,17.78
CUST_1437,B,45,F,Clothing,2,42244.63,62,110,4,1032.05,0.42430966673351067,0,0.08800247838507308,0.37514140272048146,258.01,37.19,10.41
CUST_1438,A,38,F,Clothing,0,166627.45,92,5,40,10313.63,0.07035183085215818,6,0.031101405278838506,0.7456980220101507,257.84,68757.53,114.91
CUST_1439,C,53,F,Clothing,3,35790.31,58,39,53,2116.4,0.9885774991431794,5,0.11777452029699423,0.4671898022411981,39.93,2804.23,108.91
CUST_1440,C,31,M,Books,0,25787.46,47,37,25,1325.21,0.5802164026212715,5,0.28105049889026457,0.582121890978061,53.01,871.85,64.35
CUST_1441,D,31,M,Home,3,144851.86,23,246,1,6646.77,0.06611435216724422,9,0.2133539817144672,0.5430916612028597,6646.77,26.91,4.27
CUST_1442,C,32,M,Books,5,27939.14,41,28,54,666.85,0.9417265078414901,4,0.13140773601599237,0.48769489026049034,12.35,1241.72,106.33
CUST_1443,E,37,F,Home,2,23501.63,70,40,9,323.61,0.6654488632753573,1,0.06304728349141156,0.9210499139367551,35.96,71.04,32.92
CUST_1444,A,37,M,Grocery,4,158112.23,95,12,61,6612.49,0.03221693286271862,9,0.03365783964739818,0.6156728264354523,108.4,31027.84,130.65
CUST_1445,C,35,M,Grocery,1,29321.83,64,35,47,2710.44,0.8037258467612024,7,0.26940714929546783,0.39293553925378716,57.67,3538.63,101.72
CUST_1446,C,37,F,Beauty,0,25133.61,54,25,55,2990.39,0.9236249036360787,5,0.17091566691436347,0.6286630555915541,54.37,6325.82,126.57
CUST_1447,C,27,M,Clothing,0,32223.23,45,10,49,1107.41,0.6251822622985012,4,0.2578469867593903,0.3981536626510237,22.6,4933.01,115.96
CUST_1448,E,58,F,Beauty,1,31948.2,93,29,17,110.06,0.784587339847392,2,0.0,0.8719749397668354,6.47,62.37,51.89
CUST_1449,C,66,F,Home,5,48176.8,68,39,40,615.04,0.9468374005582112,6,0.15166975714067987,0.6883769200413008,15.38,615.04,81.33
CUST_1450,B,37,F,Grocery,0,36753.91,60,182,8,991.68,0.4621629427793754,1,0.09603553363856374,0.4796850510217362,123.96,43.35,26.14
CUST_1451,E,40,M,Electronics,2,24216.27,92,24,21,544.86,0.3807085739770102,0,0.02738419564374076,0.873592405162643,25.95,457.68,57.64
CUST_1452,C,44,M,Beauty,2,27342.95,51,34,27,2307.29,0.9430516052529736,5,0.27473516786791896,0.6363291829275687,85.46,1779.91,63.67
CUST_1453,A,45,M,Grocery,1,84605.22,82,26,59,11921.81,0.07605961648999465,6,0.025865611054918945,0.39692069656684364,202.06,26051.36,126.78
CUST_1454,C,67,F,Books,0,36266.0,67,10,53,1198.56,0.8435090908007482,1,0.24810826802032107,0.8182607926208548,22.61,5774.88,132.37
CUST_1455,E,45,F,Grocery,4,14116.46,72,29,23,641.8,0.6452962278788004,1,0.033178163569277,1.0,27.9,492.05,57.45
CUST_1456,E,23,F,Sports,0,34252.09,86,26,8,714.49,0.7102949130994676,1,0.043120165967289736,0.9374752863518984,89.31,211.7,38.6
CUST_1457,B,44,M,Home,3,30678.89,49,145,6,751.44,0.294927565458685,0,0.10894829007159815,0.5170812407432642,125.24,30.88,14.03
CUST_1458,B,32,F,Clothing,1,55665.3,38,80,12,300.03,0.3345166767894645,0,0.09434320164166313,0.5073730527819778,25.0,44.45,32.4
CUST_1459,B,18,M,Clothing,0,52862.23,41,117,13,668.82,0.1877575887608432,2,0.11130246061358195,0.5450057480155794,51.45,73.68,37.75
CUST_1460,C,63,M,Books,0,25513.49,64,30,37,1569.8,0.7294538315958742,4,0.21104447396072754,0.4184308741898088,42.43,1873.63,85.7
CUST_1461,C,41,F,Grocery,2,48485.02,43,4,48,708.22,0.837161826195621,3,0.29184797944165014,0.8735745933738124,14.75,6798.91,132.47
CUST_1462,D,36,F,Electronics,1,148010.68,24,256,4,3053.09,0.19043502899925033,6,0.23076460473157553,0.4309504612428455,763.27,47.52,14.01
CUST_1463,C,30,F,Sports,0,33811.27,43,32,61,633.55,0.6986095162134008,3,0.12990521648335135,0.50012016137148,10.39,1171.11,135.13
CUST_1464,B,45,M,Electronics,0,40749.05,41,142,8,826.69,0.4654614032116532,2,0.07535371181376936,0.23046210008576615,103.34,46.25,21.31
CUST_1465,B,45,F,Electronics,3,53976.39,40,72,12,1093.46,0.46473804347147735,1,0.12244347135901656,0.20879766062311078,91.12,179.75,20.56
CUST_1466,C,41,M,Books,4,21308.32,46,38,48,1196.46,0.7589330198987628,4,0.2809667790046497,0.6182075542299746,24.93,1472.57,99.0
CUST_1467,C,47,M,Home,4,46075.19,56,2,37,1379.08,0.7149706414157692,4,0.15852207829506562,0.7358222408429835,37.27,17008.65,126.72
CUST_1468,B,59,F,Sports,2,50608.17,50,177,13,1077.62,0.42825141151516904,0,0.07387865545719513,0.2817098528263028,82.89,78.7,26.2
CUST_1469,B,36,M,Sports,0,43711.94,35,163,13,177.39,0.2773686455458073,0,0.06461332980518468,0.2768958697161621,13.65,14.06,32.15
CUST_1470,B,52,M,Home,1,32125.05,35,81,7,979.84,0.3438734037344083,1,0.08137508523430315,0.2578093763163931,139.98,83.64,17.39
CUST_1471,E,54,F,Grocery,3,33327.72,78,38,13,341.77,0.75427027503996,0,0.027328223138508953,0.7586057411835521,26.29,113.92,34.8
CUST_1472,E,49,M,Beauty,1,33860.46,94,24,9,329.1,0.7212137124107582,1,0.08610847308956472,0.8811736747892543,36.57,118.48,36.79
CUST_1473,D,38,M,Home,3,123119.39,19,198,4,7277.94,0.13223822398282298,6,0.4133561558862705,0.6208371670217094,1819.48,146.29,11.92
CUST_1474,C,51,M,Beauty,5,49443.1,47,39,35,2306.83,0.813898894046571,2,0.17281123367832515,0.5652513560613273,65.91,2018.48,68.87
CUST_1475,B,56,F,Grocery,0,53792.8,43,175,5,743.33,0.21587617859094382,2,0.06972947240237998,0.2603033802963894,148.67,21.12,15.78
CUST_1476,A,41,F,Clothing,1,182126.5,99,13,43,12121.72,0.07102579042704979,11,0.01523690826817342,0.6129963945064577,281.9,37231.0,102.95
CUST_1477,B,63,M,Sports,3,29403.27,56,131,7,1188.64,0.45300654333884094,0,0.10788850956776555,0.32343233813954514,169.81,63.03,12.23
CUST_1478,D,47,F,Clothing,1,152091.66,28,282,2,3137.18,0.1491237834263057,2,0.29519663090866666,0.5231747662067079,1568.59,22.17,11.82
CUST_1479,C,40,F,Clothing,0,27406.08,68,25,51,1186.0,0.8446022370617818,3,0.1457490889095182,0.7902384029874748,23.25,2326.38,121.8
CUST_1480,B,31,M,Clothing,2,30072.81,61,153,10,1033.31,0.25999604328954457,1,0.08847093743810566,0.540831058613528,103.33,67.1,25.47
CUST_1481,A,51,M,Home,4,192564.16,80,11,65,10649.33,0.0988373533145627,14,0.04050083743813482,0.7550289288167994,163.84,57683.87,142.19
CUST_1482,B,47,M,Home,1,34567.95,43,114,14,485.56,0.40595638503899945,0,0.07672454070037409,0.2586566670576303,34.68,59.11,31.05
CUST_1483,E,19,F,Electronics,0,26713.01,65,21,16,254.79,0.3519831037900881,0,0.0470750020743755,0.7023151607351135,15.92,185.3,50.81
CUST_1484,B,38,F,Sports,4,38973.42,39,138,15,1213.02,0.3140130893390034,2,0.07673530997908655,0.5763819706991347,80.87,130.9,30.25
CUST_1485,A,31,F,Sports,0,169958.33,87,18,61,4516.5,0.06492868496465805,9,0.046566172562814485,0.5688152442274937,74.04,14500.34,138.93
CUST_1486,A,36,F,Electronics,1,174450.41,87,9,76,11021.71,0.06994260314173498,6,0.03430859641929204,0.6484915914242787,145.02,83765.0,173.08
CUST_1487,B,24,M,Electronics,0,42437.04,48,181,5,304.7,0.33722939775131594,1,0.07355073133504328,0.4422316337169948,60.94,8.37,19.4
CUST_1488,C,32,M,Clothing,1,43014.36,63,40,42,1991.68,0.8147915936155646,7,0.1398452035486191,0.5824862594659653,47.42,2040.26,95.15
CUST_1489,B,28,F,Books,2,38432.95,49,76,15,361.32,0.4598431698620946,2,0.06846315142794684,0.2380975685500462,24.09,70.39,30.08
CUST_1490,B,34,M,Beauty,0,38681.06,51,138,10,674.99,0.3295359855333702,1,0.1217405841054468,0.28674952607333554,67.5,48.56,26.46
CUST_1491,A,36,F,Beauty,1,77481.34,77,27,62,12921.85,0.03411444456785025,13,0.03592198898812111,0.6386874918547657,208.42,28612.67,137.48
CUST_1492,D,56,F,Electronics,1,142559.49,20,219,3,4555.37,0.0,8,0.4037032987068486,0.37688068533352226,1518.46,62.12,10.99
CUST_1493,E,26,F,Books,2,31369.62,91,9,10,798.3,0.682854176890286,0,0.017368162881330744,1.0,79.83,798.3,45.11
CUST_1494,C,31,M,Beauty,2,30328.08,54,42,52,2743.15,0.8589545360861743,5,0.25198042778517404,0.5824955784739341,52.75,3317.3,112.03
CUST_1495,B,64,F,Sports,2,60002.09,34,120,4,485.93,0.3110502065413015,0,0.07757745839389842,0.5491535545753761,121.48,16.06,13.82
CUST_1496,B,18,F,Grocery,4,43277.04,42,158,9,1090.38,0.3216079758223812,0,0.060702468154864776,0.2909605486881441,121.15,61.72,12.45
CUST_1497,C,37,F,Home,2,24259.72,61,4,59,1953.41,0.8494781464996145,6,0.1799480370194316,0.6834543013867883,33.11,23050.24,150.67
CUST_1498,E,64,M,Electronics,2,17815.6,77,24,22,627.03,0.49234416476322723,0,0.05842940166250905,0.7762995436555182,28.5,551.79,57.69
CUST_1499,A,38,M,Electronics,2,147907.43,89,14,76,5795.46,0.03639467988221991,5,0.027083993594640622,0.7818156481412435,76.26,29363.66,168.78
CUST_1500,C,26,F,Books,0,26378.33,63,40,42,1839.25,0.7059336606655342,7,0.1392069870451883,0.6769865845203485,43.79,1884.11,100.04
CUST_1501,E,34,F,Sports,3,22745.4,76,53,21,353.23,0.6113961474606743,1,0.10539487451152434,0.8359262137537369,16.82,137.37,51.61
CUST_1502,A,28,M,Electronics,5,102023.87,78,28,30,6106.31,0.09754519826720937,11,0.0357694944249281,0.7911809896717312,203.54,6316.87,64.4
CUST_1503,D,31,M,Grocery,0,65540.06,16,278,4,3315.55,0.019020194710700523,11,0.20657409188536852,0.2720612540187476,828.89,47.53,13.8
CUST_1504,E,23,M,Grocery,7,22602.85,69,5,11,534.98,0.6556884035283287,1,0.05220997338357501,0.8820449452813471,48.63,980.8,38.64
CUST_1505,B,44,M,Sports,0,54313.95,42,123,2,779.51,0.46343590981433386,2,0.06418751273347607,0.3661476938752307,389.76,12.57,12.14
CUST_1506,C,51,F,Books,2,33739.56,49,9,27,1929.97,0.7574752447507215,7,0.12236091736354747,0.6957203499651265,71.48,5210.92,73.03
CUST_1507,C,36,M,Home,4,40194.44,68,15,29,2325.38,0.884407808608288,3,0.15865168787619682,0.46915745381153406,80.19,4214.75,62.05
CUST_1508,B,37,M,Electronics,4,45462.41,45,99,10,1127.11,0.43481953350452474,0,0.08514253190913784,0.31569943136482637,112.71,112.71,15.32
CUST_1509,E,43,F,Clothing,0,29412.75,69,17,22,309.14,0.5278792348695762,0,0.09234683243269914,0.7402355862087909,14.05,377.84,64.69
CUST_1510,A,41,F,Clothing,0,200410.94,94,27,47,9302.51,0.07646365873759123,7,0.03837257742191836,0.5005025673529503,197.93,15614.93,107.71
CUST_1511,D,48,F,Books,1,74138.13,16,347,2,6757.41,0.08481082908802737,9,0.358592114936873,0.5395519296690566,3378.7,38.84,12.08
CUST_1512,D,57,F,Books,0,82291.17,15,349,2,3543.31,0.02743912855988152,10,0.2903549180498835,0.5605566511473588,1771.66,20.25,15.5
CUST_1513,A,52,M,Beauty,2,192551.62,85,17,39,9816.98,0.08263625723309465,5,0.037780391448310094,0.7700056516580016,251.72,21270.12,93.28
CUST_1514,A,45,M,Clothing,4,147400.22,88,15,60,11281.98,0.0442545552456345,14,0.03875386771377109,0.6426382540848155,188.03,42307.42,127.52
CUST_1515,C,28,M,Books,2,45630.29,56,6,51,666.81,0.6690099715898234,7,0.1196182304381695,0.8086866305261613,13.07,4858.19,128.84
CUST_1516,C,34,F,Electronics,0,28631.77,41,28,41,1988.54,0.7198399684652588,7,0.10909314109233337,0.6857647576902983,48.5,2811.38,99.29
CUST_1517,B,38,F,Grocery,0,32802.8,41,159,5,1101.25,0.2561727874643751,3,0.08340693267954774,0.4733431498857373,220.25,34.41,20.1
CUST_1518,A,46,F,Clothing,3,123071.15,98,18,30,13736.97,0.00434026201333299,5,0.03722311647875587,0.6436546399672498,457.9,21689.95,69.43
CUST_1519,D,39,F,Electronics,3,76974.87,35,299,3,5684.8,0.04923529994458639,4,0.35261594406190305,0.5598494761704884,1894.93,56.85,8.53
CUST_1520,B,18,F,Home,3,51033.4,54,168,7,735.44,0.27598329799509863,1,0.11825718393579839,0.17366392059201485,105.06,30.46,9.07
CUST_1521,B,59,F,Grocery,0,60779.2,57,122,4,962.5,0.46748856788390253,1,0.06007081044065805,0.4381608179954583,240.62,31.3,17.58
CUST_1522,D,28,F,Books,0,76915.45,23,301,3,5897.56,0.07408851513978154,5,0.145161850532559,0.681156356619981,1965.85,58.59,19.96
CUST_1523,C,45,M,Home,2,39880.87,60,42,38,1591.22,0.7339300566259382,5,0.17134523174668626,0.8735850417581316,41.87,1406.19,89.85
CUST_1524,C,51,M,Home,0,45710.06,47,4,57,2942.18,0.9424962818027532,2,0.26646396922729637,0.7100218651538734,51.62,33540.85,153.2
CUST_1525,B,50,F,Clothing,0,35650.55,38,103,5,481.03,0.332596189078291,0,0.085240215661372,0.5068792608398262,96.21,23.13,21.11
CUST_1526,C,40,F,Electronics,2,22001.35,45,12,31,2458.36,0.822047683301813,4,0.17776031433524864,0.4498926305289758,79.3,5862.24,73.33
CUST_1527,B,31,F,Books,0,40443.0,56,133,7,692.93,0.3342806688172048,2,0.14382477615814604,0.42236264168502685,98.99,36.2,23.2
CUST_1528,A,58,F,Electronics,1,112045.53,81,7,76,8725.27,0.061859717526753476,12,0.02552015438319484,0.8500622951658108,114.81,82890.06,180.29
CUST_1529,B,49,F,Clothing,1,29941.91,36,92,14,319.47,0.4472362732346179,1,0.058226415479093706,0.415512465945171,22.82,48.09,34.4
CUST_1530,A,43,F,Home,3,144100.81,94,30,44,7575.55,0.03678629622101519,11,0.009557302237436666,0.6078738072600762,172.17,10752.39,94.49
CUST_1531,A,23,F,Grocery,0,107522.95,81,11,72,14261.03,0.0,6,0.013494382356601832,0.6174087169765708,198.07,85566.18,165.44
CUST_1532,B,39,F,Sports,5,39208.41,52,71,9,766.92,0.25801921026143715,0,0.09983513342777046,0.22330580657459587,85.21,95.86,8.87
CUST_1533,A,26,F,Beauty,3,140601.55,92,26,65,13737.13,0.07010976127366025,5,0.024947271233766565,0.39633723893330663,211.34,33070.87,132.77
CUST_1534,C,52,M,Home,0,41771.54,60,6,55,2950.72,0.7677481575521982,5,0.15503384629053701,0.6676085953947207,53.65,23184.23,140.02
CUST_1535,E,45,F,Sports,5,22466.24,78,50,12,210.63,0.40112943530711276,0,0.0,0.9529285676539462,17.55,49.56,30.06
CUST_1536,B,26,F,Beauty,5,55873.87,51,107,10,364.31,0.3204760707242205,1,0.1111334003634832,0.40832930961614666,36.43,33.73,14.1
CUST_1537,E,37,F,Home,0,30229.14,80,45,16,631.45,0.5660418586435534,0,0.06734702497975018,0.9312065664948863,39.47,219.63,52.85
CUST_1538,B,43,M,Beauty,0,52777.54,57,71,5,140.92,0.3555466203395229,2,0.14709038183784368,0.3178076817585211,28.18,9.79,17.76
CUST_1539,C,59,F,Home,2,46389.15,46,1,56,1267.12,0.860179860077967,5,0.10947896393746603,0.8031407387439329,22.63,35479.36,200.0
CUST_1540,B,34,F,Electronics,1,51859.16,42,158,11,527.02,0.3735150844768405,1,0.06830652558191332,0.3924775306057592,47.91,36.46,27.48
CUST_1541,B,29,M,Sports,1,49269.91,57,116,6,885.89,0.41923278359290833,2,0.14756575851789214,0.48688875535605064,147.65,45.43,19.6
CUST_1542,E,60,M,Electronics,1,21792.4,62,39,15,511.2,0.5292653439318681,0,0.06883877363299996,0.9525815822005782,34.08,191.7,48.62
CUST_1543,C,18,M,Sports,1,22807.82,45,15,40,1780.46,0.7378468979645263,2,0.2196775262753156,0.7505591260933024,44.51,4451.15,98.68
CUST_1544,C,22,M,Home,4,28109.46,49,18,26,1421.24,0.7596178290773961,6,0.2260626869052051,0.5068570287038745,54.66,1944.85,55.69
CUST_1545,A,37,M,Sports,1,166059.33,96,21,58,7019.27,0.017831168318062963,10,0.013414946319818056,0.5948746528106843,121.02,18505.35,129.66
CUST_1546,D,55,F,Electronics,0,83159.11,13,285,3,3890.54,0.1793706067848662,9,0.3153030198439164,0.6666057938197488,1296.85,40.81,19.68
CUST_1547,C,55,F,Electronics,0,47021.15,40,29,21,1055.43,0.7097432898588892,3,0.23694562311190048,0.40730891522054724,50.26,738.8,53.59
CUST_1548,B,32,M,Beauty,2,40474.38,47,107,13,917.87,0.417630671141737,1,0.09571561557957532,0.3856158040177825,70.61,110.48,28.65
CUST_1549,E,44,F,Electronics,1,32665.1,84,6,11,710.56,0.37951022446275245,1,0.016348383254759492,0.8119216244629318,64.6,1116.59,51.91
CUST_1550,B,51,M,Grocery,2,53444.8,52,61,12,858.27,0.4407247785035282,2,0.10023386778232962,0.4176360439381266,71.52,166.12,27.99
CUST_1551,A,45,M,Clothing,3,139665.0,78,22,69,10173.25,0.09826907806918034,12,0.022866982460397055,0.49326237654349037,147.44,30519.75,143.41
CUST_1552,C,44,M,Sports,3,34365.15,44,22,54,2677.23,0.6041530419501615,6,0.1273487238043904,0.4840166557064636,49.58,6285.67,113.23
CUST_1553,B,30,F,Electronics,2,34329.14,55,80,4,876.03,0.24180785843232913,0,0.10132883824062225,0.3238213698017073,219.01,43.26,9.73
CUST_1554,C,42,M,Grocery,0,47388.01,70,9,47,2814.8,0.9466369024606307,7,0.20408536566292834,0.8564881749951868,59.89,13229.56,122.24
CUST_1555,B,30,M,Grocery,3,42018.91,53,154,11,1083.54,0.48027030168746065,0,0.1586462305217796,0.1950505834484924,98.5,76.9,17.55
CUST_1556,B,40,M,Books,2,36801.29,59,116,5,798.81,0.29175688361307334,1,0.14060681662772267,0.42738953652514416,159.76,34.14,13.41
CUST_1557,D,46,M,Sports,0,89969.26,16,269,5,4785.47,0.04011335005828823,11,0.24498703574541028,0.43194030416301815,957.09,88.62,19.01
CUST_1558,B,38,F,Grocery,0,47314.28,47,85,3,326.63,0.5102057129808514,2,0.13091929610790312,0.2368970792213585,108.88,11.39,11.91
CUST_1559,E,26,F,Clothing,1,22819.91,83,53,21,221.83,0.6504815543273308,0,0.008982446215248806,0.8141829082559358,10.56,86.27,57.17
CUST_1560,A,46,M,Books,4,92275.52,88,25,72,9809.74,0.03180684894592732,14,0.034276045976271007,0.512072167228647,136.25,27165.43,146.24
CUST_1561,A,34,M,Home,1,189896.73,83,6,43,6026.54,0.0040032585882906315,13,0.04907316693679415,0.7090458750735876,140.15,37020.17,113.85
CUST_1562,C,42,F,Beauty,0,29039.9,49,17,55,491.8,0.8160933134422795,4,0.17842511314246784,0.72221719435367,8.94,1502.72,130.33
CUST_1563,C,48,M,Grocery,0,22248.48,46,1,28,1250.61,0.6438339101996989,2,0.13263996392498847,0.5016213088655589,44.66,17508.54,166.03
CUST_1564,E,48,M,Sports,2,26981.17,86,42,16,290.93,0.49387561597739493,1,0.03266556323615921,0.8714149841651333,18.18,108.25,45.81
CUST_1565,C,60,M,Grocery,4,44414.85,61,32,22,1699.09,0.6934111095550524,6,0.13145506785844097,0.7064775994083544,77.23,1132.73,49.25
CUST_1566,C,40,F,Home,1,39279.37,59,14,56,893.85,0.88435369275035,2,0.18550231210864596,0.5144559653479767,15.96,3337.04,126.43
CUST_1567,E,53,F,Home,1,24854.89,85,10,18,467.84,0.5237102281193583,1,0.024018688307778393,0.827635680022844,25.99,765.56,59.55
CUST_1568,A,36,M,Books,0,165672.89,95,9,43,9181.32,0.030948890950522785,5,0.04618916587767155,0.4963340862628656,213.52,39479.68,107.04
CUST_1569,C,39,M,Beauty,2,46079.45,68,30,33,2047.81,0.6333645815307388,2,0.2391701301136185,0.4836782843583168,62.05,2179.93,73.01
CUST_1570,C,37,M,Sports,3,25836.86,51,5,55,1603.14,0.6197958697511274,6,0.15956357819853292,0.40991832245077475,29.15,14695.45,129.2
CUST_1571,E,46,F,Books,4,35233.69,63,31,18,535.04,0.4663364697534014,2,0.022389566880434794,0.882312979779831,29.72,300.96,44.87
CUST_1572,D,42,M,Beauty,2,90505.71,28,327,4,3098.19,0.06917887124229215,5,0.3753875264063876,0.4617168314061141,774.55,37.78,11.54
CUST_1573,B,50,M,Books,1,55366.92,56,94,12,1197.93,0.23415369283291104,2,0.0840218089880106,0.38923987319589626,99.83,151.32,29.85
CUST_1574,A,50,F,Sports,1,126906.67,78,16,43,11540.47,0.04029771901503518,12,0.03449251915550645,0.7773632367422001,268.38,29190.6,104.8
CUST_1575,A,34,F,Sports,1,199675.15,98,26,44,4581.66,0.07437230767679338,7,0.006888789314078214,0.7793574372288867,104.13,7466.41,104.43
CUST_1576,B,51,F,Sports,5,32986.42,49,94,11,941.97,0.23044940939418918,2,0.12406166885640263,0.49049040892752394,85.63,109.07,17.87
CUST_1577,E,42,M,Books,3,26610.53,60,11,12,341.83,0.403092706510167,0,0.08435954292904377,0.9759232850361647,28.49,341.83,43.61
CUST_1578,E,33,F,Sports,5,22313.22,93,27,20,379.44,0.6497725367913253,1,0.04133098645147744,0.7899905705193446,18.97,271.03,44.5
CUST_1579,E,34,M,Home,0,29007.45,76,43,11,554.24,0.4232061451681953,0,0.0,0.830381405111208,50.39,138.56,40.93
CUST_1580,E,38,F,Clothing,0,32460.88,68,4,24,542.34,0.6202116967429454,0,0.014349008442608457,0.7909629518344731,22.6,2603.23,88.82
CUST_1581,B,22,M,Sports,5,33899.14,56,184,2,976.42,0.23101397829814238,2,0.12198262602753591,0.2090348768811534,488.21,10.56,0.0
CUST_1582,E,51,M,Clothing,0,16524.28,85,58,17,768.96,0.40409022423440005,0,0.03388156378407924,0.990282422477664,45.23,221.56,55.53
CUST_1583,C,52,M,Clothing,2,39617.99,62,33,44,1047.09,0.7930298206522784,5,0.15633712421892632,0.9332628968816199,23.8,1355.06,103.7
CUST_1584,B,60,M,Clothing,1,31370.71,44,146,7,1157.56,0.3089509050534317,1,0.15096800922072398,0.4973283519594821,165.37,55.12,21.63
CUST_1585,A,48,M,Clothing,0,111148.33,97,27,42,7577.68,0.040819462052743505,4,0.017082120671064998,0.42690277154278106,180.42,11366.52,96.24
CUST_1586,C,51,M,Clothing,0,45739.76,70,31,36,1005.01,0.6753737795293719,6,0.1340467262785583,0.8466331031564462,27.92,1130.64,92.16
CUST_1587,C,55,F,Clothing,5,25221.27,61,41,42,1988.14,0.7605223460206535,5,0.18979187927031432,0.4632328024925614,47.34,1988.14,80.7
CUST_1588,A,28,F,Clothing,1,120906.75,89,20,35,11570.51,0.008340530143098096,8,0.04679766876198895,0.7401316443840101,330.59,19284.18,86.8
CUST_1589,D,60,F,Books,5,148303.34,36,220,1,4449.52,0.1702471959612372,6,0.1481285626047474,0.3189096493807427,4449.52,20.13,0.0
CUST_1590,C,27,F,Grocery,5,47466.8,41,16,24,2308.63,0.6400797061497017,3,0.2375048627564636,0.4818777945024423,96.19,3259.24,48.89
CUST_1591,E,43,F,Sports,0,28674.03,93,29,11,577.97,0.5310456315750479,1,0.05742824771471571,0.9076341368781241,52.54,211.92,43.6
CUST_1592,B,26,F,Grocery,1,40126.37,61,68,5,1212.99,0.40183990087306015,0,0.10718145626577508,0.2985730538689059,242.6,87.9,14.44
CUST_1593,D,43,F,Electronics,0,80582.7,27,266,4,7200.43,0.1101600595245478,6,0.29204401673880553,0.5496647414497692,1800.11,107.87,19.37
CUST_1594,B,40,F,Electronics,1,40760.49,36,90,5,880.88,0.32741682439759,2,0.0828930161632942,0.592091588737322,176.18,48.4,19.95
CUST_1595,D,43,F,Books,0,133972.14,12,303,4,6822.96,0.19527828238789777,3,0.3307662894323981,0.26455379550685504,1705.74,89.78,13.62
CUST_1596,C,30,F,Home,0,50337.51,47,35,20,1783.92,0.7310407198685529,3,0.23747279347483452,0.6635644027696797,89.2,991.07,56.13
CUST_1597,D,31,M,Electronics,0,98153.4,15,331,4,7688.64,0.10864712027257026,9,0.35661356238063824,0.49152466094267877,1922.16,92.63,18.13
CUST_1598,D,39,M,Clothing,0,138345.91,29,248,1,5419.4,0.1291756096141544,3,0.2413486376778085,0.47893734363855306,5419.4,21.76,11.98
CUST_1599,C,37,F,Electronics,1,26543.34,57,41,56,947.9,0.9252469498888636,7,0.2172248302495554,0.7868892442586083,16.93,1263.87,127.18
CUST_1600,E,53,F,Beauty,0,32188.99,64,57,12,682.15,0.7454736768715927,1,0.009785853260542926,0.8809133222435827,56.85,141.13,43.37
CUST_1601,A,25,F,Books,1,109599.38,97,8,32,14723.04,0.019062118890684616,10,0.022918125446529557,0.6377657891942173,460.1,52348.59,86.26
CUST_1602,B,35,F,Electronics,1,61466.69,51,163,11,785.67,0.28625350444077174,2,0.1434739917655801,0.4535150822425733,71.42,52.7,28.68
CUST_1603,D,30,M,Home,0,108881.05,16,156,5,2191.94,0.02171042923307252,3,0.15681093974608945,0.3418332765449107,438.39,69.81,17.48
CUST_1604,A,56,M,Beauty,3,148797.0,80,6,47,9992.14,0.052106435877701834,6,0.016499553176247718,0.48658929651233607,212.6,67090.08,111.4
CUST_1605,A,27,M,Sports,0,147884.39,85,20,52,8266.18,0.0,7,0.020242905590052686,0.3780422548434364,158.96,20468.64,116.56
CUST_1606,E,34,M,Beauty,1,23602.29,67,51,17,159.11,0.602724780766694,1,0.07288588512179614,0.8208402914904976,9.36,52.02,49.38
CUST_1607,B,41,M,Electronics,2,54458.25,62,81,8,703.44,0.35959724757356726,0,0.05788418663571385,0.4812428875062033,87.93,68.63,20.86
CUST_1608,E,59,F,Books,0,25137.63,77,38,21,184.06,0.6499741785013609,1,0.03780766035680902,0.7770893401095496,8.76,99.11,60.17
CUST_1609,D,25,F,Grocery,2,138227.53,16,329,1,2513.3,0.04787210937894072,6,0.37001753277184934,0.32373538305157057,2513.3,7.62,2.78
CUST_1610,A,50,M,Grocery,3,111444.18,95,27,56,10686.37,0.103094880328988,4,0.02015211023291191,0.7680226681032343,190.83,21372.74,122.06
CUST_1611,A,18,F,Sports,1,113647.3,90,25,80,10720.34,0.07835397677721721,9,0.017130225009625275,0.45612401612019937,134.0,32985.66,170.12
CUST_1612,B,52,F,Grocery,0,48778.68,46,88,10,671.44,0.37587249288812585,0,0.11923490695640558,0.4783310304443504,67.14,75.44,30.7
CUST_1613,C,36,M,Electronics,3,20463.13,53,22,26,1755.92,0.9692920835889247,5,0.29200595732259155,0.5284412192498573,67.54,1984.95,58.11
CUST_1614,D,25,F,Grocery,2,116902.64,26,342,3,6299.42,0.14892632066153658,6,0.19067523916037987,0.6637020157835252,2099.81,55.1,13.57
CUST_1615,B,32,F,Electronics,0,34940.13,50,135,5,1037.96,0.37151760618748714,0,0.14055677773451372,0.24533964453858362,207.59,38.16,15.65
CUST_1616,D,41,F,Clothing,0,113654.19,22,207,5,3856.06,0.17054916520334124,3,0.16671942569509762,0.7297474070752057,771.21,92.69,25.08
CUST_1617,E,38,F,Grocery,1,17532.56,81,37,23,112.17,0.34405909227118964,0,0.09916109182583986,0.7396769378365975,4.88,67.89,60.5
CUST_1618,B,39,F,Books,3,54883.77,61,99,11,870.03,0.4402639879001804,1,0.13141482588686748,0.4519858077052911,79.09,95.7,23.05
CUST_1619,E,39,F,Clothing,0,17861.18,92,35,18,347.83,0.31340246040335895,1,0.08859742598100728,0.9574842920972744,19.32,173.92,58.01
CUST_1620,B,33,F,Sports,0,45637.33,52,78,4,748.46,0.3684888356086366,1,0.11109214190954067,0.41347404965792,187.12,37.9,17.55
CUST_1621,E,41,M,Books,3,32206.03,75,44,10,470.44,0.4761857849872363,1,0.07529343192397514,0.7678590396842807,47.04,104.54,28.63
CUST_1622,C,48,M,Books,1,43095.3,72,22,37,2388.69,0.9340818266645018,3,0.25061204946749527,0.7553970467064977,64.56,3842.68,90.65
CUST_1623,C,32,F,Beauty,0,25228.83,70,36,55,1536.93,0.8762672305970051,1,0.18734156072322974,0.604969799300145,27.94,2284.63,124.88
CUST_1624,D,56,F,Clothing,3,116043.53,20,322,1,4572.72,0.07623424187297735,7,0.36861182356346317,0.6622598729800415,4572.72,14.16,6.56
CUST_1625,D,53,M,Grocery,0,101606.65,12,274,1,7874.53,0.05331877270106724,5,0.31612101810985466,0.6047879394432477,7874.53,28.63,14.46
CUST_1626,D,54,F,Sports,6,129809.52,28,363,2,4165.7,0.1659172250912393,11,0.31679692340186183,0.638849273376946,2082.85,22.89,0.0
CUST_1627,C,51,F,Sports,1,19765.77,44,6,54,1535.54,0.872578938732925,4,0.2728902655935767,0.7215825065719466,28.44,11845.59,136.1
CUST_1628,E,41,M,Electronics,1,19037.14,94,52,23,382.57,0.381631971255706,1,0.02555096247832634,0.905605808165425,16.63,166.02,63.04
CUST_1629,B,46,M,Sports,0,43727.27,52,165,2,806.85,0.27873644527293745,0,0.08034432464571403,0.2945894723758438,403.42,9.72,10.5
CUST_1630,D,26,F,Books,3,102635.28,21,193,1,5507.75,0.1180517636170983,4,0.3483152520013355,0.4906716279527043,5507.75,28.39,3.33
CUST_1631,A,29,M,Books,0,76382.39,76,15,42,7612.41,0.016421400627593515,13,0.021312167820635632,0.6206204583662085,181.25,19982.58,103.08
CUST_1632,C,18,M,Beauty,0,46408.88,54,7,28,2812.9,0.8632764278344047,3,0.2039701110373022,0.5205840801899251,100.46,9845.15,80.7
CUST_1633,C,58,F,Home,3,40515.8,42,15,39,2467.92,0.838933935350647,3,0.23484279964453134,0.5190917372591982,63.28,6015.56,86.05
CUST_1634,B,39,F,Sports,0,56536.43,54,151,12,1092.77,0.331260673234159,1,0.07698578093067861,0.18074946316005236,91.06,86.27,28.28
CUST_1635,D,45,F,Books,1,111872.76,12,241,1,7827.83,0.15772806375386156,4,0.16164789859681242,0.6573435414800388,7827.83,32.35,12.56
CUST_1636,B,57,M,Clothing,3,47269.27,35,113,11,266.94,0.49976209147956885,2,0.13136481557294014,0.5627328500838762,24.27,25.76,25.14
CUST_1637,C,46,F,Beauty,2,33055.86,46,15,45,2170.02,0.5859585153763366,2,0.1579891705700141,0.4203367568520827,48.22,6103.18,99.07
CUST_1638,A,33,M,Books,4,128584.18,80,28,46,9247.18,0.039630385678489394,11,0.027153640229442173,0.46761001395589935,201.03,14667.94,92.92
CUST_1639,E,51,M,Sports,0,22563.94,79,14,19,76.23,0.3573603885983903,1,0.013930222425672757,1.0,4.01,96.56,65.14
CUST_1640,E,35,M,Clothing,5,24763.48,91,34,10,611.0,0.7338742902839682,0,0.09702790509972352,0.9181034070823475,61.1,174.57,26.3
CUST_1641,B,48,M,Sports,0,56719.08,44,97,4,559.72,0.3902198002257136,2,0.09460539654157676,0.5235052197489294,139.93,22.85,19.5
CUST_1642,C,34,M,Sports,1,31316.0,47,15,34,2664.94,0.8587997288720511,7,0.24578396025651592,0.6136759666034357,78.38,5663.0,83.94
CUST_1643,C,58,F,Grocery,1,24273.45,58,10,32,1288.06,0.9873082533602406,4,0.15853122016961946,0.8659735477810345,40.25,3747.08,88.32
CUST_1644,D,65,F,Clothing,5,77980.58,19,234,3,5598.03,0.13207654468091437,7,0.37909278813850217,0.43320429663078885,1866.01,71.46,0.09
CUST_1645,A,31,F,Beauty,3,97341.04,90,25,47,2841.29,0.055718550638667576,6,0.03874939453562729,0.5171846633557176,60.45,5136.18,99.34
CUST_1646,D,29,M,Sports,1,135560.13,19,211,2,5976.1,0.038813884421055,10,0.17016709438579564,0.6859172968706154,2988.05,56.38,15.19
CUST_1647,D,23,M,Clothing,1,94674.8,15,287,5,6666.28,0.10454440803419131,11,0.42041945555853544,0.3866352745274111,1333.26,115.73,15.08
CUST_1648,B,39,M,Clothing,2,39689.2,62,105,2,656.6,0.3436779746342081,1,0.09979953433568005,0.3707204765714835,328.3,12.39,6.37
CUST_1649,E,33,F,Sports,0,33492.02,93,27,23,699.64,0.38937818042200467,0,0.08813558154344943,0.8205101037971678,30.42,574.7,66.11
CUST_1650,C,39,M,Electronics,0,23108.72,40,37,31,1329.22,0.8124597670929694,5,0.12735776437408847,0.6505396435024945,42.88,1084.36,77.71
CUST_1651,A,49,F,Clothing,1,112264.95,84,21,77,9524.03,0.010280552166021615,15,0.01655521634311686,0.4693230592992265,123.69,33334.11,165.15
CUST_1652,A,46,F,Home,0,93498.59,90,12,61,10978.02,0.06657866047530252,5,0.024263619178144485,0.5029943784020443,179.97,51512.25,140.39
CUST_1653,B,40,F,Home,2,39187.35,46,164,10,1000.76,0.25352295274648107,2,0.05794799166363624,0.3012472795713907,100.08,60.65,20.63
CUST_1654,E,43,F,Beauty,0,28849.64,67,34,15,711.22,0.6178378921739985,0,0.004400458469387707,0.9398171931316541,47.41,304.81,51.74
CUST_1655,A,48,F,Beauty,1,99128.58,95,20,61,13466.87,0.06103256539983051,9,0.030767840073637198,0.5576863171586985,220.77,39118.05,135.15
CUST_1656,E,44,F,Books,4,27750.77,78,55,15,514.51,0.4114068734225576,0,0.0403081958320494,0.9689698712514891,34.3,137.82,39.2
CUST_1657,C,36,M,Books,2,51352.48,40,19,24,1975.61,0.7622894997465788,1,0.2641285696448577,0.7386856312569683,82.32,2370.73,62.04
CUST_1658,E,18,M,Clothing,3,25638.54,70,2,20,106.13,0.2878066520702467,0,0.058016126779088135,0.9672544267409073,5.31,707.53,100.35
CUST_1659,A,35,M,Sports,3,154264.64,85,27,54,12547.97,0.0013869372002121745,10,0.04344100401749718,0.5669460864744783,232.37,24199.66,114.04
CUST_1660,C,18,M,Clothing,2,42713.78,45,42,44,1683.15,0.8322082641871131,5,0.17452196924618213,0.5870536375371119,38.25,1722.29,96.12
CUST_1661,E,18,M,Home,5,23749.22,67,61,15,492.19,0.32168382692208547,1,0.047862068952483655,0.8569195682042805,32.81,119.08,33.78
CUST_1662,C,30,F,Grocery,3,38429.94,57,35,29,1294.89,0.8813729328296487,4,0.22670121460117562,0.844263208332491,44.65,1043.11,68.74
CUST_1663,B,44,F,Beauty,1,49085.18,63,141,13,823.43,0.3557093120236124,1,0.13071490790109397,0.4556318209647364,63.34,75.38,32.82
CUST_1664,A,55,M,Electronics,4,118273.47,95,1,33,12275.93,0.08572897256262103,7,0.023296504867632878,0.4688405101657659,372.0,202552.84,163.38
CUST_1665,C,20,F,Beauty,2,44014.55,54,23,20,1944.46,0.9089158681431285,2,0.2873008039149095,0.6139961379967225,97.22,1620.38,50.63
CUST_1666,B,43,M,Grocery,1,40551.62,61,172,8,833.39,0.36267198746592305,1,0.12911610916751592,0.5073271785582901,104.17,38.54,23.73
CUST_1667,E,27,F,Sports,0,19993.01,70,15,19,686.86,0.6494047846412424,0,0.08410524547248334,0.9028742085905651,36.15,815.65,62.72
CUST_1668,B,18,M,Beauty,3,46347.98,45,105,6,399.58,0.26671990475224,1,0.110600555778972,0.438355866175451,66.6,22.62,12.72
CUST_1669,D,41,M,Grocery,4,133055.32,14,189,4,4476.73,0.0,6,0.2688533932436481,0.48539880645298805,1119.18,94.25,6.24
CUST_1670,E,40,F,Grocery,4,20657.61,63,1,19,728.25,0.6703638916806431,1,0.058978416502108076,0.7043141749260371,38.33,6918.38,140.09
CUST_1671,B,18,F,Sports,1,36390.86,59,59,7,633.97,0.4480247293204025,1,0.13125639077886958,0.22079853462729568,90.57,73.96,17.11
CUST_1672,A,45,F,Grocery,1,119919.5,90,18,65,14946.09,0.06872632416132832,12,0.03607824644945629,0.5332043035778056,229.94,51131.36,143.22
CUST_1673,E,52,F,Home,2,19554.29,87,32,18,500.33,0.5850426137528671,1,0.043635715905683596,0.8136974492472409,27.8,272.91,49.4
CUST_1674,A,18,F,Beauty,2,92424.85,97,8,40,14637.31,0.042046567186419484,10,0.01742501168170513,0.5531894986185502,365.93,65054.71,97.56
CUST_1675,D,31,F,Sports,2,98323.61,20,315,4,4308.52,0.0607271393670641,3,0.1850668497352051,0.558806581892944,1077.13,54.54,13.49
CUST_1676,C,56,F,Home,4,20628.58,62,32,47,586.38,0.826822558752787,5,0.16678610092086527,0.43130307496329257,12.48,835.15,93.75
CUST_1677,D,40,F,Clothing,2,137878.86,26,365,4,6399.48,0.20601787820839035,8,0.3739579329951158,0.498258365110928,1599.87,69.94,12.24
CUST_1678,A,45,F,Electronics,0,179209.19,94,24,33,2602.19,0.04061261447531229,8,0.0,0.6880960241465247,78.85,3434.89,83.93
CUST_1679,B,26,F,Grocery,3,44490.04,46,133,5,910.3,0.3290869938571253,2,0.10751349939627725,0.45913937232138496,182.06,33.97,10.93
CUST_1680,B,42,F,Sports,2,52989.85,50,89,12,984.08,0.46934589889989947,1,0.09419188715348581,0.38752802738720765,82.01,131.21,26.87
CUST_1681,E,45,F,Beauty,1,32430.13,65,22,9,627.46,0.731498533604058,1,0.01952308373284412,0.9116461769937786,69.72,245.53,37.78
CUST_1682,E,44,M,Sports,0,26150.14,70,5,12,750.55,0.7637398910039674,0,0.011298073121292152,0.8495452713072184,62.55,1501.1,60.99
CUST_1683,B,57,F,Beauty,3,57128.95,40,139,8,233.99,0.42453873231057854,2,0.06574036645155158,0.4542408551634333,29.25,13.37,16.8
CUST_1684,E,44,F,Books,3,23737.58,81,8,12,447.56,0.77436846701178,1,0.016972140053028262,0.7409047772710393,37.3,596.75,42.32
CUST_1685,C,29,M,Books,1,47491.93,51,36,26,2546.85,0.6515133386235124,5,0.29657589955400265,0.6317331597512059,97.96,1789.68,64.41
CUST_1686,B,50,M,Grocery,1,52452.65,49,169,9,685.28,0.4362002864971637,1,0.061080378204232844,0.30324662059244434,76.14,36.28,21.66
CUST_1687,E,19,F,Electronics,0,31288.15,82,38,23,466.11,0.7396080738657611,0,0.09102298120085385,0.9002424201094776,20.27,274.89,66.64
CUST_1688,C,30,M,Grocery,3,31067.26,47,23,27,2799.37,0.6772780820643999,2,0.15729775639987956,0.47671580394902474,103.68,3149.29,58.88
CUST_1689,A,25,F,Sports,5,170981.25,88,23,40,12467.25,0.0710162765752659,5,0.015312203839300747,0.6025879911178045,311.68,20778.75,81.4
CUST_1690,E,43,F,Books,3,26523.89,91,47,21,449.39,0.6062897321235091,0,0.018508818914962605,0.9159525920748729,21.4,196.61,53.45
CUST_1691,E,23,M,Grocery,3,20799.81,76,31,21,604.09,0.560375047333625,0,0.012605025157296225,0.9669628343998239,28.77,396.43,55.57
CUST_1692,B,33,M,Electronics,0,53380.74,48,94,5,1023.71,0.39753064566827867,1,0.07944053577003857,0.41100511543377316,204.74,53.88,19.28
CUST_1693,C,50,F,Grocery,5,32190.48,65,19,35,2334.8,0.8492002595714665,3,0.20136661115897803,0.48799200030107137,66.71,4085.9,70.02
CUST_1694,E,18,F,Electronics,1,17052.64,77,40,17,233.87,0.4557106295232297,0,0.007562567459407863,0.9766810313146577,13.76,96.97,53.03
CUST_1695,B,48,M,Sports,2,57311.96,35,77,9,982.61,0.2768795127134077,0,0.12300589999602161,0.4787913072878433,109.18,113.38,22.87
CUST_1696,D,52,F,Books,0,133553.89,22,321,1,7659.54,0.13395292899049602,7,0.21580450005325982,0.6368501365647268,7659.54,23.79,15.05
CUST_1697,B,18,F,Sports,1,58070.08,60,124,10,647.16,0.4855022497937999,2,0.08764198157033719,0.3003942266516909,64.72,51.77,23.81
CUST_1698,C,56,M,Books,0,38322.07,64,32,43,1706.71,0.6192904115740528,4,0.17445883036371693,0.5364860294832181,39.69,2223.89,99.85
CUST_1699,A,48,F,Clothing,6,158067.14,88,9,74,4477.73,0.08773918046865191,5,0.005245060813014927,0.6826659562967234,60.51,33135.2,154.76
CUST_1700,C,44,F,Electronics,4,33469.6,66,29,27,1169.13,0.7490805989528726,7,0.2578770109576953,0.584648258691314,43.3,1052.22,57.14
CUST_1701,C,34,F,Home,3,31448.06,51,37,23,2298.11,0.9474929116599541,3,0.14974965188725217,0.8256426989608027,99.92,1390.96,56.22
CUST_1702,B,55,M,Books,2,41640.36,56,162,15,712.59,0.40409723121796753,1,0.10405399198885858,0.5522492195166904,47.51,65.58,35.66
CUST_1703,A,44,F,Electronics,2,194697.78,90,16,65,5468.94,0.03317039720237232,10,0.03363192199919602,0.6566572649061163,84.14,20910.65,143.38
CUST_1704,B,18,F,Home,1,55268.93,54,124,6,451.31,0.2748399534123229,0,0.11628901615216411,0.49807658098364416,75.22,21.66,19.77
CUST_1705,D,49,M,Beauty,6,86496.15,28,336,6,2440.52,0.06050356485238573,7,0.25045005000202347,0.40797003597735054,406.75,43.45,2.46
CUST_1706,C,18,F,Electronics,4,47525.99,55,27,44,1315.37,0.6830941888550339,3,0.201078103558386,0.6670645388801469,29.89,2067.01,93.04
CUST_1707,A,43,M,Beauty,4,198086.48,84,18,70,11844.38,0.02124751725349734,6,0.04920825092721708,0.6205085417525907,169.21,43637.19,145.97
CUST_1708,D,52,F,Books,0,127459.75,30,204,1,5663.78,0.0453433318655309,9,0.31423825610449146,0.4721288195579113,5663.78,27.63,11.93
CUST_1709,B,31,F,Sports,2,42335.94,47,168,6,289.0,0.2994478129682088,2,0.07800624513367198,0.4830501502601961,48.17,10.26,16.26
CUST_1710,A,36,M,Grocery,5,98466.02,85,27,40,13715.97,0.05089976721476409,7,0.0045527062156618,0.657412309430303,342.9,19594.24,81.85
CUST_1711,A,53,F,Grocery,1,164666.6,92,20,75,10879.82,0.031425415500044136,7,0.023274593976864946,0.4670550618672925,145.06,38856.5,161.34
CUST_1712,E,31,M,Electronics,0,24456.32,93,35,21,387.16,0.7905207970159659,0,0.08387916111935512,0.7265825184328683,18.44,225.84,59.39
CUST_1713,B,30,F,Home,3,45164.05,48,132,13,228.8,0.359774254437257,2,0.07413623834160707,0.4782265669639632,17.6,22.36,27.32
CUST_1714,A,60,M,Sports,1,192213.02,90,15,50,8928.21,0.06214623644549233,8,0.04106224809621153,0.6233631305682011,178.56,27900.66,116.13
CUST_1715,C,45,M,Grocery,0,22209.54,64,32,46,1521.41,0.6590506367799892,6,0.11983267736254472,0.5293607721064704,33.07,2120.75,105.71
CUST_1716,A,56,F,Home,2,121882.25,92,22,73,10718.73,0.05648362242526761,15,0.01398013312773825,0.7745684226478361,146.83,34020.32,160.04
CUST_1717,D,28,F,Clothing,0,96083.54,27,196,3,3050.54,0.09314694704505637,8,0.36133813030283385,0.6228926017575697,1016.85,46.45,18.97
CUST_1718,B,52,F,Books,1,53131.37,65,108,9,603.94,0.26666337975923005,0,0.13651034352684294,0.4611704156559935,67.1,49.87,25.15
CUST_1719,A,35,F,Electronics,0,169265.31,90,12,53,14386.51,0.08844356550593681,9,0.009952463447245428,0.7222660882285574,271.44,58652.69,128.78
CUST_1720,D,37,F,Sports,1,74525.47,22,207,4,3003.89,0.026152962073418978,7,0.3365917978404067,0.6513472211780681,750.97,57.77,18.51
CUST_1721,E,18,M,Beauty,3,18605.49,92,2,24,345.23,0.6510909667614664,0,0.06106545829106,0.9818131999891537,14.38,2761.84,108.64
CUST_1722,E,74,F,Sports,0,29653.03,59,55,23,81.78,0.3531220801658324,1,0.07190110269615052,0.7655447831950555,3.56,33.59,63.13
CUST_1723,E,32,M,Books,2,20893.43,87,5,20,363.44,0.5325370908406795,0,0.048290655023250535,0.7242560722103404,18.17,1211.47,68.49
CUST_1724,E,46,F,Electronics,4,32626.98,77,39,18,98.35,0.5716760389319261,1,0.038324489111171915,0.9651214381655265,5.46,44.26,45.87
CUST_1725,C,31,M,Beauty,2,23031.87,53,14,25,1110.13,0.9341705754467824,2,0.15022499134021003,0.516542765342922,44.41,1850.22,61.47
CUST_1726,D,42,M,Books,0,95991.74,20,247,5,1791.24,0.027457612600411904,9,0.2560107978795235,0.5424618186481637,358.25,36.11,21.25
CUST_1727,D,58,F,Home,0,147164.62,13,276,3,3342.13,0.13895697239650787,6,0.2856733044563366,0.3992950174553463,1114.04,36.2,14.35
CUST_1728,A,32,M,Clothing,1,141134.01,75,16,68,10706.95,0.023515069036369574,11,0.0002423476384262928,0.71658450537479,157.46,42827.8,153.58
CUST_1729,E,27,F,Clothing,2,31883.53,68,45,10,462.56,0.30044236794990153,0,0.006180451983031096,0.7162948022766545,46.26,100.56,30.55
CUST_1730,B,39,M,Home,1,60000.04,64,116,3,417.09,0.4615184535194845,1,0.12566207356611273,0.4013839928975279,139.03,10.69,11.89
CUST_1731,D,47,M,Grocery,0,101609.93,13,309,1,2786.44,0.10628126272022585,8,0.20344206790697877,0.6527986951008289,2786.44,8.99,15.38
CUST_1732,A,43,M,Grocery,0,103335.62,85,8,46,8539.98,0.0042293588117856,11,0.036593859017320145,0.5546780518847042,185.65,43648.79,115.59
CUST_1733,B,27,M,Home,1,41671.17,36,103,3,803.44,0.27903330786317426,2,0.12637528704437867,0.5239784696728316,267.81,23.18,14.45
CUST_1734,A,40,F,Electronics,3,100752.77,71,28,59,9290.83,0.0,10,0.03780784599443639,0.7833611272458095,157.47,18902.03,128.24
CUST_1735,A,42,F,Electronics,1,95681.14,81,4,46,5501.78,0.01209611530107128,7,0.01808231203220157,0.6019184790321598,119.6,50616.38,126.04
CUST_1736,B,41,F,Beauty,3,61251.17,47,183,8,502.47,0.31442410854005737,2,0.12373218598931439,0.4693194958553845,62.81,21.85,16.93
CUST_1737,E,35,F,Clothing,0,19087.62,86,21,17,162.71,0.5481178046709477,1,0.009533034281717045,0.8560325449885804,9.57,125.73,55.88
CUST_1738,C,28,F,Sports,0,45125.6,42,14,46,2052.19,1.0,2,0.2230384764088964,0.8348170110352355,44.61,6293.38,115.84
CUST_1739,D,42,M,Grocery,0,129775.62,24,363,4,5957.25,0.10890866521967944,11,0.24929711643238445,0.4084771484722332,1489.31,65.46,16.45
CUST_1740,D,32,F,Sports,1,128579.11,16,322,5,1441.88,0.13342815742042705,3,0.2284897237441209,0.30937468462894996,288.38,22.32,13.5
CUST_1741,E,40,M,Beauty,6,32288.82,63,41,23,528.55,0.7385132626267639,0,0.010287902354656335,0.9096285833631028,22.98,289.44,48.63
CUST_1742,D,63,F,Sports,2,120730.83,27,261,5,5936.26,0.12006553937586568,8,0.18952808788484743,0.32139744816587057,1187.25,113.29,10.81
CUST_1743,D,50,F,Grocery,0,147994.72,24,236,1,7330.2,0.0032863085456982244,5,0.16532671075150412,0.6477356148799174,7330.2,30.93,15.38
CUST_1744,D,24,M,Home,2,117769.18,22,332,3,5971.4,0.08564674006197247,10,0.15625992460832264,0.6243184549324073,1990.47,53.8,12.79
CUST_1745,C,51,F,Beauty,1,29027.59,42,32,38,1621.79,0.8964701765742136,4,0.1842300358905215,0.4996494532839306,42.68,1867.52,86.12
CUST_1746,E,30,M,Sports,0,24622.38,85,9,17,637.19,0.6815932904650084,1,0.06900983079206514,0.7010911236720057,37.48,1083.22,59.13
CUST_1747,B,29,F,Clothing,4,41208.76,39,137,9,919.1,0.37488493459079314,1,0.1321100702781109,0.5774151759676897,102.12,59.94,18.28
CUST_1748,D,31,F,Clothing,2,119585.22,19,218,4,3959.74,0.19226156380991796,4,0.16016227579476777,0.31562020918266936,989.94,72.32,8.77
CUST_1749,C,26,F,Electronics,0,38499.72,40,7,25,783.88,0.9269888562273794,1,0.08980055341296478,0.5735124582773077,31.36,2449.62,75.76
CUST_1750,E,42,F,Beauty,1,18624.1,78,53,24,344.92,0.5296489446232108,1,0.08349340964085691,0.9809176225700043,14.37,153.3,66.51
CUST_1751,C,40,M,Books,0,33748.65,68,11,28,1782.2,0.9144191245041886,7,0.23897580068660987,0.6923109988912268,63.65,4158.47,78.94
CUST_1752,E,32,M,Beauty,4,28408.97,90,12,17,200.69,0.6457722778180309,1,0.09071946674578639,0.8796010895904252,11.81,262.44,47.93
CUST_1753,D,45,F,Grocery,1,104400.05,26,313,2,4668.59,0.0,5,0.23465048351379816,0.41326713958607536,2334.3,29.74,9.58
CUST_1754,D,47,F,Home,1,114469.25,17,335,3,5475.84,0.09622714481465387,10,0.1824467114118683,0.500836762774817,1825.28,48.89,13.32
CUST_1755,D,48,M,Grocery,2,132545.41,14,363,4,6533.84,0.08295218485003446,11,0.3330486529937431,0.5819945780070878,1633.46,71.8,13.92
CUST_1756,B,19,F,Beauty,5,52113.95,59,89,9,1142.51,0.4508436524792915,2,0.05168981446451228,0.33076559333669336,126.95,114.25,10.74
CUST_1757,E,60,F,Sports,0,13811.59,73,22,11,175.9,0.6455168234188668,0,0.0747873907831418,1.0,15.99,84.13,46.55
CUST_1758,C,50,F,Electronics,4,21065.01,59,28,37,2561.17,0.6999679603939243,3,0.22090121691990944,0.8181333844236544,69.22,3267.7,81.93
CUST_1759,E,44,F,Grocery,4,27858.13,76,41,26,462.95,0.5132464865950044,1,0.0058496800058645115,0.8004412679965333,17.81,286.59,58.45
CUST_1760,E,41,F,Sports,1,22322.67,87,27,12,738.44,0.6153074661389445,1,0.052551057933796955,0.9769332469597721,61.54,316.47,44.24
CUST_1761,A,37,M,Electronics,0,103140.48,75,18,71,12059.73,0.07259705930228796,6,0.04398578504766631,0.6003028615087495,169.86,45065.31,159.56
CUST_1762,B,38,M,Home,0,56310.86,50,173,8,89.22,0.35241208237717464,0,0.07269091229310709,0.4390005845075423,11.15,4.1,25.36
CUST_1763,D,36,M,Books,0,91376.46,17,252,3,2906.52,0.09894557123656182,8,0.39148522668030566,0.38501415325472693,968.84,34.46,14.1
CUST_1764,D,44,F,Home,4,101830.46,26,353,4,6822.93,0.10260649457499127,2,0.28447148479550644,0.4772042253235146,1705.73,77.1,5.83
CUST_1765,B,27,M,Home,2,58600.46,45,65,13,528.45,0.28931978505578215,0,0.11650794435637184,0.5978656601571375,40.65,104.09,33.5
CUST_1766,D,40,F,Grocery,1,88931.14,10,191,1,2578.68,0.09885140552264762,12,0.2781628603639538,0.6050132011862062,2578.68,13.43,11.62
CUST_1767,C,58,F,Books,5,30767.27,62,34,34,2179.47,0.9761244646710212,5,0.20030600165762893,0.500995868295241,64.1,2117.2,65.96
CUST_1768,C,29,M,Clothing,5,41916.22,47,4,27,535.76,0.8458736920231087,8,0.23827261730979768,0.5945864777605185,19.84,2893.1,75.89
CUST_1769,B,35,F,Books,0,40732.25,58,69,11,779.52,0.208309767827061,2,0.12304625207592962,0.3747749381513289,70.87,122.5,30.94
CUST_1770,B,62,M,Clothing,1,53964.34,41,76,13,1059.62,0.45525941197599884,2,0.061831547668029604,0.5926998816524204,81.51,178.9,36.17
CUST_1771,C,24,M,Grocery,1,28446.44,55,27,51,2431.21,0.901550731360826,7,0.14305196012432309,0.4888869897797268,47.67,4428.28,112.48
CUST_1772,D,30,F,Grocery,4,129014.64,17,233,3,5859.58,0.13021723864342769,3,0.21235698040992307,0.41346805520429614,1953.19,75.12,2.7
CUST_1773,D,49,F,Grocery,3,98492.36,26,252,4,2037.71,0.046850483749263476,10,0.3180013130516702,0.3785533140746518,509.43,32.22,6.97
CUST_1774,C,60,F,Grocery,0,34544.34,65,22,27,1747.38,0.7460135435265665,7,0.13548019004999248,0.800742930258913,64.72,2051.27,74.56
CUST_1775,E,35,M,Sports,0,31512.16,70,29,21,382.81,0.6576987656487167,1,0.028047263113610776,0.9531804552181603,18.23,267.97,64.51
CUST_1776,C,57,F,Sports,6,33883.66,47,13,29,2031.41,0.9345826879662343,1,0.22887709863156425,0.7861979217546902,70.05,4207.92,63.42
CUST_1777,D,51,M,Sports,1,135262.17,20,319,5,1364.6,0.08564833710336844,10,0.28131590048043664,0.6791898281302512,272.92,21.32,20.9
CUST_1778,D,64,F,Clothing,3,104152.71,23,232,1,4996.28,0.03744446146008627,9,0.17998834872918795,0.4224461997695192,4996.28,21.44,1.88
CUST_1779,D,43,F,Electronics,0,116895.35,13,183,3,2556.68,0.11270267236353552,11,0.15562996880357824,0.6698592645410802,852.23,41.68,19.94
CUST_1780,D,45,M,Electronics,3,91892.17,33,285,1,6763.11,0.08738386661406244,8,0.39429181962827486,0.30552286076048685,6763.11,23.65,0.0
CUST_1781,D,52,M,Clothing,2,100996.64,15,181,1,7440.09,0.09652636004335388,11,0.15982629919902394,0.35272622046261387,7440.09,40.88,3.61
CUST_1782,E,49,M,Electronics,5,15492.15,62,12,21,337.21,0.463672914491935,1,0.03931341522154546,0.7649788124184833,16.06,544.72,50.63
CUST_1783,E,42,F,Beauty,0,33568.02,79,4,11,167.43,0.32030977545716827,0,0.017954781400341187,0.917919971523119,15.22,368.35,65.36
CUST_1784,D,55,M,Home,2,125987.84,33,258,1,3873.49,0.10335162264749517,5,0.34523381951848947,0.587010488956959,3873.49,14.96,8.13
CUST_1785,E,28,M,Clothing,0,19696.17,88,20,20,723.58,0.4533483407994239,1,0.035218406984296236,0.8787762984556868,36.18,689.12,62.58
CUST_1786,B,65,M,Sports,1,45108.9,50,99,10,1171.5,0.4018905082343467,0,0.08577827331105538,0.5495403886612087,117.15,117.15,29.0
CUST_1787,B,38,F,Sports,3,52237.91,38,140,4,1087.48,0.48150103581658926,1,0.07599086350967882,0.2264593439692467,271.87,30.85,4.24
CUST_1788,C,51,F,Books,1,25990.32,68,19,27,751.89,0.895732972614799,6,0.25658392373029265,0.5671543730027409,27.85,1015.05,67.61
CUST_1789,E,38,M,Electronics,3,32344.87,69,51,24,550.81,0.49775788675369476,1,0.07381671855576824,0.7364194816748444,22.95,254.22,55.69
CUST_1790,B,22,F,Books,1,42184.21,56,136,10,545.3,0.1930514850474128,1,0.07847875455201551,0.22029426817332692,54.53,39.8,22.14
CUST_1791,B,44,F,Home,1,53943.11,61,125,9,967.21,0.46693161005858763,1,0.1357890645534851,0.536543533007596,107.47,69.09,26.53
CUST_1792,B,64,M,Books,4,29454.65,50,160,7,1147.23,0.48377627812922375,2,0.10366804210918117,0.40032441423861587,163.89,49.88,10.63
CUST_1793,C,35,M,Sports,4,22498.43,56,38,27,685.65,0.6659238274909683,6,0.22254759275631572,0.5511711392155618,25.39,474.68,55.66
CUST_1794,C,42,F,Electronics,3,32198.45,70,34,36,2441.22,0.8617880498807776,4,0.21224398418190274,0.4022487676851269,67.81,2510.97,73.99
CUST_1795,E,31,F,Beauty,2,29371.72,66,13,12,571.53,0.7605293825747886,0,0.05808417367645444,0.7419161196062523,47.63,489.88,40.53
CUST_1796,C,40,F,Clothing,0,50957.85,45,20,35,1553.34,0.8378832216997596,7,0.13848369471382976,0.5451949546373832,44.38,2588.9,85.9
CUST_1797,B,58,M,Home,2,34262.31,40,60,11,322.56,0.2105475343459387,2,0.11391255660321502,0.4865048296375076,29.32,58.17,27.4
CUST_1798,C,51,M,Grocery,0,48135.96,39,28,49,1377.68,0.7020322373295427,2,0.22739136733209492,0.5837016806456444,28.12,2327.8,113.25
CUST_1799,B,53,F,Beauty,3,51384.07,43,64,3,589.79,0.19961622754815556,2,0.055705093799274505,0.6112382535339911,196.6,27.22,10.79
CUST_1800,C,45,F,Electronics,0,31175.09,49,38,39,1464.0,0.6449729820222523,2,0.25314175755184054,0.8642636565561788,37.54,1464.0,97.92
CUST_1801,D,18,F,Beauty,3,74900.68,23,203,1,1827.07,0.005190091967875289,9,0.29770256512257726,0.5769508753947077,1827.07,8.96,5.03
CUST_1802,B,59,M,Sports,3,40524.41,41,169,12,730.02,0.2998814870241136,1,0.10409018049986538,0.3410208876786175,60.84,51.53,22.41
CUST_1803,E,37,M,Beauty,0,25313.07,76,32,12,690.53,0.3554958727623569,0,0.03873111603836802,0.7500295595567573,57.54,251.1,42.13
CUST_1804,D,59,F,Sports,2,118958.91,27,302,5,7012.0,0.19081664293849881,7,0.2498387686811747,0.49670421498745143,1402.4,115.71,14.27
CUST_1805,B,31,F,Electronics,3,31874.11,63,151,13,699.9,0.3980932626438774,0,0.05941328239087158,0.48677748029588286,53.84,59.86,27.4
CUST_1806,E,51,M,Home,0,19970.22,70,16,16,374.04,0.7511438509074042,1,0.028631757981895392,0.7445142128899677,23.38,352.04,53.14
CUST_1807,A,22,F,Sports,0,86600.06,84,27,76,11387.1,0.09767681767977258,9,0.019071019283705887,0.6550207680033581,149.83,30907.84,168.8
CUST_1808,C,44,F,Home,3,30707.39,41,27,35,443.66,0.6101521881116112,2,0.21877345502403364,0.6481262165760362,12.68,554.58,77.67
CUST_1809,B,40,F,Books,0,38219.83,33,171,6,634.74,0.2146089384395805,2,0.07594322138017821,0.38067834033413234,105.79,22.14,20.2
CUST_1810,C,49,F,Clothing,1,42172.49,46,39,59,1493.48,0.8358670374420983,3,0.13484739779749272,0.6182276810179659,25.31,2202.88,129.93
CUST_1811,B,52,M,Grocery,0,40094.17,48,133,8,172.54,0.41152082425437314,1,0.14287901741422648,0.3777451862539439,21.57,10.3,24.31
CUST_1812,B,43,M,Sports,2,41374.08,45,128,6,949.49,0.3591344083846706,0,0.06368078784162522,0.5680051249847355,158.25,44.16,18.14
CUST_1813,D,39,M,Sports,2,92091.89,23,355,1,7445.19,0.10692315848817255,10,0.4038095210364593,0.6650134781423594,7445.19,20.91,9.58
CUST_1814,E,61,M,Sports,2,15377.24,93,33,13,337.51,0.7762776366038552,0,0.06501066830712139,0.7759588404852175,25.96,129.05,38.55
CUST_1815,D,54,M,Home,0,112545.26,14,304,1,2772.56,0.08583631946722874,3,0.3595537666299833,0.632820242436646,2772.56,9.09,14.99
CUST_1816,B,53,F,Home,0,58843.48,39,76,3,226.4,0.3807698955580081,0,0.11281322522184409,0.4889759781058622,75.47,8.82,17.1
CUST_1817,D,68,F,Books,4,125045.63,25,308,2,6629.61,0.1939883150248897,6,0.23074912478225892,0.4448646140326506,3314.8,42.91,1.22
CUST_1818,C,58,F,Beauty,5,36126.28,51,21,29,2106.29,0.8053507653508539,5,0.22408726018186,0.5777024942155616,72.63,2776.47,59.32
CUST_1819,A,48,M,Home,5,160164.56,89,13,79,4868.03,0.01095790667822067,13,0.05481595965399536,0.685513380802397,61.62,27469.6,164.4
CUST_1820,A,24,M,Electronics,0,99599.55,92,2,42,10413.91,0.0118750582483145,6,0.023242839990462304,0.5238171206891721,247.95,145794.74,144.48
CUST_1821,B,41,M,Beauty,0,49350.94,40,188,11,1104.56,0.4394128371929202,0,0.07630229388104284,0.40324339897948536,100.41,64.29,30.6
CUST_1822,B,38,M,Books,5,54025.52,41,102,8,863.79,0.4222051849770274,2,0.07832415661250729,0.5401692797790522,107.97,67.09,12.78
CUST_1823,A,59,M,Grocery,2,141385.7,87,29,43,12518.59,0.03767681271162333,12,0.016527787055401037,0.4110536635058392,291.13,17943.31,91.67
CUST_1824,B,59,F,Clothing,0,47038.03,42,150,12,1129.25,0.3445257145332982,2,0.07699935705995088,0.43915379490318135,94.1,89.74,33.45
CUST_1825,E,54,F,Beauty,0,18298.99,82,43,22,164.78,0.36257739195596034,1,0.03329184884123319,0.8563790755726539,7.49,82.39,63.45
CUST_1826,C,54,F,Beauty,1,21770.46,47,1,39,2855.65,0.7610341091908321,6,0.2594780504554168,0.7018346585024622,73.22,55685.18,189.04
CUST_1827,C,18,F,Grocery,1,47149.66,39,32,47,1156.25,0.7572353016211237,2,0.19289711962249242,0.773928352809199,24.6,1646.78,109.6
CUST_1828,E,18,F,Clothing,3,24902.45,85,24,10,295.0,0.4144523810702274,0,0.0032770675565404702,0.9978043030271618,29.5,118.0,35.12
CUST_1829,B,56,F,Home,0,34097.61,43,133,11,888.63,0.258482642369559,0,0.14628586950696026,0.6227445963470419,80.78,72.95,35.21
CUST_1830,E,43,F,Clothing,1,30007.6,91,8,12,380.66,0.44554447979363804,1,0.05376556266069972,0.8342823368836171,31.72,507.55,50.19
CUST_1831,B,53,F,Electronics,2,43506.7,53,140,6,391.43,0.4863653418221181,1,0.05445157100736738,0.280135025182826,65.24,16.66,12.32
CUST_1832,E,54,M,Clothing,4,24768.2,96,61,19,123.42,0.49700391233711155,0,0.027515959866422187,0.9653347993095487,6.5,37.82,46.95
CUST_1833,C,41,M,Books,3,20656.7,61,38,48,2552.61,0.601784327952768,6,0.22424330779577314,0.5172212611089735,53.18,3141.67,99.98
CUST_1834,D,54,F,Sports,0,125540.03,19,255,5,1970.58,0.15864818864263672,7,0.2108469255823662,0.6867391504500597,394.12,38.49,24.13
CUST_1835,B,67,M,Sports,2,58356.27,38,123,14,296.6,0.33782909617464196,1,0.09836073542223724,0.3421663636561933,21.19,33.49,29.66
CUST_1836,B,67,M,Beauty,2,51733.63,61,103,5,1096.08,0.34931708641787834,1,0.0738579524523574,0.24179315242066338,219.22,52.7,9.81
CUST_1837,A,42,M,Grocery,5,113957.81,93,27,60,11930.13,0.048301277019476466,7,0.03221219326905097,0.48662425890417227,198.84,25564.56,118.44
CUST_1838,B,52,F,Clothing,0,32925.06,48,107,7,454.04,0.28990274076351585,1,0.09115022916111169,0.2764307306489945,64.86,29.43,20.46
CUST_1839,E,30,M,Clothing,2,28601.2,87,32,17,719.94,0.336071682099456,0,0.016699405663842603,0.786327145715129,42.35,370.88,46.85
CUST_1840,D,24,M,Grocery,3,87232.7,32,360,1,2828.95,0.1408218819018379,7,0.3200433323091427,0.43346517670714385,2828.95,7.84,1.95
CUST_1841,B,38,M,Beauty,1,43982.82,52,128,7,505.89,0.3536676872288626,1,0.1345135152082232,0.3038527683155266,72.27,27.45,17.86
CUST_1842,B,18,M,Grocery,0,37140.67,52,148,10,374.83,0.21872253239091133,1,0.08505741903520182,0.2424056269933121,37.48,25.16,25.52
CUST_1843,C,55,M,Sports,0,32175.8,62,1,39,857.31,0.6878978657132127,7,0.16610991388108584,0.8377354859846684,21.98,16717.54,194.75
CUST_1844,C,50,F,Electronics,0,22557.21,50,30,48,2999.53,0.7049958865555831,6,0.2647154563500879,0.6885578363759098,62.49,4644.43,113.1
CUST_1845,C,56,M,Electronics,3,33869.13,39,28,45,1358.45,0.7437265275341362,5,0.17008531601471652,0.8276352207248745,30.19,2107.94,101.12
CUST_1846,B,45,F,Home,1,41781.8,41,160,9,645.03,0.36905050378821863,1,0.11534590634184401,0.31346287782974425,71.67,36.06,21.89
CUST_1847,A,46,F,Books,0,99453.94,90,22,51,4365.88,0.04724362015179324,13,0.0028383056112294075,0.5949243215983577,85.61,9680.86,118.44
CUST_1848,A,30,F,Electronics,1,91994.41,82,19,70,10664.92,0.0663541177787428,5,0.0029473997619310056,0.7717169629585688,152.36,37327.22,157.7
CUST_1849,C,48,M,Electronics,0,38136.53,49,34,27,2449.81,0.918773366857383,6,0.23311576861808173,0.5851547225671561,90.73,1889.85,68.64
CUST_1850,A,51,F,Electronics,3,96924.68,85,23,66,9860.66,0.021202007983316735,5,0.036094998061816826,0.7831546543311139,149.4,27116.82,143.01
CUST_1851,C,33,F,Clothing,0,46609.44,48,21,20,412.53,0.9616836726605716,5,0.27094635033835274,0.6057623789187984,20.63,375.03,56.88
CUST_1852,A,32,M,Books,3,111263.34,93,6,77,7149.29,0.06828092194364889,11,0.041024481564619686,0.6804683954281499,92.85,78642.19,175.28
CUST_1853,D,58,F,Grocery,0,106661.75,29,286,3,5252.58,0.02220990698902795,10,0.3743563616161355,0.4131832023020919,1750.86,54.91,14.61
CUST_1854,E,34,F,Beauty,1,27716.0,66,38,22,416.52,0.7809638132415542,0,0.05977902365750609,0.7183156046111703,18.93,234.96,58.0
CUST_1855,A,70,F,Beauty,0,126443.37,98,1,33,13015.21,0.02072308856287579,4,0.043488201686381255,0.6979252791504299,394.4,214750.96,179.96
CUST_1856,A,45,M,Clothing,6,168537.36,99,29,47,14786.39,0.09173241489351477,8,0.028326545374165523,0.598971076439329,314.6,23165.34,91.43
CUST_1857,B,18,M,Grocery,1,44079.87,43,69,10,519.91,0.3267445762329477,2,0.08348629211260475,0.18830497825346137,51.99,74.27,22.22
CUST_1858,D,34,F,Sports,0,79860.1,32,249,3,7720.8,0.05306951656362555,11,0.23295685848303962,0.6255124034371851,2573.6,92.65,18.91
CUST_1859,A,48,M,Home,1,121728.66,78,6,59,6520.97,0.07885075658689215,13,0.004454171354923939,0.7731644972635334,110.52,54962.46,147.13
CUST_1860,B,26,F,Sports,0,44924.4,49,116,7,483.27,0.41764266953960794,2,0.1217962776055738,0.2771998076793394,69.04,28.91,20.41
CUST_1861,D,29,F,Home,0,82373.55,21,350,3,4156.81,0.015271390846108799,9,0.24580066128565228,0.3813861628165956,1385.6,35.53,13.91
CUST_1862,C,18,F,Sports,4,47795.06,45,8,52,497.12,0.9986700505313607,8,0.15953510452702085,0.8043853441373799,9.56,2872.25,120.59
CUST_1863,C,67,M,Beauty,2,25497.03,56,10,38,643.89,0.7005542438200701,2,0.21154141077194,0.42498779013655774,16.94,2224.35,88.5
CUST_1864,D,43,F,Books,0,142099.12,28,315,4,2971.0,0.16133926366523155,4,0.21695792057471244,0.31013942866076305,742.75,37.61,14.52
CUST_1865,B,52,F,Clothing,0,50043.04,56,58,10,452.53,0.2553163078215429,1,0.05875710675758965,0.21135613933790767,45.25,76.7,25.95
CUST_1866,C,42,M,Clothing,1,26470.46,48,14,42,2794.03,0.7366361377535628,4,0.21260128690377197,0.61253043079721,66.52,7823.28,100.39
CUST_1867,D,33,F,Electronics,2,107194.51,27,247,1,3831.89,0.15626504353671733,6,0.38915136804773853,0.46407116692224754,3831.89,15.45,5.69
CUST_1868,B,32,M,Sports,0,53083.66,63,100,3,271.59,0.30020130506234805,1,0.10416725678722036,0.3527496738836954,90.53,8.07,14.05
CUST_1869,E,58,M,Sports,1,28508.64,88,29,16,122.02,0.6496262490458822,1,0.07594493882841058,0.866924377003222,7.63,65.08,49.79
CUST_1870,A,52,F,Grocery,5,155441.78,97,22,53,10648.41,0.038242350499327234,6,0.04712145064583107,0.7558768051887316,200.91,24537.64,110.66
CUST_1871,E,42,M,Home,0,27796.9,98,9,11,171.88,0.44232525421601226,0,0.030944401849714274,0.8239047161252285,15.63,189.07,49.59
CUST_1872,A,19,M,Beauty,1,105954.34,93,31,37,5565.15,0.028429641503103186,8,0.027071019996754986,0.5807698426815098,150.41,6434.7,85.84
CUST_1873,C,48,F,Grocery,0,46870.8,49,35,35,1641.43,0.6666954760057116,2,0.2882783037027682,0.48682333284244106,46.9,1595.83,82.59
CUST_1874,C,41,F,Grocery,3,32617.62,41,14,54,660.05,0.7546046037470578,7,0.21992063464300368,0.3999362628632645,12.22,2376.18,114.14
CUST_1875,B,47,M,Grocery,5,44130.34,65,148,12,926.96,0.3996749238348746,0,0.04610037585611453,0.23475780629617896,77.25,74.65,14.37
CUST_1876,A,31,M,Sports,1,92539.54,85,16,55,11363.95,0.024630277535500105,13,0.03205913354880799,0.7293249403541281,206.62,36765.72,127.84
CUST_1877,A,41,F,Books,0,138834.7,77,10,67,13346.2,0.09322290814648368,6,0.003830105451515407,0.6794054091674118,199.2,81290.49,157.59
CUST_1878,B,62,M,Grocery,2,32707.77,63,163,14,760.96,0.2737490426244488,2,0.06402583714834528,0.3002601715195348,54.35,64.96,28.62
CUST_1879,A,31,M,Sports,3,176003.06,78,24,30,4403.65,0.0696156035586791,10,0.015127919835501762,0.6492841442627285,146.79,5284.38,68.15
CUST_1880,B,35,M,Beauty,4,46429.87,53,139,7,295.85,0.5001833260000508,1,0.06913201611883832,0.25673189642309635,42.26,14.79,7.85
CUST_1881,C,47,M,Grocery,0,37089.17,63,9,28,2654.33,1.0,4,0.21532333650566232,0.7242770651455447,94.8,7432.12,81.6
CUST_1882,B,47,F,Clothing,3,36438.26,63,123,14,736.88,0.2117725450241558,0,0.14885302958450708,0.5219352580595138,52.63,83.2,30.25
CUST_1883,A,37,F,Electronics,0,111560.7,79,27,67,14158.72,0.09180452886946193,6,0.016198970352727327,0.6240042107767045,211.32,33879.79,150.18
CUST_1884,E,33,M,Electronics,4,31616.73,83,11,17,279.1,0.7712673010734361,0,0.05831072972491893,0.8751029097713938,16.42,395.39,48.59
CUST_1885,B,55,F,Beauty,1,41848.6,37,93,3,183.9,0.45174651756272716,2,0.12594345079074057,0.274570681314337,61.3,5.87,9.57
CUST_1886,E,47,F,Home,0,24674.93,76,49,17,226.77,0.42005607257590255,0,0.09743156516215153,0.8152428770741627,13.34,77.1,52.35
CUST_1887,A,32,F,Beauty,4,116870.35,82,7,75,14583.09,0.0843758463308207,12,0.04256573451280571,0.4124242463482309,194.44,136716.47,160.53
CUST_1888,E,38,M,Sports,2,33861.27,88,55,22,572.42,0.5546182407210998,0,0.08039113188861118,0.8036229655444534,26.02,224.88,55.89
CUST_1889,C,47,F,Beauty,0,24854.57,58,21,30,1071.7,0.922944852178818,8,0.11988399110337418,0.5229163649838195,35.72,1461.41,75.22
CUST_1890,C,46,M,Beauty,4,32921.33,56,7,57,2463.54,0.6414601618836359,4,0.247422519610071,0.4237990739464624,43.22,17552.72,124.76
CUST_1891,E,52,F,Beauty,4,27424.95,65,6,10,644.06,0.6413629002534444,1,0.07827171769268974,0.7389932868508627,64.41,920.09,39.45
CUST_1892,D,57,F,Beauty,2,131062.2,24,186,5,1622.47,0.10307036875816745,5,0.27528829807931376,0.471718714511015,324.49,43.38,13.97
CUST_1893,B,53,F,Beauty,0,42036.61,36,149,9,653.4,0.4674050241999021,2,0.13683681254306826,0.4796902564581295,72.6,39.2,28.26
CUST_1894,E,30,M,Grocery,2,22493.85,64,11,22,760.29,0.6000952617962589,0,0.07863891364214563,0.8967959800410971,34.56,1393.86,65.03
CUST_1895,B,43,M,Clothing,0,55231.95,44,120,11,851.45,0.43739777928151463,0,0.06852530299695217,0.2659028203976049,77.4,77.4,28.15
CUST_1896,E,34,M,Home,3,24748.42,70,7,10,343.17,0.5199192135486961,1,0.052258579902582536,0.9347610460462595,34.32,428.96,43.98
CUST_1897,A,43,M,Books,0,89506.88,89,15,75,6128.72,0.016624197436981673,14,0.0009897303284914997,0.532326205632331,81.72,28728.38,167.31
CUST_1898,C,18,M,Books,5,28767.25,63,33,53,3026.55,0.6801066708533917,3,0.12947354568172686,0.3991850304639001,57.1,4717.86,102.01
CUST_1899,A,49,M,Books,3,79721.89,95,20,48,5512.68,0.07206010397238564,13,0.045087323953325965,0.40375561022102285,114.85,12600.41,100.08
CUST_1900,A,52,F,Electronics,2,112981.94,90,15,70,10093.49,0.012828723165263666,5,0.04211256530708372,0.66257076574274,144.19,44159.02,153.92
CUST_1901,D,57,F,Electronics,1,91235.24,13,265,2,7754.99,0.07499041350645207,3,0.36628214830654965,0.5228240138326388,3877.5,58.31,11.83
CUST_1902,B,18,M,Clothing,3,49129.83,46,62,3,565.26,0.25754495070562006,2,0.08328496848823941,0.5852754836630865,188.42,26.92,10.32
CUST_1903,B,39,M,Beauty,0,36151.27,64,82,14,968.05,0.46576444078658674,1,0.09281555931915356,0.4670909712079424,69.15,163.29,38.56
CUST_1904,B,18,F,Clothing,3,54903.01,47,149,3,1047.28,0.3289140448049984,0,0.07315432255174367,0.5513193130262376,349.09,20.95,8.7
CUST_1905,D,30,F,Beauty,0,116639.24,27,229,4,1496.06,0.15499634856326294,5,0.37643862949834195,0.6509267520826387,374.02,26.02,21.46
CUST_1906,E,60,M,Grocery,3,18160.83,66,56,10,261.15,0.699650407772381,1,0.030782202507720374,0.8543442406327963,26.12,45.82,29.87
CUST_1907,E,22,M,Beauty,0,30994.46,84,7,22,673.39,0.30087036699223546,0,0.07120261819824818,0.9255790867247156,30.61,1851.82,76.8
CUST_1908,C,41,F,Home,2,43252.95,61,32,48,2387.58,0.8003015290932336,4,0.13966003876662827,0.39804049832883087,49.74,3472.84,101.09
CUST_1909,B,48,F,Grocery,1,28071.1,64,176,3,570.39,0.44487065864668013,2,0.14366290159141404,0.5138602959757624,190.13,9.67,13.85
CUST_1910,D,24,M,Grocery,0,145091.33,21,320,1,2941.39,0.18329939049675945,10,0.17997429870686232,0.5215665464840212,2941.39,9.16,12.74
CUST_1911,C,35,F,Home,7,21279.6,58,5,22,3015.97,0.9375076255140369,5,0.21869193660495484,0.7876504826499797,137.09,11058.56,58.75
CUST_1912,C,54,M,Sports,2,45271.8,61,16,27,677.6,0.8964553002209172,7,0.15842881431494432,0.7979529565512042,25.1,1076.19,70.21
CUST_1913,D,72,M,Grocery,1,147070.72,25,251,4,6896.21,0.03755387379174711,8,0.25229335899395694,0.4969994189253804,1724.05,109.46,15.34
CUST_1914,E,28,F,Clothing,0,27522.15,78,11,21,303.41,0.5299420781304098,1,0.10516283674460636,0.9220913756943551,14.45,530.97,69.53
CUST_1915,D,39,M,Sports,4,89792.15,20,192,2,1663.56,0.032868311734969666,6,0.29040667583997004,0.35222609358266976,831.78,17.24,0.0
CUST_1916,C,60,M,Home,3,44658.89,59,37,44,1315.56,0.732861057552493,4,0.2628598029864178,0.46728964663935846,29.9,1523.28,91.05
CUST_1917,A,29,M,Electronics,5,149759.71,86,28,61,5943.22,0.009683508536428099,8,0.012428163501221038,0.750774510054531,97.43,12501.26,125.59
CUST_1918,A,52,M,Books,0,87760.84,79,27,67,13004.61,0.08922751928356283,12,0.025574802670617472,0.4525987757969221,194.1,31118.17,146.76
CUST_1919,B,30,F,Home,1,34929.21,56,108,9,1204.39,0.44902586889153506,0,0.07195071289722227,0.33479728010591303,133.82,99.45,22.62
CUST_1920,B,40,M,Sports,2,39323.53,45,72,11,1054.09,0.3208708834607819,3,0.08613245076555939,0.5191783364540183,95.83,158.84,27.77
CUST_1921,D,29,F,Sports,0,145896.62,29,356,5,5275.92,0.12875876185340865,6,0.33251919319805007,0.4341090236742433,1055.18,73.89,18.96
CUST_1922,D,33,F,Electronics,1,118588.69,15,261,4,5998.44,0.16886283578571842,6,0.37474247935442184,0.47896422352487056,1499.61,91.58,14.96
CUST_1923,E,41,M,Sports,0,32195.0,63,1,13,870.0,0.4629265875606571,1,0.06713032695388742,0.8589735570566844,66.92,5655.0,143.18
CUST_1924,D,40,M,Beauty,2,91128.11,23,240,3,2725.04,0.16781038762759257,7,0.20630785769560783,0.6947185147501506,908.35,33.92,14.31
CUST_1925,A,54,F,Grocery,0,115254.99,91,22,60,6177.37,0.007704379179020882,14,0.013732949812596613,0.4955482007712523,102.96,16114.88,134.46
CUST_1926,D,42,M,Books,0,91280.56,25,352,5,2552.47,0.11891468616704022,5,0.23824891417010793,0.5354639919631712,510.49,36.15,20.99
CUST_1927,B,46,F,Books,1,38383.34,57,161,3,857.55,0.26634368883133924,1,0.13575085967782782,0.4734498719619028,285.85,15.88,13.09
CUST_1928,B,24,F,Beauty,5,37099.05,46,173,13,396.07,0.47658462253563433,2,0.13639026897582915,0.5602277626236071,30.47,29.59,22.78
CUST_1929,D,45,F,Books,1,87022.6,19,345,4,7608.51,0.19530939421115384,9,0.33577145643560496,0.47907349789706205,1902.13,87.96,14.87
CUST_1930,B,27,F,Electronics,5,59392.85,48,174,12,464.09,0.36916919540492277,1,0.1278166767257472,0.32101601525430634,38.67,31.82,16.0
CUST_1931,A,40,M,Home,3,185476.64,88,22,75,8805.94,0.08607330833304531,12,0.05246176976985476,0.6549554660323564,117.41,28715.02,158.64
CUST_1932,A,18,F,Clothing,0,92822.34,88,16,76,8018.48,0.0025524359811082333,11,0.04394188429933873,0.5155273191861457,105.51,35847.32,168.56
CUST_1933,A,42,M,Books,2,84588.87,96,24,63,14023.16,0.0239130973226993,8,0.02907917822046361,0.617291676628665,222.59,35338.36,136.51
CUST_1934,B,49,M,Sports,2,31103.69,34,120,6,215.09,0.35772451244336323,1,0.06926807550184512,0.3588741363763328,35.85,10.67,14.01
CUST_1935,A,66,F,Beauty,2,149893.0,82,17,56,11696.83,0.0560613466543399,8,0.03130426080172365,0.47492543339259397,208.87,36390.14,121.38
CUST_1936,C,41,F,Books,2,41829.64,48,35,46,2389.73,0.7721997863406261,4,0.2350475050111506,0.5601218359910816,51.95,3053.54,100.06
CUST_1937,A,52,F,Clothing,5,192938.9,91,12,26,8693.34,0.005245838073196789,9,0.03956265307795266,0.5994568306255501,334.36,17386.68,57.32
CUST_1938,B,18,F,Grocery,0,38750.9,45,176,9,664.0,0.2319178431333684,1,0.1294850312861829,0.48975149960034364,73.78,33.76,28.36
CUST_1939,A,61,F,Sports,0,187181.11,83,7,73,11159.88,0.0632616229823196,7,0.03423734722756538,0.4105018894444715,152.88,101833.9,168.5
CUST_1940,B,54,F,Grocery,3,48337.02,50,73,7,312.64,0.2482482364381224,0,0.09478891336046369,0.518768645125762,44.66,29.57,16.75
CUST_1941,E,43,F,Beauty,6,30068.54,92,44,22,393.13,0.5269844583243416,0,0.06931358083186995,0.8024930202469561,17.87,192.2,44.32
CUST_1942,D,56,M,Sports,6,109760.21,27,239,4,7466.97,0.034415601729430256,4,0.19912878904653358,0.6242083858345963,1866.74,124.45,2.9
CUST_1943,C,44,F,Grocery,3,35698.04,64,14,56,561.6,0.9458646249235507,3,0.20303951697689868,0.7690212752255989,10.03,2096.64,125.52
CUST_1944,D,49,M,Electronics,0,131646.42,12,314,4,7432.14,0.127563518996772,7,0.1553902773328127,0.4377282855135909,1858.04,94.38,17.07
CUST_1945,B,43,F,Electronics,1,31897.48,52,157,13,1210.16,0.20120133962467873,0,0.13413963774800683,0.594760533110053,93.09,99.57,35.53
CUST_1946,C,40,F,Home,4,36158.05,64,10,29,2932.9,0.6227816192526591,3,0.2825247839424519,0.7967184985148075,101.13,7732.19,71.93
CUST_1947,D,56,M,Books,0,82435.7,27,318,4,4847.0,0.0240266403082875,7,0.24002779807704666,0.4935819266510931,1211.75,60.78,18.19
CUST_1948,E,31,F,Electronics,1,26102.0,75,13,22,688.88,0.36132389870196496,1,0.05989621233421421,0.9623797425235598,31.31,1082.53,67.94
CUST_1949,B,49,F,Grocery,0,44514.31,42,83,7,769.58,0.32524372930915557,0,0.13967286217629524,0.2143555273799611,109.94,64.13,19.49
CUST_1950,E,23,M,Clothing,0,23392.5,83,54,11,623.16,0.6505719286398959,1,0.02157450386425137,0.8570566213657743,56.65,124.63,40.99
CUST_1951,B,28,F,Beauty,5,60127.17,38,167,10,599.81,0.19543068539968927,0,0.057185544738188404,0.54701287055875,59.98,35.7,16.54
CUST_1952,C,43,M,Beauty,4,49020.24,48,36,45,2809.64,0.6016519283520858,7,0.10991221244997297,0.7830140551558676,62.44,3417.13,96.44
CUST_1953,A,22,M,Sports,0,195598.82,90,4,67,8598.06,0.06423592177907922,5,0.006630766489606344,0.746952353033045,128.33,115214.0,173.94
CUST_1954,E,73,F,Books,1,28221.9,83,8,8,266.74,0.6330149641209225,1,0.0426630016728564,0.8384772531792702,33.34,237.1,42.27
CUST_1955,C,21,M,Home,0,25692.76,44,37,42,587.8,0.6558273456208753,5,0.24366991133590504,0.4470120625205035,14.0,649.67,95.64
CUST_1956,B,57,F,Home,2,33575.71,64,149,13,1098.47,0.41801482761393843,2,0.1255047265420676,0.2837253254470857,84.5,95.2,26.35
CUST_1957,D,38,F,Clothing,2,145674.29,36,200,1,2407.09,0.07446350618467759,6,0.19148128304193066,0.5380259239212788,2407.09,11.98,7.26
CUST_1958,E,33,F,Sports,3,17712.81,82,26,11,255.92,0.7302198417803955,1,0.009480188882987933,0.8198901676680278,23.27,104.26,33.24
CUST_1959,B,38,F,Clothing,3,28914.05,47,67,10,1044.12,0.29373698222702693,0,0.06756578218945906,0.36490552689322503,104.41,153.55,19.79
CUST_1960,C,21,M,Beauty,0,33701.61,54,29,44,375.89,0.9629320145448084,3,0.2300450708960378,0.7935709431189282,8.54,551.31,107.32
CUST_1961,B,41,M,Grocery,0,50529.7,56,128,3,746.52,0.45262100983630627,0,0.05822006786729913,0.4703368786656752,248.84,17.36,16.19
CUST_1962,D,43,F,Electronics,0,99890.33,8,315,1,1911.51,0.06728117576656743,6,0.3709962938324775,0.5993836668428915,1911.51,6.05,14.31
CUST_1963,B,55,F,Books,4,56353.54,54,105,12,454.43,0.39259230087070757,0,0.0663669455150799,0.2480555796434849,37.87,51.44,17.91
CUST_1964,B,56,F,Beauty,2,34775.86,60,141,12,782.57,0.26590067937549944,0,0.13693390790108959,0.5493006360046834,65.21,66.13,29.7
CUST_1965,A,69,M,Sports,0,91594.37,77,6,77,6326.02,0.023065885650496228,14,0.01713147176881648,0.7745242111342385,82.16,69586.22,186.16
CUST_1966,A,39,M,Clothing,2,143233.75,84,1,49,12181.95,0.018661807733763094,9,0.03925021039348856,0.7731463491327724,248.61,298457.78,200.0
CUST_1967,C,32,F,Electronics,3,30617.08,57,28,55,1775.23,0.6735587245950929,4,0.30958805970592684,0.5213871233481708,32.28,3366.82,115.0
CUST_1968,B,39,F,Home,1,58528.9,52,101,13,1174.27,0.30267628887397274,2,0.10129905829596908,0.36218264911635867,90.33,149.66,31.23
CUST_1969,C,44,F,Sports,1,40985.46,58,8,39,2605.9,0.8049611599601062,3,0.22844234993420207,0.7623786839214437,66.82,11292.23,102.75
CUST_1970,A,44,M,Beauty,3,77122.87,99,28,64,9673.66,0.0067841617252699295,8,0.04558355101402461,0.7368272276154927,151.15,21348.77,137.31
CUST_1971,C,44,F,Clothing,1,26117.71,56,44,35,1340.1,0.5809382578487817,2,0.24578291075649994,0.5658320498254127,38.29,1042.3,80.59
CUST_1972,C,46,M,Clothing,2,19750.59,64,6,41,1933.53,0.7151547790315,2,0.28985802873272176,0.8459437178026611,47.16,11324.96,109.59
CUST_1973,A,43,F,Grocery,1,149813.1,76,6,64,7044.94,0.07656786422106107,8,0.02893469597218405,0.6024153879665853,110.08,64410.88,153.71
CUST_1974,B,57,M,Grocery,2,32851.58,44,120,14,769.96,0.3619334289470837,0,0.13602771214329235,0.3298046889640894,55.0,89.09,29.43
CUST_1975,D,32,F,Books,5,149050.14,13,345,3,2089.84,0.00881177153181964,11,0.29429302125053075,0.46486817585696166,696.61,18.12,0.59
CUST_1976,D,29,M,Beauty,5,78358.91,24,310,1,4851.66,0.15167038374226768,7,0.15531417493061894,0.45719895519997167,4851.66,15.6,0.0
CUST_1977,A,35,M,Grocery,4,206829.32,83,11,72,9275.36,0.029024094371435605,5,0.014728418749424169,0.6538125163081936,128.82,55652.16,154.17
CUST_1978,B,68,M,Grocery,2,49462.18,38,100,5,710.22,0.4554234466876798,1,0.0827931248574027,0.5911993805188882,142.04,35.16,16.82
CUST_1979,C,69,F,Beauty,1,37592.36,63,3,45,1269.72,0.6698048409186568,6,0.27777026574914054,0.47276741412053674,28.22,14284.35,129.79
CUST_1980,D,41,F,Sports,1,98914.5,17,195,1,2816.07,0.008183722931361626,5,0.2492656799408238,0.6215845964315498,2816.07,14.37,11.94
CUST_1981,A,21,F,Electronics,0,88749.4,78,28,67,4535.73,0.05614426842363438,13,0.031383401359257615,0.5580233781189914,67.7,10479.1,148.73
CUST_1982,D,53,F,Beauty,2,82642.14,12,219,1,8198.49,0.065872854761569,5,0.3169752672100434,0.35948714094894063,8198.49,37.27,3.65
CUST_1983,B,44,F,Electronics,0,39701.65,62,123,2,874.33,0.3474574756269645,1,0.05686878390541824,0.2066247964467402,437.16,14.1,8.95
CUST_1984,C,67,F,Electronics,2,30609.0,51,44,52,2831.54,0.6915115904497988,5,0.2440669529643959,0.7858931698484684,54.45,3272.0,115.99
CUST_1985,D,43,F,Home,1,144114.18,33,193,2,7158.84,0.01930541679756329,8,0.3396224573716027,0.39010353398012587,3579.42,73.8,9.32
CUST_1986,A,46,F,Home,1,145805.02,93,5,59,4470.78,0.05840546635832924,8,0.003143188965768728,0.7860911752329044,75.78,43962.67,150.72
CUST_1987,D,19,F,Sports,1,88434.47,12,314,5,6486.85,0.0639193461397381,10,0.3593868084817749,0.6818240991273512,1297.37,102.97,20.95
CUST_1988,A,41,F,Electronics,0,76742.26,91,18,53,4479.95,0.07079993367049237,11,0.030440065948555705,0.6831937668422049,84.53,12496.7,125.22
CUST_1989,C,39,F,Grocery,3,45186.73,43,10,41,2575.85,0.6549764843441892,8,0.10878397536170845,0.6638866789683661,62.83,9600.9,96.28
CUST_1990,B,39,M,Books,1,36347.19,50,99,9,363.31,0.41703207492779615,0,0.13288783043676197,0.24595785795421185,40.37,32.7,20.93
CUST_1991,A,30,M,Sports,1,179394.32,79,11,67,6475.77,0.027738717841299883,10,0.01286064003776095,0.5907001744958333,96.65,36156.38,151.9
CUST_1992,D,50,F,Beauty,0,91072.26,30,315,4,6081.89,0.09356862095503529,9,0.16125409623630155,0.4632454581990801,1520.47,76.99,17.58
CUST_1993,C,45,F,Electronics,4,35873.42,47,16,29,1334.97,0.6399436122204241,4,0.1902529849815155,0.6018923605896596,46.03,2277.3,64.29
CUST_1994,E,42,M,Home,2,35374.86,76,9,14,525.82,0.48418862157914666,0,0.04636649836147145,0.7225048649899698,37.56,736.15,47.56
CUST_1995,C,41,M,Grocery,1,44685.54,54,12,27,1436.24,0.781820346431634,6,0.25628125400978674,0.8613045912958199,53.19,2982.96,76.56
CUST_1996,C,45,M,Beauty,0,30104.54,44,33,54,2285.8,0.7425172177015704,3,0.2917826050826341,0.5438767974309856,42.33,3630.39,121.91
CUST_1997,C,44,F,Electronics,0,49193.91,67,32,42,3165.01,0.9020310424234171,5,0.23642825646289195,0.47607414525511216,75.36,4028.19,96.65
CUST_1998,B,48,M,Clothing,2,53184.32,55,127,7,719.72,0.3948401851762057,1,0.11413917288188125,0.2743278382884913,102.82,39.36,14.27
CUST_1999,D,58,M,Sports,0,87897.79,25,339,4,5005.81,0.11747955886890907,4,0.24788996326759072,0.29935648394990777,1251.45,58.89,14.28
CUST_2000,C,43,M,Clothing,3,34376.48,67,42,41,854.35,0.7746352228806791,5,0.2917945399949444,0.7729234624698325,20.84,814.61,90.84
