customer_id,archetype,age,gender,product_category_preference,support_tickets,annual_income,spending_score,recency_days,frequency,monetary,discount_usage_rate,loyalty_years,returns_rate,online_purchase_ratio,avg_order_value,clv_score,engagement_score,cluster,segment_name,pca_x,pca_y
CUST_0001,E,45,M,Electronics,2,19156.62,83,48,16,331.66,0.5011348195399216,1,0.0445586000078097,0.9574138702473742,20.73,108.3,47.23,3,Young Explorers,0.23511037415197145,-2.2915594798224936
CUST_0002,A,39,F,Home,0,123352.08,78,24,74,11548.94,0.00971431931032,5,0.0208310447330409,0.458903943869168,156.07,34184.86,161.34,2,Premium Loyalists,3.66351506862103,1.5353410404069197
CUST_0003,C,18,M,Home,1,45599.81,48,35,55,2764.11,0.9551903206299636,4,0.2909293870491384,0.4311999797632472,50.26,4222.95,118.48,0,Bargain Hunters,0.2875141890198382,-1.1212389314877682
CUST_0004,C,52,F,Home,0,45760.99,40,18,45,1459.97,0.8485638416996809,8,0.2271536402691124,0.8905380744419173,32.44,3457.82,113.37,0,Bargain Hunters,0.6903531678288369,-1.3193797917429868
CUST_0005,C,39,M,Clothing,1,46754.93,61,28,33,1464.8,0.6108956022604113,6,0.2869632113489691,0.5365940954759062,44.39,1666.84,77.3,0,Bargain Hunters,-0.0913083792163687,-0.760186941412344
CUST_0006,C,50,M,Grocery,0,27622.92,60,14,43,1580.16,0.7797268857611815,3,0.122423895046122,0.6930051174821191,36.75,4529.79,107.0,0,Bargain Hunters,0.749508222763166,-1.9016144424162906
CUST_0007,C,50,M,Books,5,46506.78,59,24,36,2456.96,0.7808685787361296,1,0.1796042654388268,0.6342118986636663,68.25,3538.02,73.85,0,Bargain Hunters,0.1363569554478521,-1.583005469246538
CUST_0008,E,40,M,Electronics,4,31294.1,93,59,20,224.66,0.3282215712782182,1,0.0484221700776469,0.8516510697365558,11.23,74.89,46.73,3,Young Explorers,0.41045321590726047,-1.8402577683595338
CUST_0009,A,59,M,Beauty,5,148111.25,78,7,61,7680.36,0.0712802778625241,8,0.007069323171827,0.4525078240668232,125.91,58562.74,130.34,2,Premium Loyalists,3.5198543154383177,1.6690051807569972
CUST_0010,C,44,F,Clothing,0,40945.33,51,4,46,2772.85,0.9381654898081898,4,0.2654616505767477,0.6268178603813049,60.28,25510.22,129.54,0,Bargain Hunters,0.8049355342908486,-1.3911817252199463
CUST_0011,A,31,F,Sports,7,156544.86,78,25,42,8088.19,0.0518949455770461,11,0.0434908379800054,0.3964850188621031,192.58,13065.54,74.93,2,Premium Loyalists,2.2440251923186976,2.1031255449931776
CUST_0012,C,30,M,Clothing,2,43381.29,66,22,58,864.27,0.9598654907562382,4,0.2382948178579602,0.6254623927588876,14.9,2179.46,127.05,0,Bargain Hunters,0.9315420442379421,-1.8096059846550798
CUST_0013,C,60,F,Clothing,2,34885.53,46,8,22,1356.42,0.7953562582627064,7,0.1859896178264901,0.7057385750158444,61.66,3315.69,64.61,0,Bargain Hunters,-0.15258274640951056,-1.3055820922357055
CUST_0014,B,39,M,Sports,2,48964.05,44,152,13,736.85,0.3784415166588882,2,0.09038384369845,0.484178340048359,56.68,62.61,30.34,4,Occasional Shoppers,-1.3323704575438722,-0.5293178376373293
CUST_0015,A,69,F,Beauty,4,203338.34,88,3,45,14612.29,0.073572902437267,8,0.0251042877744667,0.5345088692358048,324.72,164388.26,122.02,2,Premium Loyalists,5.065330132932131,3.423718169589706
CUST_0016,A,48,F,Clothing,2,159206.14,90,7,30,7159.57,0.0571620644405874,6,0.0120091231978253,0.6456043279866505,238.65,26848.39,81.2,2,Premium Loyalists,2.3873858720876604,1.1604701496611403
CUST_0017,B,38,M,Sports,0,47134.18,64,152,3,580.99,0.2900666554147222,1,0.1415673359311794,0.5543316234642592,193.66,11.39,17.74,4,Occasional Shoppers,-1.4831556404483863,-0.6199740032069158
CUST_0018,A,43,F,Grocery,0,138546.78,82,15,72,10203.29,0.0632959072649193,5,0.0211059596422645,0.6063519309872561,141.71,45914.81,162.79,2,Premium Loyalists,3.937806532243522,1.301863321235143
CUST_0019,D,32,F,Grocery,1,89000.9,26,261,3,4654.69,0.075009300427434,5,0.4011035080555626,0.545778533098509,1551.56,53.3,14.3,1,At-Risk High-Value,-2.7999290608586973,2.267067763154086
CUST_0020,E,24,F,Sports,0,18992.39,70,18,20,681.56,0.5003522118923787,0,0.0131368559068804,0.7487819522166413,34.08,717.43,60.53,3,Young Explorers,0.1653530075279672,-2.1934566970392098
CUST_0021,B,19,M,Books,2,37633.67,66,182,4,802.54,0.2224465335085011,2,0.140704567431138,0.3373882326305916,200.64,17.54,9.3,4,Occasional Shoppers,-1.7321705804766523,-0.15534353775634202
CUST_0022,D,32,F,Sports,0,126100.59,36,329,3,3536.3,0.1360616532570944,7,0.190801802381174,0.6632345055855647,1178.77,32.15,19.57,1,At-Risk High-Value,-1.9502732224187973,2.2055968944186066
CUST_0023,E,45,F,Books,1,31996.93,61,6,17,195.25,0.2908411239875246,1,0.0874028457375061,0.8244533420585186,11.49,474.18,64.16,3,Young Explorers,0.0038409861232228015,-1.692502227961324
CUST_0024,C,26,F,Sports,2,27649.78,42,30,45,2384.0,0.9340688855846464,5,0.2350045683587768,0.3772941532253054,52.98,3460.65,94.88,0,Bargain Hunters,-0.10699850743773683,-1.1722326243122208
CUST_0025,E,43,F,Sports,4,19611.06,74,3,21,240.64,0.4982302592514284,1,0.0375863177263065,0.7736451229673682,11.46,1263.36,78.81,3,Young Explorers,0.49284653488553004,-2.1935308942854617
CUST_0026,A,38,F,Clothing,4,158851.23,100,5,50,2077.07,0.0805963890627831,9,0.0263412448306418,0.6619088460892574,41.54,17308.92,121.24,2,Premium Loyalists,3.009337883159192,0.660586310777827
CUST_0027,C,37,M,Sports,0,45741.0,43,16,52,599.15,0.9680259670998728,7,0.1066665945332982,0.5876442449410606,11.52,1832.69,122.0,0,Bargain Hunters,0.8653337730191182,-1.5614513827918495
CUST_0028,C,38,F,Clothing,1,38771.37,50,11,36,1869.71,0.8292085166778848,4,0.2602740495338412,0.7194665501004573,51.94,5609.13,92.48,0,Bargain Hunters,0.11140393820700588,-1.50357886860141
CUST_0029,B,59,F,Grocery,4,39267.48,50,91,5,490.12,0.4615965342280329,2,0.1000265999686615,0.5647994491936709,98.02,26.64,10.39,4,Occasional Shoppers,-1.33893464240579,-1.024863170369922
CUST_0030,A,38,F,Beauty,5,177943.19,96,13,69,5583.31,0.0291973687047502,7,0.0065306765458117,0.7300064480731303,80.92,27517.74,145.29,2,Premium Loyalists,3.919116502582661,1.0933463308728775
CUST_0031,B,42,F,Electronics,1,50942.07,41,123,14,1174.76,0.4668745375437926,2,0.0660120518528765,0.4017196400446957,83.91,132.63,33.85,4,Occasional Shoppers,-1.2282181510710255,-0.6074352287959239
CUST_0032,C,40,F,Grocery,1,36476.73,45,35,52,1049.77,0.88951190161063,4,0.2096318177340247,0.5055312412031875,20.19,1516.33,113.97,0,Bargain Hunters,0.2655162875032444,-1.4838324815589523
CUST_0033,B,53,M,Electronics,4,54058.34,63,163,3,838.24,0.3743826083070015,0,0.1213241835487225,0.387000481642431,279.41,15.33,2.35,4,Occasional Shoppers,-1.7567904620906687,-0.48614135679913206
CUST_0034,C,18,M,Clothing,0,20604.16,64,44,41,1202.17,0.9432755691215507,5,0.1992610244159073,0.6226171226189282,29.32,1095.31,96.73,0,Bargain Hunters,0.3110700522256311,-1.8189421690675593
CUST_0035,C,64,M,Books,3,38884.48,66,33,38,2060.08,0.7128676526095059,2,0.2416508845535467,0.865577692190594,54.21,2302.44,87.34,0,Bargain Hunters,0.38612828954718414,-1.7215257394255115
CUST_0036,B,49,F,Grocery,2,32735.7,62,141,12,423.36,0.4055646584280987,0,0.1124758108497787,0.4587721413068188,35.28,35.78,27.88,4,Occasional Shoppers,-1.3046188781776993,-1.0376365382729886
CUST_0037,D,19,M,Clothing,0,93822.91,10,289,2,4787.26,0.0733037848373213,9,0.3467006834783212,0.4881742915762886,2393.63,33.02,14.11,1,At-Risk High-Value,-3.011178363309221,3.145624242054457
CUST_0038,C,66,F,Electronics,0,45294.69,65,38,34,1137.58,0.9972283452506908,6,0.2599297757191071,0.7886552482643693,33.46,991.74,86.4,0,Bargain Hunters,0.23512661359139478,-1.692597423099517
CUST_0039,C,53,M,Electronics,1,30861.27,59,24,33,3046.76,0.8710426994502881,7,0.1649627366308709,0.9143399583148948,92.33,4021.72,85.45,0,Bargain Hunters,0.7216642203190828,-1.5724887740411093
CUST_0040,A,22,M,Grocery,6,170348.77,79,21,73,6306.46,0.0517992443508456,14,0.0207750429972214,0.6353457269539082,86.39,20925.98,145.47,2,Premium Loyalists,3.9064036831255105,1.956279891847616
CUST_0041,A,49,F,Home,3,117531.72,77,20,56,11274.98,0.0492996564087314,9,0.0218896220480987,0.4122310023677172,201.34,30066.61,116.24,2,Premium Loyalists,3.047428797688619,1.8725835782326892
CUST_0042,E,27,M,Books,2,22005.29,67,31,9,161.22,0.8203750542825443,1,0.0187059103853997,0.9098106837025092,17.91,45.34,33.42,3,Young Explorers,-0.23883901385763104,-2.668764026070997
CUST_0043,A,53,M,Electronics,5,146553.19,96,10,47,11391.53,0.0718720158801314,12,0.0023187787824427,0.6777589536778262,242.37,48672.9,102.56,2,Premium Loyalists,3.8723677089332913,2.082640686129801
CUST_0044,B,47,F,Grocery,4,31995.57,59,166,6,782.12,0.2561570430339199,3,0.1001783721491319,0.2113293036818421,130.35,28.1,4.83,4,Occasional Shoppers,-1.7285148321829162,-0.093643015018949
CUST_0045,D,34,F,Electronics,0,119256.62,34,318,2,4761.88,0.1884360280844595,9,0.2352657112863638,0.3266050371860501,2380.94,29.86,10.85,1,At-Risk High-Value,-2.515610296738804,3.1761245957701423
CUST_0046,B,48,F,Electronics,4,31294.92,52,149,8,1050.9,0.3318926834573103,2,0.1253281397491394,0.2637089634128586,131.36,56.05,9.95,4,Occasional Shoppers,-1.771877173575609,-0.31243266859697916
CUST_0047,B,33,F,Grocery,2,61045.28,44,133,7,1116.2,0.3642405332604969,2,0.0646445221348477,0.3000060630090534,159.46,58.31,14.75,4,Occasional Shoppers,-1.554402488872889,-0.20360877654034973
CUST_0048,B,41,F,Books,1,38540.88,41,65,12,712.81,0.2146589599207858,1,0.0756706725803226,0.597111188621877,59.4,129.6,34.48,4,Occasional Shoppers,-0.994716875417789,-0.8890335907794332
CUST_0049,A,46,M,Beauty,0,101655.42,80,26,76,14633.98,0.0446803567687809,10,0.0379036389289484,0.7054015471826017,192.55,41191.94,169.95,2,Premium Loyalists,4.450139118192947,1.8782830508967412
CUST_0050,D,67,M,Grocery,1,109935.92,23,197,4,3100.16,0.1727216194646456,8,0.2803505178844105,0.4469885864691581,775.04,62.63,14.45,1,At-Risk High-Value,-2.111201612009732,1.95890118062224
CUST_0051,D,62,M,Home,3,148986.4,23,357,3,2698.6,0.0983074857593343,8,0.2820658094089741,0.399956134186063,899.53,22.61,5.28,1,At-Risk High-Value,-2.707537654717349,2.997506619064107
CUST_0052,A,33,F,Books,0,167907.1,94,1,52,10214.8,0.0070492900117526,7,0.0320379443352184,0.7785050332549471,196.44,265584.8,200.0,2,Premium Loyalists,6.696213205984676,2.7569963627013605
CUST_0053,D,38,F,Electronics,1,136118.02,12,235,5,5698.72,0.1733452365483206,4,0.3128576592385863,0.597258271027724,1139.74,120.74,19.37,1,At-Risk High-Value,-2.32800564292796,2.2769240994048534
CUST_0054,A,54,F,Electronics,2,104539.36,99,21,76,14642.78,0.1071479352374075,10,0.0111071749499495,0.3906095430515747,192.67,50584.15,158.57,2,Premium Loyalists,4.59689559517046,2.058928774584024
CUST_0055,C,54,M,Beauty,1,47834.0,63,23,56,1062.48,0.9912928743774708,4,0.2184339892850718,0.7994337779854973,18.97,2479.12,129.34,0,Bargain Hunters,1.0856272875766166,-1.9906205662306935
CUST_0056,E,42,F,Beauty,6,32229.2,86,1,13,349.85,0.5543543799416605,0,0.0723830471427398,0.7655304736999482,26.91,2274.02,123.31,3,Young Explorers,0.8352626228307696,-2.2697901000704217
CUST_0057,C,46,F,Grocery,1,33665.22,70,16,28,1785.43,0.8188098773323107,4,0.1026745888445619,0.5159560409437947,63.77,2940.71,69.57,0,Bargain Hunters,0.27474241106333946,-1.636152645308338
CUST_0058,D,42,M,Clothing,3,99077.54,14,185,3,2868.47,0.0721202203538917,10,0.1399540155397701,0.421473069622299,956.16,46.27,5.97,1,At-Risk High-Value,-1.8886289164517147,2.1044538568611144
CUST_0059,C,44,M,Beauty,0,46494.25,69,15,49,1362.96,0.72651500405276,1,0.0979024378988321,0.7008947345402341,27.82,4174.07,118.68,0,Bargain Hunters,1.1280241661461523,-1.973456980645976
CUST_0060,A,61,F,Clothing,3,181089.72,84,24,71,12282.22,0.0940142286978312,13,0.0316674835158149,0.5659464960576789,172.99,34881.5,148.49,2,Premium Loyalists,4.368945283217283,2.686766525797656
CUST_0061,D,43,F,Grocery,0,102090.26,33,278,1,3367.49,0.0256524875454054,11,0.2699341532390698,0.3931104715795416,3367.49,12.07,10.22,1,At-Risk High-Value,-2.656772855591733,3.4616560673012198
CUST_0062,B,52,F,Books,3,50644.82,37,78,9,234.57,0.2405708797578302,1,0.115160312820345,0.543608473916952,26.06,26.72,21.15,4,Occasional Shoppers,-1.400910651050575,-0.6756072813941388
CUST_0063,D,26,F,Electronics,3,125054.68,27,254,3,5078.39,0.1863646452424376,5,0.2854795837809045,0.4183880780155635,1692.8,59.75,5.76,1,At-Risk High-Value,-2.494889138552089,2.5044993076350432
CUST_0064,C,28,M,Electronics,5,37667.25,52,25,20,1259.63,0.7219271410727564,5,0.1966375277608712,0.5306830515833357,62.98,968.95,39.61,0,Bargain Hunters,-0.632925993013403,-1.1285452302914127
CUST_0065,E,42,F,Grocery,1,25224.8,61,52,14,144.46,0.6388727475751882,0,0.0115015470611499,0.9519693813724884,10.32,38.16,45.96,3,Young Explorers,-0.18209355765533683,-2.445347219981826
CUST_0066,E,48,M,Home,5,16079.31,69,5,22,719.61,0.3613977057777054,1,0.0661488154612984,0.8353161562107811,32.71,2638.57,65.71,3,Young Explorers,0.3530997487430083,-1.9391224259374549
CUST_0067,C,44,M,Home,4,38008.33,58,42,25,1682.75,0.811895676776713,4,0.2103967192993119,0.7313369338505596,67.31,978.34,55.01,0,Bargain Hunters,-0.2741067367023239,-1.5083570739938557
CUST_0068,D,18,M,Sports,1,119774.86,24,252,5,4060.61,0.1038585311174875,7,0.3257373272625629,0.693213642298121,812.12,80.25,21.26,1,At-Risk High-Value,-2.0650345273099324,2.1220771475411
CUST_0069,A,41,F,Clothing,1,203216.92,93,2,39,5855.0,0.0071452915153961,8,0.0122107598008615,0.6775423540000322,150.13,76115.0,138.55,2,Premium Loyalists,3.8170474684920253,1.8141875112761046
CUST_0070,D,45,M,Electronics,1,95404.91,31,199,1,7532.72,0.1890463099025306,8,0.3505731299319155,0.3967521831589943,7532.72,37.66,7.44,1,At-Risk High-Value,-3.309064076244176,4.51370696131593
CUST_0071,D,32,F,Books,0,128695.72,29,336,5,3546.76,0.0514998075905567,9,0.271335582512825,0.4582902289044003,709.35,52.62,19.46,1,At-Risk High-Value,-2.242187732633112,2.7910125762834523
CUST_0072,A,35,F,Grocery,0,100524.6,95,28,78,7478.03,0.0,13,0.0146776418050382,0.5268495324335933,95.87,20113.32,170.11,2,Premium Loyalists,4.088694003070283,1.3836644871059554
CUST_0073,D,38,F,Clothing,0,137291.9,22,297,4,4926.86,0.0521540275091572,3,0.2927587677304753,0.5299950243602475,1231.71,66.13,18.94,1,At-Risk High-Value,-2.527503641615292,2.4855719815446355
CUST_0074,C,42,F,Grocery,3,24730.99,69,13,48,2483.58,0.6629685270319094,6,0.2429019873602503,0.7241027199013375,51.74,8515.13,109.17,0,Bargain Hunters,1.0192815069296557,-1.268206653133365
CUST_0075,B,42,F,Books,1,57033.14,57,148,7,761.59,0.245951801259028,1,0.0874548696979844,0.2884704473634299,108.8,35.78,17.45,4,Occasional Shoppers,-1.5213266344989445,-0.21882713414129
CUST_0076,A,28,F,Grocery,1,156249.17,87,17,56,13669.01,0.0614529160992575,6,0.011208266867017,0.7201759277368646,244.09,42525.81,129.29,2,Premium Loyalists,3.874480486763387,1.8221348927448593
CUST_0077,D,36,F,Beauty,2,115287.38,34,250,3,1822.89,0.108460841717823,5,0.2488633029854031,0.5560849585948753,607.63,21.79,11.52,1,At-Risk High-Value,-2.161025014191437,1.5718607348283868
CUST_0078,B,18,F,Grocery,0,52005.84,51,83,9,248.69,0.2904809222833949,0,0.0602624155544499,0.5399028023389176,27.63,26.65,30.0,4,Occasional Shoppers,-1.0565179745265652,-0.9960962726453313
CUST_0079,A,43,M,Clothing,3,103902.97,88,26,68,8911.07,0.0344674204164591,11,0.0350144617096385,0.527700038713499,131.05,22442.69,141.4,2,Premium Loyalists,3.5459327073816773,1.46019787835741
CUST_0080,E,18,F,Books,0,18814.86,70,44,10,547.97,0.494584476038563,1,0.0271792439315273,0.7352967754024885,54.8,121.77,36.98,3,Young Explorers,-0.33179290862424166,-1.9668591436270628
CUST_0081,A,33,F,Beauty,1,101457.36,100,19,69,9955.59,0.0404840043500281,12,0.0196790828170231,0.5236589331771773,144.28,34346.79,150.74,2,Premium Loyalists,4.1204119490643185,1.570605446840932
CUST_0082,B,22,F,Sports,2,50444.43,57,108,5,398.06,0.3266597213071667,1,0.1371357674422741,0.1914751954677776,79.61,18.26,8.76,4,Occasional Shoppers,-1.7567510988577806,-0.3839463479570792
CUST_0083,D,60,F,Grocery,0,135725.22,35,328,2,4559.69,0.1460157059352426,7,0.2954540144531901,0.5884519106858315,2279.84,27.72,16.07,1,At-Risk High-Value,-2.4616242799186847,2.964205255918958
CUST_0084,D,46,F,Home,4,84532.8,22,287,3,2859.71,0.1321295439261458,6,0.2846865240205345,0.6402890234149002,953.24,29.79,7.15,1,At-Risk High-Value,-2.56956843283481,1.7301390638672287
CUST_0085,D,32,F,Beauty,2,106257.98,31,347,1,987.12,0.0703205483515171,10,0.2094475679934223,0.5352449485822419,987.12,2.84,6.99,1,At-Risk High-Value,-2.4272725837784526,2.344193684033197
CUST_0086,D,32,M,Sports,1,135168.38,25,249,5,4444.54,0.0653566997531717,3,0.167612577917919,0.644746596772427,888.91,88.89,20.3,1,At-Risk High-Value,-1.8014437048851315,1.8315581093480133
CUST_0087,E,44,M,Clothing,0,34941.85,76,10,13,385.76,0.6907693776580855,0,0.0212554268592903,0.7417834243262073,29.67,455.9,50.84,3,Young Explorers,0.052997815100574344,-2.389385775221975
CUST_0088,B,48,F,Grocery,0,41342.97,62,79,8,917.32,0.4015470220789123,1,0.1275678255814671,0.3782778454863438,114.66,91.73,24.83,4,Occasional Shoppers,-1.2182141464119702,-0.8735798090407761
CUST_0089,A,50,M,Sports,0,168567.24,98,7,80,7548.71,0.0094353634955276,6,0.0083083684652008,0.5144906970598672,94.36,75487.1,184.58,2,Premium Loyalists,4.804439896169132,1.5552946900731015
CUST_0090,D,44,F,Clothing,1,98406.75,12,178,5,7172.93,0.1558672855485754,4,0.1767072877486895,0.5071944504638807,1434.59,200.36,17.71,1,At-Risk High-Value,-1.9221360696317098,1.9415453853900164
CUST_0091,D,69,M,Sports,3,140685.92,29,178,5,5951.25,0.1668154542429155,3,0.2159801731048899,0.3519538369390673,1190.25,166.24,8.6,1,At-Risk High-Value,-1.896547423331357,2.1494599498168725
CUST_0092,E,32,F,Grocery,3,29475.44,92,1,19,303.4,0.6913979699960403,2,0.0484195678672489,0.7469239065567062,15.97,2882.3,143.94,3,Young Explorers,1.3203626022085158,-2.395397880934644
CUST_0093,A,49,F,Beauty,2,193553.6,91,23,49,12713.17,0.076618377628876,11,0.0168901752355405,0.739279314092263,259.45,25956.06,111.13,2,Premium Loyalists,3.798783947318845,2.4369750523837728
CUST_0094,A,45,F,Sports,3,151838.88,96,5,54,5758.63,0.0431279061460107,12,0.0068112928985809,0.6446378227957421,106.64,51827.67,131.89,2,Premium Loyalists,3.882883587687945,1.537601933765613
CUST_0095,E,37,F,Home,0,23975.4,79,28,9,601.68,0.6071880676879435,0,0.039662126772014,0.8047354097576205,66.85,186.73,37.67,3,Young Explorers,-0.1616656615707399,-2.3323843592375417
CUST_0096,E,18,F,Grocery,2,27870.77,60,17,10,400.56,0.7035319260938555,1,0.1044586191846289,0.7463009398563858,40.06,222.53,34.81,3,Young Explorers,-0.6035410556726313,-2.1201087226704556
CUST_0097,B,44,F,Electronics,5,58965.49,62,70,5,1060.83,0.3945075072167825,0,0.1430262022921355,0.2768152460652675,212.17,74.71,1.96,4,Occasional Shoppers,-1.5126175491978504,-0.5959178622060164
CUST_0098,C,32,M,Home,0,40832.91,54,9,36,3087.18,0.8116048157680973,5,0.2244053883964181,0.4002217058397386,85.76,11113.85,91.12,0,Bargain Hunters,0.17331622297625277,-0.9316399908854672
CUST_0099,D,27,M,Beauty,4,144107.11,9,327,3,5239.4,0.0429422654709666,8,0.3126884483207794,0.2909732656895288,1746.47,47.92,0.13,1,At-Risk High-Value,-3.027320800493059,3.7342846626012913
CUST_0100,E,55,F,Clothing,2,31926.35,71,24,11,415.93,0.3737198510787014,1,0.0684039244117804,0.7847191368660205,37.81,183.01,35.86,3,Young Explorers,-0.2238739233749131,-1.743044233731001
CUST_0101,C,53,M,Clothing,1,25197.25,64,30,40,2204.88,0.9235220199742328,6,0.2176569838848625,0.7749879480952315,55.12,2845.01,95.83,0,Bargain Hunters,0.5890039393840169,-1.70521143228495
CUST_0102,C,53,M,Home,0,43732.9,69,17,26,1429.0,0.6603225916960188,7,0.1370249991395433,0.8347931198106292,54.96,2064.11,74.58,0,Bargain Hunters,0.6250551086799828,-1.3739423732452896
CUST_0103,B,48,M,Clothing,0,30143.21,60,168,3,215.43,0.4666769870520439,1,0.0600641240969297,0.3205187538456194,71.81,3.82,13.01,4,Occasional Shoppers,-1.7198240540207625,-0.8874052178737544
CUST_0104,D,39,F,Grocery,4,92472.62,15,178,2,7324.55,0.1246581046535042,7,0.3181178428159275,0.3121846442174437,3662.28,81.84,0.0,1,At-Risk High-Value,-2.85730840125553,3.350538261163645
CUST_0105,A,53,M,Home,1,143468.32,84,15,30,10280.48,0.0091126340477098,6,0.0515539448956202,0.6051421751997194,342.68,19275.9,75.77,2,Premium Loyalists,2.138010895994298,1.5645668912921034
CUST_0106,B,53,F,Home,0,56338.14,55,135,12,918.48,0.4973105412624484,0,0.1205785559225664,0.294910925856889,76.54,81.04,30.64,4,Occasional Shoppers,-1.4724916935597558,-0.6861464381999725
CUST_0107,B,46,F,Books,1,38133.22,46,148,5,113.42,0.4288462896646477,1,0.0811867853600848,0.578603542819956,22.68,3.81,19.25,4,Occasional Shoppers,-1.5695004611562569,-1.0100990133796595
CUST_0108,A,58,F,Sports,0,103910.96,95,22,36,4196.93,0.0684632631868141,10,0.0234341018092934,0.6723776200784245,116.58,6569.11,89.99,2,Premium Loyalists,2.204314823199984,0.5255924964107911
CUST_0109,B,56,F,Home,2,48525.63,47,119,6,609.94,0.3034668781099645,1,0.1405353976952582,0.5096637633559898,101.66,30.5,17.03,4,Occasional Shoppers,-1.5877599066251575,-0.5889040067864715
CUST_0110,B,59,F,Home,3,57747.76,54,104,10,441.25,0.3631884028291301,1,0.1404083540952552,0.3855012328646246,44.12,42.02,19.67,4,Occasional Shoppers,-1.3986815140887097,-0.5791555663443884
CUST_0111,B,18,M,Electronics,0,50771.59,33,103,6,418.67,0.5014018848140301,2,0.0606869426124925,0.342322437324354,69.78,24.15,19.82,4,Occasional Shoppers,-1.6683070787584613,-0.6919387231506694
CUST_0112,D,31,M,Home,3,137976.01,32,182,2,2351.64,0.1432326373506619,7,0.2718565003860215,0.6519664118543027,1175.82,25.7,8.59,1,At-Risk High-Value,-1.848044788040717,1.8937482225900524
CUST_0113,C,53,F,Grocery,0,27222.78,41,21,63,927.21,0.6121054341712232,5,0.1748330478685012,0.4127165738711303,14.72,2655.19,139.02,0,Bargain Hunters,0.7361903055425052,-1.0752484302731018
CUST_0114,E,48,F,Home,0,23639.25,84,33,21,630.46,0.2828736467264857,1,0.0594766810200104,0.8585668377292522,30.02,389.4,62.2,3,Young Explorers,0.44272867932891025,-1.8492922334187276
CUST_0115,B,31,F,Grocery,2,48759.45,36,70,12,367.47,0.4108743754909194,1,0.1034888269785104,0.2306131442125217,30.62,62.11,24.04,4,Occasional Shoppers,-1.5897328256143577,-0.6279751548448403
CUST_0116,A,18,F,Clothing,3,203433.14,77,11,69,11298.55,0.0662655456855912,13,0.0467721672033869,0.4782332280055256,163.75,64966.66,147.66,2,Premium Loyalists,4.453857938929399,3.1116074405904617
CUST_0117,C,47,M,Electronics,1,35286.37,49,5,52,2671.11,0.9486581123651524,2,0.2059003149286132,0.3349746442855231,51.37,23149.62,127.7,0,Bargain Hunters,0.62163848459215,-1.4175503615632215
CUST_0118,C,38,F,Beauty,0,45428.62,55,32,55,2216.05,0.7812403758574198,5,0.2267039923283704,0.5929243851698041,40.29,3693.42,124.98,0,Bargain Hunters,0.8129362698015324,-1.1667116656753964
CUST_0119,A,53,F,Clothing,4,150657.49,82,6,55,3169.24,0.072365391776686,13,0.0049330886325998,0.5268717308843567,57.62,24901.17,125.2,2,Premium Loyalists,3.116167492152953,1.3685455586848543
CUST_0120,D,24,M,Grocery,3,148515.69,20,316,2,2078.96,0.1232376863408227,10,0.1438127226452306,0.4314355986527026,1039.48,13.12,3.95,1,At-Risk High-Value,-2.2032704319144747,2.798138226782518
CUST_0121,E,51,M,Grocery,2,14955.5,87,55,22,664.56,0.6798852224244526,1,0.0616074513258384,0.9004254670116361,30.21,261.08,57.83,3,Young Explorers,0.3660661355552203,-2.4789662244346076
CUST_0122,C,44,F,Clothing,4,44056.82,46,19,57,2870.48,0.7116001396941184,4,0.2677404900851964,0.6747875161761707,50.36,8180.87,120.76,0,Bargain Hunters,0.7627360260732587,-1.0660134817285938
CUST_0123,C,21,M,Clothing,1,26571.21,40,40,27,2764.54,0.6239309568573175,4,0.1744598469868123,0.5576562661610052,102.39,1820.55,64.65,0,Bargain Hunters,-0.46952683346572505,-0.9911268241777637
CUST_0124,B,31,M,Clothing,0,58032.73,59,125,7,491.48,0.3398882724108613,2,0.1388833609822283,0.4956238838500981,70.21,27.3,24.71,4,Occasional Shoppers,-1.2801810975213677,-0.5436544596900824
CUST_0125,A,65,F,Grocery,0,155169.53,79,21,68,6038.52,0.0696247409855464,11,0.0309680692311786,0.4531713463468016,88.8,18664.52,149.83,2,Premium Loyalists,3.3291208534930083,1.6363803532150063
CUST_0126,D,54,M,Books,2,97915.37,29,277,3,2829.13,0.098548083284565,9,0.4056503952477334,0.3724708445823477,943.04,30.53,7.81,1,At-Risk High-Value,-2.795494948319674,2.5459183152718894
CUST_0127,B,52,F,Electronics,1,45318.29,65,140,10,1053.23,0.3339929190262907,1,0.1387759056206935,0.5526599777803177,105.32,74.7,28.77,4,Occasional Shoppers,-1.141996241728086,-0.727877829306228
CUST_0128,B,60,F,Books,5,42272.26,41,112,2,755.52,0.4366679250000566,2,0.1293209189914029,0.2547057478153379,377.76,13.37,0.0,4,Occasional Shoppers,-2.0722055336668146,-0.3307216884687859
CUST_0129,C,46,F,Books,1,46791.86,48,5,54,830.56,0.80268292552187,5,0.1482462881662212,0.5404897712279105,15.38,7475.04,135.81,0,Bargain Hunters,0.9897154132651698,-1.4083147930484647
CUST_0130,A,44,M,Beauty,1,152776.19,87,17,46,8664.86,0.0949813435314869,13,0.04630907643009,0.6231698397929839,188.37,22143.53,107.35,2,Premium Loyalists,3.1205378233280525,1.9174695094641692
CUST_0131,E,18,F,Grocery,0,31272.1,97,49,17,661.24,0.3244041676603904,0,0.0165576601728957,0.8244934036100143,38.9,224.82,52.53,3,Young Explorers,0.49450730137296317,-1.9721523940525814
CUST_0132,E,36,F,Sports,1,20971.94,73,45,23,547.44,0.7980935782624267,1,0.0605378887013612,0.7638205187907127,23.8,273.72,60.5,3,Young Explorers,0.07738060571949665,-2.4135757948655394
CUST_0133,B,24,F,Grocery,2,40970.73,33,130,7,442.02,0.2221353133572038,1,0.1153964006095809,0.2824439569378937,63.15,23.62,14.42,4,Occasional Shoppers,-2.0150319491477315,-0.2342770876202125
CUST_0134,B,54,F,Home,0,56789.49,46,121,9,450.54,0.3496005866291714,2,0.0637555894611946,0.5294317137879477,50.06,33.24,29.42,4,Occasional Shoppers,-1.171882139675763,-0.6522589770921413
CUST_0135,B,41,F,Electronics,1,32625.43,55,72,12,947.33,0.3406107832746211,0,0.090735875064156,0.534414320139494,78.94,155.73,33.08,4,Occasional Shoppers,-0.9762279119395275,-1.1669929781256274
CUST_0136,C,50,F,Clothing,0,32257.09,39,27,19,1550.29,0.8108358129957561,7,0.3087850675778755,0.3973943298268574,81.59,1051.98,49.65,0,Bargain Hunters,-1.1778775051144665,-0.7361206442368585
CUST_0137,E,75,M,Beauty,1,23030.6,67,24,21,761.61,0.6445478301349428,1,0.0444629986196026,0.7095356499051289,36.27,639.75,57.36,3,Young Explorers,0.02909745301092288,-2.1304848949959228
CUST_0138,E,30,M,Books,3,20624.48,89,9,24,514.32,0.4036126959759712,1,0.060790415416455,0.878483795242748,21.43,1234.37,67.68,3,Young Explorers,0.7367804391077004,-2.174266105548184
CUST_0139,D,36,M,Home,0,145179.93,29,305,3,4730.77,0.1648198752201421,6,0.2671118319749157,0.6175540650235636,1576.92,46.38,18.68,1,At-Risk High-Value,-2.2180740071107308,2.620542522610497
CUST_0140,D,18,M,Home,5,70828.99,28,211,4,5911.16,0.0943183110548828,3,0.3033510948562861,0.4000206329020876,1477.79,111.53,1.47,1,At-Risk High-Value,-2.5647207506991787,1.8848605311762454
CUST_0141,C,53,M,Books,0,47966.56,59,35,56,1734.67,0.6664438473448532,6,0.1111039828861613,0.5895918972117536,30.98,2698.38,126.65,0,Bargain Hunters,1.250308120222384,-1.110362292539161
CUST_0142,A,58,F,Clothing,7,142705.63,89,22,33,5940.68,0.0547267560449592,5,0.0397589632472422,0.5045473813147696,180.02,8523.58,59.64,2,Premium Loyalists,1.6752277227719943,0.9571923433884224
CUST_0143,D,32,F,Electronics,5,81786.04,21,237,2,6420.07,0.1025674912482272,8,0.3554212694683787,0.5013067204457238,3210.04,53.95,0.0,1,At-Risk High-Value,-2.8498422608867915,3.1364686951333502
CUST_0144,B,34,F,Sports,2,49157.58,47,63,5,1026.26,0.3788393517615289,2,0.0581386407080316,0.4868002272034872,205.25,80.18,15.32,4,Occasional Shoppers,-1.1615180033769785,-0.778367504287642
CUST_0145,D,23,M,Clothing,0,83210.83,16,188,4,4254.99,0.1133101254880949,6,0.2963460493696031,0.5794325081589441,1063.75,90.05,20.12,1,At-Risk High-Value,-2.243355219593444,1.7040419581250115
CUST_0146,B,40,M,Home,1,39201.53,64,111,9,511.28,0.2113863177928959,0,0.0585911601473345,0.329418619799691,56.81,41.08,22.49,4,Occasional Shoppers,-1.1960825089706235,-0.7193832200618843
CUST_0147,B,28,M,Electronics,0,43183.47,56,172,9,797.93,0.3804025868091093,0,0.114904055765488,0.5628048376050905,88.66,41.51,29.84,4,Occasional Shoppers,-1.434485109697477,-0.8358735024641787
CUST_0148,C,62,F,Home,3,22367.47,48,24,55,1511.92,0.6304282491438858,5,0.2113912707904184,0.7813983659390866,27.49,3326.22,120.79,0,Bargain Hunters,0.8275496571364731,-1.4270940512226484
CUST_0149,A,33,M,Beauty,1,118012.69,84,19,71,6528.72,0.0447324379467011,6,0.045809970303824,0.485966745127647,91.95,23176.96,153.98,2,Premium Loyalists,3.200168916594291,0.8791229720289413
CUST_0150,A,52,M,Grocery,5,122617.49,98,4,44,13234.11,0.0676816086644353,7,0.0051062750602599,0.7358401149958897,300.78,116460.17,112.72,2,Premium Loyalists,4.464404762226491,1.8801986304678973
CUST_0151,D,36,F,Sports,3,88865.09,22,218,5,2945.94,0.2081182923703954,5,0.3958027180317919,0.6654354298780467,589.19,67.26,14.77,1,At-Risk High-Value,-2.491888440750961,1.3535271346730315
CUST_0152,C,26,M,Books,4,43798.47,51,1,24,1903.47,0.7803143555585486,3,0.1254035969096083,0.6592462394491334,79.31,22841.64,149.18,0,Bargain Hunters,0.9025349724003873,-1.5399380456861849
CUST_0153,B,41,F,Clothing,2,47138.42,37,160,6,817.14,0.4338073737242676,1,0.0924960670641789,0.4713993401186191,136.19,30.45,16.05,4,Occasional Shoppers,-1.8244627231478145,-0.588837455992126
CUST_0154,C,55,F,Books,0,39887.72,39,26,46,1770.04,0.8432926907304275,7,0.1846871618549803,0.4437684112306707,38.48,3015.62,104.72,0,Bargain Hunters,0.2502401976293213,-0.9632977345768675
CUST_0155,A,34,F,Electronics,2,200898.65,78,11,44,11460.84,0.0325359780718672,7,0.0094043527065699,0.6330142327105533,260.47,42023.08,103.75,2,Premium Loyalists,3.285331095576999,2.3011865416340505
CUST_0156,A,62,M,Books,3,170233.13,83,18,40,12757.86,0.0897792286575179,11,0.0211099496817913,0.5798829043259298,318.95,26858.65,88.15,2,Premium Loyalists,3.09657296803688,2.4706700146716454
CUST_0157,B,40,M,Grocery,3,33331.98,59,131,3,332.11,0.3438713254582306,2,0.1318825911868974,0.2302950614086415,110.7,7.55,2.37,4,Occasional Shoppers,-1.8539119349589073,-0.4480573210804144
CUST_0158,D,28,F,Home,7,78629.31,31,197,2,7044.39,0.0882519290343793,10,0.2711155760117834,0.4566042691093648,3522.2,71.16,0.0,1,At-Risk High-Value,-2.2432477730272398,3.2440421810215434
CUST_0159,B,45,F,Grocery,3,38340.9,54,156,5,765.27,0.4877177500688158,2,0.0659539889723692,0.435787461446314,153.05,24.37,10.36,4,Occasional Shoppers,-1.5353166976463615,-0.7591013879486912
CUST_0160,D,35,F,Beauty,2,113980.58,16,345,5,5063.55,0.1165601967070634,3,0.1993134049685664,0.5281588170317618,1012.71,73.17,14.85,1,At-Risk High-Value,-2.5741415404378865,2.201210874205647
CUST_0161,B,67,M,Clothing,4,49612.08,37,101,12,451.89,0.4331681094310812,2,0.0596491006208428,0.4035319792261142,37.66,53.16,21.06,4,Occasional Shoppers,-1.352169011645377,-0.6873700368591047
CUST_0162,B,33,M,Sports,7,48281.83,35,65,8,777.32,0.2625833218786151,0,0.1402148666558001,0.3125283746620216,97.16,94.22,2.79,4,Occasional Shoppers,-1.8299371485028277,-0.44759994675544135
CUST_0163,A,41,F,Beauty,2,177065.4,88,8,38,5233.08,0.0338299783125234,13,0.0441440374063002,0.6844703325978885,137.71,22095.23,96.19,2,Premium Loyalists,2.8498860223644726,1.764223549255782
CUST_0164,C,61,M,Clothing,7,21884.15,42,30,32,2549.32,0.6177623341848558,5,0.2339183683339638,0.4968821370262086,79.67,2631.56,56.27,0,Bargain Hunters,-0.4883739090021231,-0.8117678835677365
CUST_0165,E,55,F,Clothing,3,17306.5,75,55,22,429.73,0.7730669234525795,1,0.022769873163103,0.8674942040471475,19.53,168.82,54.17,3,Young Explorers,0.20419284154752146,-2.552550733324267
CUST_0166,D,63,M,Electronics,1,146694.59,15,309,4,4741.73,0.1624073983418768,6,0.4091417734711728,0.4164142618474193,1185.43,61.18,13.65,1,At-Risk High-Value,-2.9657519540890345,3.035019846321121
CUST_0167,E,34,M,Beauty,0,17965.95,70,40,12,360.51,0.4434507624411747,0,0.0909455054803058,0.9935344916597956,30.04,105.52,46.37,3,Young Explorers,-0.20119517559062555,-2.238812333080284
CUST_0168,C,57,F,Clothing,0,41704.6,60,12,47,2465.78,0.7800974637527668,5,0.2668813686851304,0.8238963093114795,52.46,8914.74,118.81,0,Bargain Hunters,0.9157755535322273,-1.4233903599570104
CUST_0169,A,56,M,Clothing,0,142061.97,77,2,52,13432.36,0.042619847431078,14,0.0027937162780797,0.7109756959307579,258.31,232827.57,168.22,2,Premium Loyalists,6.330984289868032,3.4799672043941827
CUST_0170,E,35,F,Grocery,0,14525.01,77,24,18,143.04,0.4155261701016267,1,0.0890303213966408,1.0,7.95,102.99,60.17,3,Young Explorers,0.24738673213599144,-2.2815339435178212
CUST_0171,C,43,M,Grocery,1,19877.72,66,18,46,2847.79,0.7468726005709214,7,0.235514946033897,0.6001462028831357,61.91,6894.65,106.56,0,Bargain Hunters,0.8107236599827257,-1.1575512489983895
CUST_0172,B,26,M,Books,4,35882.51,47,111,4,1096.05,0.2387360324586069,1,0.066076431629546,0.3229344935795467,274.01,39.14,3.36,4,Occasional Shoppers,-1.6842567499269196,-0.40453820981155003
CUST_0173,E,32,M,Clothing,2,18717.27,95,12,20,358.61,0.4434598966788584,0,0.0686397191530584,0.986562089228536,17.93,551.71,62.06,3,Young Explorers,0.6821954926450041,-2.50213729713609
CUST_0174,E,35,M,Sports,1,26621.66,73,8,24,783.95,0.4426879480901494,0,0.0840065757709773,0.7395505948873766,32.66,2090.53,72.29,3,Young Explorers,0.29088970248189866,-1.9698025644298724
CUST_0175,B,34,M,Beauty,1,58114.62,44,149,12,996.79,0.1969647414383075,2,0.1011246061072332,0.2423915900547354,83.07,79.74,26.52,4,Occasional Shoppers,-1.5599131515745146,0.11887658130570238
CUST_0176,C,45,M,Grocery,7,37596.61,58,31,39,2957.87,0.8641162726319702,3,0.0937675954659968,0.782932997095876,75.84,3604.9,75.88,0,Bargain Hunters,0.6608377079517931,-1.7784899219153134
CUST_0177,B,26,F,Beauty,4,38614.58,55,114,13,809.91,0.2735395579454506,0,0.1376899132868429,0.3806624011076402,62.3,91.56,22.49,4,Occasional Shoppers,-1.4046063561751707,-0.6470677527052857
CUST_0178,C,28,F,Home,1,40645.47,63,3,35,971.83,0.8208140456763284,6,0.2407615873808982,0.4247438124168896,27.77,8503.51,108.83,0,Bargain Hunters,0.3462560354703107,-1.1944784455162785
CUST_0179,B,38,M,Home,2,40907.89,50,117,9,746.57,0.455079888711392,2,0.1344255746748547,0.5238475341428077,82.95,56.94,23.33,4,Occasional Shoppers,-1.3717519677212284,-0.8298734777546602
CUST_0180,D,28,F,Home,1,131553.68,11,199,2,4500.45,0.1609461960829011,10,0.3533211589405214,0.7043963767602677,2250.22,45.0,15.59,1,At-Risk High-Value,-2.3000954747843867,2.8806023613126253
CUST_0181,C,68,M,Electronics,0,35465.0,45,8,27,1856.76,0.8077754084966319,4,0.2449204626634018,0.7522956489968332,68.77,5570.28,81.55,0,Bargain Hunters,-0.17698080004052164,-1.528066542922393
CUST_0182,B,30,F,Books,3,54232.68,63,98,7,1018.69,0.2087078575685158,2,0.1262923562478544,0.524335690755277,145.53,72.03,16.51,4,Occasional Shoppers,-1.0626380980235957,-0.44100318595186033
CUST_0183,E,51,F,Home,2,16093.82,70,58,10,64.97,0.5209593915282345,1,0.0746209999993611,0.8636540718815586,6.5,11.01,33.0,3,Young Explorers,-0.44615488683065496,-2.114008887057324
CUST_0184,C,37,M,Electronics,1,45525.62,49,29,28,1308.8,0.6037802035580246,3,0.1193706163783868,0.4314969315299708,46.74,1221.55,65.08,4,Occasional Shoppers,-0.3083457634198803,-1.0853289559703774
CUST_0185,B,44,F,Clothing,3,42873.23,64,177,13,332.87,0.358572143848746,2,0.0465857738810424,0.5903629952935626,25.61,24.31,29.37,4,Occasional Shoppers,-0.9141142200406537,-0.8249386301063941
CUST_0186,B,49,M,Books,1,51256.07,54,105,8,640.96,0.337665013349811,2,0.0630893878470994,0.2278503100016719,80.12,48.37,18.51,4,Occasional Shoppers,-1.3602797179180652,-0.4151933418044602
CUST_0187,E,36,F,Electronics,2,20488.08,74,15,25,674.64,0.669791602318959,0,0.0797578793173763,0.7307779685460222,26.99,1054.12,65.28,3,Young Explorers,0.1873154304398917,-2.344387007525208
CUST_0188,D,37,M,Beauty,0,72813.08,14,281,5,6970.08,0.0048206070798918,7,0.3226567341688181,0.3646211243109637,1394.02,123.58,17.65,1,At-Risk High-Value,-2.7050696149035565,2.825576457677709
CUST_0189,C,57,F,Books,0,23014.53,48,11,45,2009.26,0.7273009226767557,4,0.25198076296034,0.7357051274535782,44.65,7534.72,113.81,0,Bargain Hunters,0.44753418772791925,-1.5211940461165592
CUST_0190,C,29,M,Books,5,24952.82,56,4,20,954.67,0.9285826447558913,2,0.1453199908773061,0.6025155332843708,47.73,3818.68,62.05,0,Bargain Hunters,-0.32325980762996814,-2.105205921272915
CUST_0191,B,33,M,Beauty,1,36217.96,38,73,9,972.55,0.3988848471903336,0,0.1238045045055245,0.2862895238885496,108.06,118.28,22.1,4,Occasional Shoppers,-1.7230983974753702,-0.7730817730863353
CUST_0192,A,60,M,Electronics,4,101859.57,77,26,41,13573.45,0.0183503957334074,5,0.0206094407325224,0.5993018587563687,331.06,20611.54,85.83,2,Premium Loyalists,2.4460798213271175,1.4747156318752384
CUST_0193,D,43,F,Clothing,2,78277.64,21,297,2,6387.28,0.067170206641246,11,0.3349954760374998,0.5345796634781813,3193.64,42.87,9.03,1,At-Risk High-Value,-2.780372570590523,3.529099298905876
CUST_0194,A,44,F,Sports,5,190148.8,84,27,72,3975.45,0.0506202473035363,14,0.0412688047422582,0.570945511992371,55.21,10222.59,144.12,2,Premium Loyalists,3.609186256415584,1.904825871347521
CUST_0195,A,19,M,Books,0,119008.42,89,20,82,6148.81,0.0444929143713351,12,0.0395742567919051,0.385838074259167,74.99,24009.64,176.72,2,Premium Loyalists,3.9069999422493398,1.4618147779858002
CUST_0196,B,53,F,Beauty,2,48594.28,46,115,12,668.24,0.3743175921159118,2,0.0770716598762029,0.3201013724935193,55.69,69.13,25.27,4,Occasional Shoppers,-1.3460870183832903,-0.49778373980905605
CUST_0197,C,36,F,Electronics,1,25292.85,45,1,20,1835.57,0.7664570120624422,6,0.2229258170714142,0.7762278425986686,91.78,18355.7,152.52,0,Bargain Hunters,0.6068549832490433,-1.4130046934415443
CUST_0198,B,62,F,Books,1,32505.17,61,114,6,382.17,0.4542308759063031,0,0.1507728365349928,0.5376536591746514,63.7,19.94,20.63,4,Occasional Shoppers,-1.4622279133701386,-1.2165733933286935
CUST_0199,B,36,M,Books,3,34422.04,49,156,11,322.02,0.2656741737028108,2,0.0653906609608928,0.2094816146720589,29.27,22.56,17.83,4,Occasional Shoppers,-1.6326208409606795,-0.29170264442062543
CUST_0200,D,57,F,Beauty,0,137116.5,14,297,1,6340.87,0.0083369739456509,9,0.1710781051907443,0.3315658496299564,6340.87,21.28,8.97,1,At-Risk High-Value,-3.150235854768958,4.989919206617069
CUST_0201,E,22,F,Grocery,4,27205.48,74,59,18,621.17,0.4219944927650056,1,0.0940078873435899,0.9096729284379164,34.51,186.35,43.89,3,Young Explorers,-0.039758315351628604,-1.8431915315262042
CUST_0202,B,32,M,Clothing,2,35690.06,64,71,3,689.69,0.2031275751533609,1,0.0711039884446068,0.5996515775729625,229.9,28.74,13.4,4,Occasional Shoppers,-1.0013031818040847,-0.9573464712062574
CUST_0203,A,46,F,Grocery,1,126933.3,97,18,31,5186.51,0.067336975884516,14,0.0077602822260856,0.7506757444018436,167.31,8462.2,79.57,2,Premium Loyalists,2.5672298719036286,1.1376850858670418
CUST_0204,B,18,M,Books,1,53642.21,39,49,2,901.79,0.4920630235592372,0,0.0504203989732579,0.4863302603305258,450.9,36.07,12.77,4,Occasional Shoppers,-1.4761611734795463,-1.033128726127597
CUST_0205,B,39,M,Electronics,4,43624.94,51,77,14,691.01,0.2917118201530977,3,0.0847849104257306,0.4280863298285987,49.36,124.03,25.86,4,Occasional Shoppers,-0.93472039317377,-0.573887307527801
CUST_0206,A,44,M,Sports,2,161928.83,96,21,63,3005.37,0.0150624952508397,11,0.0096238448435054,0.4034338987997647,47.7,8606.29,132.83,2,Premium Loyalists,3.1266927107288947,1.333089174512782
CUST_0207,D,41,F,Home,0,89101.37,28,344,4,6855.56,0.0827103048069414,9,0.2045371246183024,0.4438637618146531,1713.89,79.48,17.17,1,At-Risk High-Value,-2.2420382890423407,3.0070929166660916
CUST_0208,C,66,F,Sports,0,42861.4,54,18,46,2183.59,0.6801436972974891,4,0.2659053799186484,0.8462688118447778,47.47,5286.59,114.48,0,Bargain Hunters,0.6707864551364515,-1.3800742149944154
CUST_0209,C,60,M,Grocery,0,31842.76,58,5,29,2270.12,0.6572565305117732,7,0.2447934770813674,0.9404125628191689,78.28,10972.25,96.81,0,Bargain Hunters,0.6375555331470699,-1.289560468984225
CUST_0210,A,23,M,Clothing,0,146240.61,77,13,45,4316.12,0.0097412867806176,9,0.0179007357960022,0.5168364910199994,95.91,13873.24,108.03,2,Premium Loyalists,2.3237846417528187,1.1843603915167444
CUST_0211,E,42,M,Beauty,4,26556.18,67,51,11,284.47,0.3339676154301193,1,0.0688377986815911,0.8011720473422014,25.86,60.18,27.98,3,Young Explorers,-0.43641719942119095,-1.643173748478387
CUST_0212,A,26,F,Electronics,1,100882.18,79,26,72,9454.38,0.0449719446376733,10,0.0451124202885466,0.668730765415145,131.31,25211.68,158.22,2,Premium Loyalists,3.692877384713639,1.28512953914732
CUST_0213,A,33,F,Electronics,3,107997.8,79,4,59,5563.2,0.0483030357180713,7,0.0255716856439495,0.4926142182130453,94.29,65645.76,143.85,2,Premium Loyalists,3.3253095389528573,0.9825680721753844
CUST_0214,A,30,F,Electronics,0,86501.74,89,18,27,13229.2,0.0477690265789228,6,0.0413818766554445,0.4443340820211344,489.97,18799.39,68.44,2,Premium Loyalists,1.9423244242107756,1.4768952204846229
CUST_0215,B,24,M,Grocery,2,53362.95,60,144,3,551.57,0.361376555406079,1,0.0989930846915372,0.5767580873981648,183.86,11.41,12.23,4,Occasional Shoppers,-1.3970838342813532,-0.7359186994083576
CUST_0216,E,37,F,Home,0,18828.05,61,1,12,261.54,0.339431639514658,0,0.0843730323084577,0.756203636449591,21.8,1569.24,139.12,3,Young Explorers,0.3992702001462709,-1.9640056945756386
CUST_0217,C,51,M,Sports,2,45392.66,70,22,49,594.4,0.799197060575981,4,0.206515375453169,0.528468819578354,12.13,1266.33,107.11,0,Bargain Hunters,0.6593680938299981,-1.536937984095502
CUST_0218,A,41,F,Clothing,4,104625.08,81,21,40,9827.17,0.0315975720213691,5,0.0026871240782655,0.4405379399538246,245.68,17867.58,81.57,2,Premium Loyalists,2.1091433811701896,1.1516660342559413
CUST_0219,B,37,F,Sports,0,52456.24,42,151,12,332.73,0.3578232082598541,2,0.0578413676138543,0.4810615679723504,27.73,26.27,34.28,4,Occasional Shoppers,-1.2937025827302793,-0.5654909748768479
CUST_0220,C,26,M,Home,0,31667.24,63,36,47,1790.04,0.7736644680688409,7,0.2152926605060407,0.7384768403802647,38.09,2273.83,111.55,0,Bargain Hunters,0.8442611753842393,-1.345309395884516
CUST_0221,C,47,M,Sports,2,30867.33,62,20,56,684.77,0.999378953121181,6,0.281113260802297,0.5634083849082113,12.23,1826.05,122.27,0,Bargain Hunters,0.6650362523210573,-1.666693035689543
CUST_0222,A,30,F,Grocery,2,104766.37,94,25,30,3572.32,0.067816566483975,5,0.046484021118159,0.4314451955574758,119.08,4121.91,66.63,2,Premium Loyalists,1.2736361494861785,0.321063249438977
CUST_0223,B,27,M,Books,0,31513.07,44,175,10,210.35,0.4780993354794244,3,0.1358583421628566,0.2074223908971282,21.04,11.95,24.72,4,Occasional Shoppers,-1.9654671812790914,-0.38228471786225227
CUST_0224,C,34,F,Grocery,3,43147.0,61,17,45,3042.11,0.961725551453843,3,0.2877018982118373,0.7550143964298279,67.6,7605.28,101.98,0,Bargain Hunters,0.5467365141645759,-1.6596350209289343
CUST_0225,E,18,M,Beauty,0,34441.25,73,44,21,399.09,0.5556014223780847,1,0.0734391035995336,0.6829181370921195,19.0,186.24,57.93,3,Young Explorers,-0.028411184237094076,-1.8569730238962021
CUST_0226,E,42,F,Home,2,32252.89,77,20,10,315.14,0.3614246597228308,0,0.0286062949211272,0.7096045664663282,31.51,150.07,33.19,3,Young Explorers,-0.16826392155603,-1.8496796163678428
CUST_0227,B,24,F,Books,2,60182.25,58,102,13,695.95,0.3645510511087088,1,0.0741184043235205,0.3315388308186521,53.53,87.84,27.61,4,Occasional Shoppers,-1.055298568503236,-0.6033444763856934
CUST_0228,A,23,F,Electronics,0,144020.57,77,28,32,14865.31,0.0943286299312929,9,0.0439871940424087,0.6366361526095918,464.54,16403.1,80.3,2,Premium Loyalists,2.5166075061861948,2.271760612883238
CUST_0229,D,43,M,Clothing,1,126978.35,16,226,3,7558.52,0.019747905702177,10,0.2231222298159232,0.3641391246016704,2519.51,99.89,10.73,1,At-Risk High-Value,-2.11080098898898,3.7043497870353006
CUST_0230,A,57,M,Grocery,0,99320.88,76,4,72,11520.95,0.0332415878814136,4,0.0329082027638833,0.6597842261924528,160.01,165901.68,182.2,2,Premium Loyalists,5.193366249318133,1.6354742931483723
CUST_0231,E,42,F,Sports,2,22569.2,73,27,13,542.56,0.7629939944550701,1,0.0174926437567237,0.816640693535284,41.74,251.9,40.04,3,Young Explorers,-0.03880686808692334,-2.4883909852362085
CUST_0232,A,72,F,Clothing,1,98057.71,99,27,57,7430.6,0.0496160526275375,5,0.0282994478071619,0.76548656295369,130.36,15126.58,130.01,2,Premium Loyalists,3.101619926130291,0.2828899815638125
CUST_0233,D,33,M,Grocery,2,142909.5,27,235,3,5777.06,0.0286567748724525,5,0.3287605731972802,0.4392549042501772,1925.69,73.44,9.21,1,At-Risk High-Value,-2.41878715990323,3.0135150685693293
CUST_0234,D,31,F,Grocery,0,78132.04,9,235,1,7484.9,0.1320671998143445,4,0.4012927603874046,0.6148298835617877,7484.9,31.72,14.72,1,At-Risk High-Value,-3.953365794306505,4.1057470122362085
CUST_0235,E,24,M,Clothing,3,21765.35,60,42,10,470.5,0.4285345788614241,1,0.0,0.7849361329635326,47.05,109.42,29.08,3,Young Explorers,-0.3877208222174201,-1.8631720538553458
CUST_0236,A,35,F,Electronics,3,124043.24,92,5,61,4119.03,0.0609384583092927,14,0.0252400762466871,0.6255465904885826,67.53,41876.8,145.51,2,Premium Loyalists,3.796581544916609,1.2603715072360688
CUST_0237,C,42,M,Clothing,1,39633.51,66,39,48,2169.95,0.744933693100399,7,0.2500461256505013,0.4494596371188647,45.21,2603.94,104.55,0,Bargain Hunters,0.5607445738564524,-0.8231948939946495
CUST_0238,B,50,M,Grocery,4,57749.93,40,134,12,422.1,0.3373579365170894,1,0.1325162999806005,0.2893112324531326,35.18,37.52,18.53,4,Occasional Shoppers,-1.7569382314608566,-0.26463423019209087
CUST_0239,D,69,M,Home,2,74339.47,14,255,2,3411.7,0.1994702028634559,5,0.3687389200717341,0.3868473188699261,1705.85,26.65,6.13,1,At-Risk High-Value,-3.291964581446257,2.0659228306930286
CUST_0240,B,42,M,Beauty,2,37905.6,60,128,5,754.45,0.3288231926965513,1,0.0845398058881915,0.3310498993762142,150.89,29.24,11.4,4,Occasional Shoppers,-1.5173918990514936,-0.6235045322163393
CUST_0241,B,29,F,Books,0,35269.54,64,90,10,1103.78,0.3219498128186793,2,0.126623493457762,0.5892118930100175,110.38,121.29,32.9,4,Occasional Shoppers,-0.8672739332638177,-0.9164717960784468
CUST_0242,D,58,M,Home,1,89723.05,22,365,2,3407.31,0.1948683052031772,8,0.2097114342951873,0.557150422433144,1703.66,18.62,12.42,1,At-Risk High-Value,-2.7070607517338425,2.382638787493687
CUST_0243,B,18,F,Beauty,2,54007.98,57,168,9,591.48,0.4669655137724862,0,0.0672805048578721,0.4235110092547478,65.72,31.5,21.07,4,Occasional Shoppers,-1.435800141404193,-0.8020199486933041
CUST_0244,C,24,M,Beauty,2,26722.89,61,14,31,1917.1,0.6031935842329321,6,0.2041671270475644,0.8196617675096258,61.84,3962.01,79.54,0,Bargain Hunters,0.41635587721331924,-1.324980836744068
CUST_0245,D,33,M,Grocery,4,115337.9,25,313,2,7736.45,0.0750456865355117,4,0.1963738354781861,0.5270775895084603,3868.22,49.28,2.86,1,At-Risk High-Value,-2.706843828022342,3.4173528479980875
CUST_0246,A,45,F,Grocery,5,188961.22,94,30,67,9154.41,0.0262015232920543,12,0.0021287319880024,0.6875463534991624,136.63,19785.34,136.08,2,Premium Loyalists,4.156292966474579,2.143733185155761
CUST_0247,B,50,F,Electronics,0,34532.16,45,129,6,731.03,0.3381102761652672,1,0.1173045839206047,0.4856604290140255,121.84,33.74,22.49,4,Occasional Shoppers,-1.6388417535542816,-0.7277737718370243
CUST_0248,E,35,M,Beauty,1,36112.2,64,2,18,463.27,0.7359764473862667,1,0.0664463116675444,0.7499140681523266,25.74,2779.62,98.0,3,Young Explorers,0.3515298345997817,-2.255011480444487
CUST_0249,B,52,F,Sports,2,57297.99,42,91,6,960.38,0.4186808179280056,2,0.0560741145432799,0.454997395079601,160.06,62.63,16.2,4,Occasional Shoppers,-1.314434257869254,-0.6324032144776033
CUST_0250,C,21,F,Electronics,1,29190.83,53,27,56,725.82,0.7639410805342589,7,0.1675751419021773,0.4519452571968923,12.96,1451.64,121.74,0,Bargain Hunters,0.7666305485341495,-1.2025389819976715
CUST_0251,C,38,F,Clothing,6,38028.63,49,3,59,2553.31,0.956340999416288,2,0.2463658912802998,0.6466353222845618,43.28,37661.32,146.27,0,Bargain Hunters,1.294927884702746,-1.6133496272570964
CUST_0252,A,43,F,Electronics,2,101547.76,96,8,47,9283.93,0.0768774536716504,12,0.0407261116197568,0.4333378748869677,197.53,48482.75,109.17,2,Premium Loyalists,3.27857478429197,1.7049465124802792
CUST_0253,C,42,F,Books,2,36758.66,61,37,33,707.63,0.792073910167274,3,0.2712646982863662,0.5615208958837776,21.44,614.52,73.93,0,Bargain Hunters,-0.3567033891614676,-1.5050637251765735
CUST_0254,B,62,F,Grocery,2,39377.38,34,81,8,513.61,0.4578282004214919,1,0.1396042287831563,0.2574135895834888,64.2,50.11,16.38,4,Occasional Shoppers,-1.9116273903024905,-0.6834612279967172
CUST_0255,D,32,F,Electronics,0,101389.83,15,216,1,3228.7,0.0303728053188651,2,0.2292261691001729,0.3988968556469134,3228.7,14.88,10.44,1,At-Risk High-Value,-3.087427732025959,2.3937265161887473
CUST_0256,C,54,F,Grocery,2,46663.31,57,3,44,2227.41,0.8129898879975936,3,0.3016433166525821,0.5906683355620375,50.62,24501.51,127.15,0,Bargain Hunters,0.6767225136516746,-1.2557803169963095
CUST_0257,B,49,F,Electronics,1,36471.77,35,163,13,1114.63,0.2820142309059023,2,0.1268454705859873,0.5972720354493304,85.74,88.35,35.56,4,Occasional Shoppers,-1.4923220063389027,-0.449392217998843
CUST_0258,B,52,M,Home,2,55247.13,62,150,11,1003.7,0.3861064195145491,0,0.1339301909099756,0.5028922975045556,91.25,73.12,26.72,4,Occasional Shoppers,-1.273598412499173,-0.710785059308873
CUST_0259,E,46,F,Electronics,0,16743.1,73,3,22,395.46,0.713958005313666,1,0.0912630981844528,0.941759593004624,17.98,2175.03,96.17,3,Young Explorers,0.5784885939138669,-2.6521729986257827
CUST_0260,C,51,F,Home,1,31992.5,41,38,24,2288.27,0.6552794919585441,4,0.2918783735014524,0.5596161312511552,95.34,1408.17,58.82,0,Bargain Hunters,-0.8942722221955135,-0.8931603992039909
CUST_0261,A,43,F,Sports,3,145744.71,89,29,72,10559.71,0.030481183241921,9,0.0047813172633221,0.7380622181530934,146.66,25343.3,153.21,2,Premium Loyalists,4.178540320772911,1.584177023721593
CUST_0262,E,54,M,Grocery,5,23856.24,63,45,23,324.49,0.4907725193173812,0,0.0514118641873738,0.9953728063530832,14.11,162.24,53.13,3,Young Explorers,0.11369269160431567,-2.234002726747548
CUST_0263,A,41,M,Clothing,1,173363.79,84,25,35,8711.92,0.0491850746121611,8,0.0319243180574338,0.4556645237406022,248.91,11727.58,80.11,2,Premium Loyalists,2.1854298207396505,1.8979932173982923
CUST_0264,D,30,F,Electronics,5,127166.49,17,187,3,5454.1,0.0494132018090009,7,0.3003757225224208,0.3826536938356258,1818.03,87.03,0.0,1,At-Risk High-Value,-2.3819341979582114,2.9219577918373485
CUST_0265,C,48,F,Grocery,2,47559.7,51,17,58,2867.48,0.7957042643477993,2,0.2071729784080062,0.6390215286145624,49.44,9239.66,128.66,0,Bargain Hunters,0.9513804842891477,-1.4391723131143601
CUST_0266,D,39,M,Home,0,90834.65,27,246,3,3004.76,0.1768837377051583,8,0.145630647172192,0.347285966013622,1001.59,36.5,13.35,1,At-Risk High-Value,-2.094228929723739,1.8869263987593163
CUST_0267,A,61,M,Electronics,0,158410.34,82,21,61,11621.13,0.0769276822204622,9,0.0082722713255343,0.5825467650885743,190.51,32222.22,138.41,2,Premium Loyalists,3.7477719249670445,1.9878502056633232
CUST_0268,A,31,F,Clothing,0,84265.19,100,18,53,8803.92,0.0734990967541409,10,0.0228579722969531,0.8161869912765432,166.11,24558.3,127.88,2,Premium Loyalists,3.5113940709751144,0.7045621788107032
CUST_0269,A,55,F,Books,0,172472.11,86,18,34,14921.44,0.0999961881772502,14,0.0021525719934932,0.6767109702873281,438.87,26701.52,87.09,2,Premium Loyalists,3.4252304992884337,2.8635609252695655
CUST_0270,C,39,F,Clothing,1,20334.41,63,41,21,661.38,0.9779984850624356,2,0.1109718051459248,0.3908520911803554,31.49,330.69,49.26,0,Bargain Hunters,-0.6455922725997708,-2.037780386353783
CUST_0271,D,49,F,Books,2,82939.95,27,196,4,3181.14,0.0116615384506944,7,0.3580980960983872,0.4046252419088844,795.28,64.59,10.6,1,At-Risk High-Value,-2.4334154787377673,1.992734706405533
CUST_0272,E,33,F,Electronics,1,16834.26,69,52,18,392.89,0.667600024183886,0,0.0718506902056164,0.9331527224250894,21.83,133.43,53.59,3,Young Explorers,-0.10728762592804747,-2.4905163861089132
CUST_0273,B,18,M,Clothing,3,49564.0,52,115,13,945.04,0.4249286384331803,1,0.1246180752274336,0.3693933917639791,72.7,105.91,25.26,4,Occasional Shoppers,-1.342975745357781,-0.6436124340548753
CUST_0274,D,27,F,Home,0,82518.62,34,245,4,7155.86,0.2003943115225887,11,0.2268802866172561,0.6659776935923291,1788.96,116.36,21.73,1,At-Risk High-Value,-1.53854880901389,2.4603829054399
CUST_0275,E,51,M,Beauty,0,31417.33,91,25,11,557.07,0.776215992982064,0,0.0180414426440878,0.9268290882697272,50.64,235.68,44.54,3,Young Explorers,0.3130685523586265,-2.7699717029713673
CUST_0276,E,33,M,Sports,3,17597.75,65,53,10,625.5,0.662606470248025,0,0.0277519039494137,0.7522806004026782,62.55,115.83,27.93,3,Young Explorers,-0.5521749783025791,-2.2379936014831623
CUST_0277,B,42,M,Home,1,49895.07,52,173,10,398.14,0.2584610364570441,1,0.1262959623906313,0.3535678182231442,39.81,22.88,24.65,4,Occasional Shoppers,-1.6618380132174793,-0.27947180855482506
CUST_0278,B,53,F,Clothing,2,40285.95,49,101,13,641.57,0.2374873109850559,0,0.1324777891711658,0.3100228596856133,49.35,81.77,27.19,4,Occasional Shoppers,-1.4889825531632814,-0.5507367998197303
CUST_0279,D,18,F,Books,0,130882.48,13,292,2,3328.66,0.17490560130592,8,0.163896481069822,0.5074208259837997,1664.33,22.72,14.49,1,At-Risk High-Value,-2.3657997280729743,2.5864224025315092
CUST_0280,A,35,F,Books,1,91480.41,87,20,77,9331.2,0.0637632902679252,9,0.0285519480814597,0.4625256394148547,121.18,34214.4,165.25,2,Premium Loyalists,3.8577663188196016,1.234042650596691
CUST_0281,E,50,M,Grocery,0,22986.22,79,4,23,160.26,0.6410165780117911,1,0.0255642731140549,0.9122603388397672,6.97,737.2,89.25,3,Young Explorers,0.7901484901860466,-2.6114617367705506
CUST_0282,D,49,M,Clothing,0,147908.83,32,231,5,6272.39,0.0901860182815965,3,0.2113380577636799,0.5878676096832911,1254.48,135.18,22.19,1,At-Risk High-Value,-1.6843415154177463,2.236339319559918
CUST_0283,B,34,M,Grocery,0,44913.99,34,74,9,588.51,0.2458523365482532,1,0.1484184180483395,0.3679470290390105,65.39,70.62,26.71,4,Occasional Shoppers,-1.6741399054261428,-0.4676645272621554
CUST_0284,D,54,F,Sports,3,86754.58,10,255,1,3027.33,0.1277773897010719,10,0.3888191764474517,0.4410680151875932,3027.33,11.83,2.21,1,At-Risk High-Value,-3.352110963822849,3.1384827552726446
CUST_0285,C,61,F,Clothing,4,20696.11,62,29,32,2930.97,0.8673721036442156,2,0.1816078257840093,0.914259540467424,91.59,3126.37,73.73,0,Bargain Hunters,0.30426865458638414,-2.1066394935701003
CUST_0286,A,54,F,Clothing,1,95845.55,98,6,41,4111.73,0.0397169297246136,6,0.0415502868978199,0.6897977920716702,100.29,24082.99,109.46,2,Premium Loyalists,2.4850380465349575,0.12102462875433784
CUST_0287,A,52,F,Beauty,3,139430.15,80,28,68,8133.71,0.0819132917537664,13,0.0020530265550833,0.6364459089674354,119.61,19072.15,143.3,2,Premium Loyalists,3.7441577305307843,1.6992987304279128
CUST_0288,E,34,F,Home,1,23672.05,61,22,25,554.24,0.3342402515037596,1,0.0537509191258585,0.7640078359079474,22.17,602.43,66.83,3,Young Explorers,0.150701213618031,-1.725821466499324
CUST_0289,A,62,F,Home,5,167887.47,100,23,62,10278.37,0.0094153980916117,12,0.0355952881149398,0.5232237533162963,165.78,26552.46,123.81,2,Premium Loyalists,3.917397264642159,2.3131984147888986
CUST_0290,A,57,M,Books,1,115649.52,90,27,54,2454.35,0.0420740622760632,8,0.0249438803505635,0.68824880518263,45.45,4733.39,122.47,2,Premium Loyalists,2.5486540264494746,0.2715492675359795
CUST_0291,C,62,F,Home,2,38556.67,42,20,20,1336.61,0.7319181244965618,7,0.2655304478919815,0.9003785610320186,66.83,1272.96,57.01,0,Bargain Hunters,-0.40747858718272534,-1.2275402318051658
CUST_0292,D,68,F,Sports,5,114853.9,25,306,3,7818.2,0.0625865207929536,7,0.2503748820645005,0.5009144393601518,2606.07,76.4,1.35,1,At-Risk High-Value,-2.4370790983452353,3.4129305530222944
CUST_0293,D,45,F,Beauty,1,136627.68,28,295,2,4733.24,0.1825330016138537,11,0.1916702875338574,0.4340402918403748,2366.62,31.98,10.02,1,At-Risk High-Value,-2.1449060919038407,3.3262907677726434
CUST_0294,D,44,F,Clothing,1,93473.05,16,234,1,5421.19,0.191620943933811,7,0.2395061377145743,0.3676643287126985,5421.19,23.07,6.78,1,At-Risk High-Value,-3.2349732356240706,3.593229910876854
CUST_0295,B,41,F,Beauty,0,56032.13,47,156,5,848.8,0.3966110580230815,2,0.1467216615130822,0.3980998411173521,169.76,27.03,18.6,4,Occasional Shoppers,-1.7943541557967624,-0.28095625553801146
CUST_0296,A,50,F,Books,4,186113.7,88,4,82,8063.53,0.0114818901094685,10,0.0403867767983907,0.7893654140807234,98.34,132241.89,192.79,2,Premium Loyalists,5.8540174205501705,2.2785026586325303
CUST_0297,A,32,M,Home,2,174474.77,95,7,53,9423.02,0.0751952462311623,12,0.0204897794620046,0.7309948338920514,177.79,62427.51,128.91,2,Premium Loyalists,4.27312831445955,2.1046111752197603
CUST_0298,E,29,M,Sports,4,19920.51,70,24,9,723.63,0.3463321671708018,1,0.0612913799493102,0.7351852094821153,80.4,260.51,24.87,3,Young Explorers,-0.39504036442970614,-1.695862739980457
CUST_0299,E,60,M,Grocery,0,22266.88,64,4,7,693.35,0.4449229377165879,1,0.0909489508176215,0.9114205868124456,99.05,970.69,57.23,3,Young Explorers,-0.16254570437656837,-2.034016976846694
CUST_0300,B,35,M,Sports,0,50729.04,39,184,14,411.53,0.4128550815081878,2,0.1101853795513227,0.4852735881774865,29.4,31.14,38.25,4,Occasional Shoppers,-1.5362892110196118,-0.46865276508805837
CUST_0301,B,49,F,Grocery,0,38895.13,57,169,10,1037.36,0.3256771898455987,1,0.1002317826527774,0.2228894769703897,103.74,61.02,25.05,4,Occasional Shoppers,-1.6320246066769442,-0.3340699557841944
CUST_0302,A,43,F,Books,2,159984.29,83,12,32,3906.89,0.0955138929057941,5,0.0361949475237841,0.7016118666341234,122.09,9616.96,80.37,2,Premium Loyalists,1.8258384788197832,0.5706805602950455
CUST_0303,E,72,F,Sports,3,28391.38,64,50,11,649.87,0.3756763325658891,0,0.0371095811542565,0.7304669185393597,59.08,140.17,29.61,3,Young Explorers,-0.4896461914419745,-1.6892864501506406
CUST_0304,D,75,M,Electronics,0,94741.93,18,250,3,2566.88,0.0182014353993878,6,0.4074938434653518,0.3817779747047243,855.63,30.68,14.04,1,At-Risk High-Value,-3.0118961070440906,2.2522861882920093
CUST_0305,B,48,M,Electronics,0,50483.29,52,164,8,637.76,0.5003637832256422,2,0.1165569963873534,0.3247184215152271,79.72,30.92,23.1,4,Occasional Shoppers,-1.6607927562676326,-0.5052919713891236
CUST_0306,E,29,F,Books,2,21324.33,87,1,15,478.33,0.6751793381411072,0,0.0604455737684148,0.8553182546312481,31.89,3587.48,141.11,3,Young Explorers,1.0744326761983318,-2.682891301512329
CUST_0307,C,46,M,Grocery,1,39914.83,57,8,38,1042.24,0.9703133885088512,6,0.2614120811425182,0.4890820981291625,27.43,4400.57,95.28,0,Bargain Hunters,0.11373774662009227,-1.4140156415329967
CUST_0308,C,31,F,Sports,0,22718.72,45,15,26,561.35,0.7061705148235853,7,0.1848477234558969,0.8713664580275455,21.59,912.19,76.09,0,Bargain Hunters,0.0054374031623118345,-1.5763607537038105
CUST_0309,C,48,M,Home,0,33690.46,69,22,42,1037.7,0.7392374812497298,3,0.1258964761330489,0.8052224933359948,24.71,1894.93,104.65,0,Bargain Hunters,0.8850041755342042,-2.009585341056072
CUST_0310,A,34,F,Electronics,0,125727.56,92,14,73,9152.58,0.0777138164705911,13,0.0314029732363867,0.6928313168238716,125.38,44542.56,167.0,2,Premium Loyalists,4.509226633818058,1.6479069974687617
CUST_0311,C,63,M,Clothing,0,26975.62,47,24,19,531.97,0.9107512423445644,5,0.2349263018687312,0.6130186791583425,28.0,404.3,54.43,0,Bargain Hunters,-0.8089614023480394,-1.6450372476771618
CUST_0312,D,73,F,Books,2,67690.67,20,258,3,7236.36,0.1252142663253268,5,0.3185389522521157,0.4221923491208948,2412.12,83.82,8.83,1,At-Risk High-Value,-2.8604902516579607,2.6054684052888866
CUST_0313,C,41,F,Sports,2,32861.56,45,13,27,2525.48,0.7216041181609228,7,0.2769574966049802,0.7672226656649098,93.54,4870.57,71.04,0,Bargain Hunters,-0.1333444225512207,-1.004651126020778
CUST_0314,C,75,F,Home,2,45178.92,44,22,29,1759.92,0.7057141912414179,2,0.2172748725747365,0.6427452233222816,60.69,2219.03,69.4,0,Bargain Hunters,-0.40668075946744087,-1.358966475889343
CUST_0315,C,42,F,Home,0,24721.91,53,36,25,2815.3,0.7803866926521259,4,0.188814450563233,0.6485015619452007,112.61,1902.23,65.75,0,Bargain Hunters,-0.2649464845347333,-1.4058410988914591
CUST_0316,B,71,F,Books,2,48163.19,52,130,14,199.54,0.4179409596534738,0,0.0959872678380318,0.3460723330349853,14.25,21.32,29.69,4,Occasional Shoppers,-1.394936887363916,-0.8161361047920203
CUST_0317,D,23,M,Books,3,125963.25,28,250,2,3994.35,0.1474394692783308,8,0.1723021912038514,0.5615506893399876,1997.18,31.83,6.63,1,At-Risk High-Value,-2.001329549709793,2.5085353954417124
CUST_0318,D,56,M,Home,0,83427.28,33,217,2,5626.54,0.1559885670020784,11,0.2202888054742187,0.5761393344433852,2813.27,51.62,15.98,1,At-Risk High-Value,-1.8922080290937162,2.705643573310552
CUST_0319,E,40,F,Sports,0,31616.83,65,42,9,378.67,0.4212419427633224,0,0.0,0.7126322981588741,42.07,79.26,34.63,3,Young Explorers,-0.4021810057775057,-1.8435876267460247
CUST_0320,D,32,F,Sports,3,91061.12,19,332,3,2358.48,0.1422021219102948,8,0.3016375044911881,0.3193887543800006,786.16,21.25,3.69,1,At-Risk High-Value,-3.030676117506627,2.386649102906872
CUST_0321,A,22,F,Clothing,2,113494.25,97,1,70,3513.98,0.0005011100815015,6,0.0325151902566665,0.7603253759103019,50.2,122989.3,200.0,2,Premium Loyalists,4.94585689746485,0.6337307658619922
CUST_0322,D,49,M,Home,2,77375.86,14,350,2,7748.36,0.0843385082297902,10,0.3461478144511208,0.4859641741326065,3874.18,44.15,8.0,1,At-Risk High-Value,-3.2531969231952758,4.038179825800308
CUST_0323,A,38,F,Sports,0,99867.41,87,8,35,12346.19,0.0710981930459728,15,0.0154842309485445,0.6468371960809056,352.75,48012.96,95.44,2,Premium Loyalists,3.3648148339274044,2.1483673457270744
CUST_0324,A,49,F,Grocery,4,165853.73,95,23,60,14301.17,0.0495160997525817,5,0.0016271469914396,0.4137695871102821,238.35,35752.92,120.62,2,Premium Loyalists,3.731494940347332,2.174257630338402
CUST_0325,C,58,M,Clothing,3,42360.53,64,38,23,2419.27,0.8729813399591454,3,0.1617343194142595,0.5246126079367084,105.19,1426.75,50.12,0,Bargain Hunters,-0.3018990486022992,-1.4514927441903742
CUST_0326,B,57,F,Electronics,1,39797.69,56,122,9,587.02,0.3405965078187737,2,0.1297791441981207,0.3109830201823361,65.22,42.95,22.04,4,Occasional Shoppers,-1.4868950734103845,-0.49976075921121327
CUST_0327,E,27,M,Electronics,0,26471.42,89,41,10,560.28,0.7571677079313446,1,0.0965098324923905,0.8312383191195422,56.03,133.4,39.06,3,Young Explorers,-0.1041475769626863,-2.4159792320995326
CUST_0328,B,44,F,Clothing,1,59370.47,41,119,5,244.49,0.4481412193458932,0,0.1289809388615272,0.4897157340829611,48.9,10.19,17.63,4,Occasional Shoppers,-1.7529105116958754,-0.8108777458116563
CUST_0329,D,21,M,Electronics,0,89972.69,16,277,1,4916.49,0.1807225860582188,9,0.3580728204418409,0.6094765654934046,4916.49,17.69,14.55,1,At-Risk High-Value,-3.2871148377446184,3.571834412585025
CUST_0330,B,55,M,Books,1,59110.66,61,55,3,712.04,0.3249721555703636,0,0.1315489949086268,0.4136248273698359,237.35,38.14,13.09,4,Occasional Shoppers,-1.3315897625834483,-0.760765754284831
CUST_0331,B,18,F,Clothing,1,46177.17,35,157,3,687.84,0.4901116529492201,2,0.0928766682539049,0.4155778215095782,229.28,13.06,11.95,4,Occasional Shoppers,-1.9851344067872807,-0.5065503570360245
CUST_0332,B,44,F,Books,1,57953.03,56,120,12,960.59,0.4935366024870821,2,0.0761918863005839,0.3823031389945309,80.05,95.27,29.48,4,Occasional Shoppers,-1.0851893063500124,-0.6702061635839608
CUST_0333,D,48,M,Beauty,1,97488.21,12,313,5,5469.39,0.1219777059838394,12,0.1657811104633131,0.554778894550523,1093.88,87.09,18.42,1,At-Risk High-Value,-1.950820490805055,2.8068038488388005
CUST_0334,B,44,M,Sports,0,53952.28,50,152,14,385.77,0.3264865320275334,1,0.0626276699404575,0.5739456893959458,27.56,35.3,40.14,4,Occasional Shoppers,-1.0477691161119402,-0.7424674776295075
CUST_0335,A,45,M,Clothing,2,174143.07,80,1,30,9144.77,0.0693135958279396,12,0.0103571370890727,0.6929406235549016,304.83,137171.55,167.86,2,Premium Loyalists,4.649514231541805,2.6177695146143334
CUST_0336,E,36,F,Clothing,6,31605.73,66,3,23,516.48,0.6699204730363372,0,0.0479586851646272,0.8806175672979898,22.46,2969.76,78.95,3,Young Explorers,0.48838704308747893,-2.4236741318745167
CUST_0337,A,42,F,Clothing,2,200306.52,81,6,35,5287.72,0.0591128498972982,9,0.0006410382230419,0.4458829361479322,151.08,26438.6,89.58,2,Premium Loyalists,2.4392183375935894,1.842010215332741
CUST_0338,A,51,M,Grocery,2,189497.58,93,12,72,8722.37,0.0099736467494137,14,0.047582974742439,0.7137179322236814,121.14,48308.51,160.61,2,Premium Loyalists,4.746258570782589,2.4105993909503844
CUST_0339,C,28,M,Beauty,4,22629.98,59,28,20,827.18,0.6383964440115512,6,0.1295392866086573,0.7401467805813505,41.36,570.47,46.37,0,Bargain Hunters,-0.12760529468987328,-1.4707330042123297
CUST_0340,E,37,M,Electronics,2,16001.11,92,6,24,183.91,0.6172226764929675,0,0.014722748963041,0.8488466182967277,7.66,630.55,75.64,3,Young Explorers,0.8242956380341552,-2.7339769892800874
CUST_0341,D,45,M,Beauty,4,138345.16,33,318,1,4334.69,0.2024796936320439,11,0.3562462707942002,0.3830302433543301,4334.69,13.59,0.0,1,At-Risk High-Value,-3.09336493515736,4.23462987970817
CUST_0342,A,31,F,Beauty,0,154701.14,96,15,39,3382.76,0.0665910107041334,11,0.0283278848035655,0.6331954146384586,86.74,8245.48,97.33,2,Premium Loyalists,2.5073133156039753,1.022110957754912
CUST_0343,E,51,M,Books,6,17704.11,99,37,18,198.46,0.3754461470275642,0,0.0652211015649275,0.8205304589435294,11.03,94.01,37.11,3,Young Explorers,0.30911356980940285,-2.1617329991456216
CUST_0344,B,37,M,Home,0,36621.95,36,61,14,813.55,0.3729668868283284,0,0.1101319180692788,0.5314355947101378,58.11,183.7,40.27,4,Occasional Shoppers,-1.2156916073968302,-1.0954013874967736
CUST_0345,B,51,F,Books,2,58301.95,50,170,3,690.13,0.4864794905705303,0,0.1145972403948529,0.2955343174100061,230.04,12.11,6.5,4,Occasional Shoppers,-2.0510998928104023,-0.46229708173264455
CUST_0346,D,31,M,Sports,1,90678.66,29,229,4,5672.63,0.1222632341464151,4,0.3730356685065904,0.4041256767134608,1418.16,98.65,13.52,1,At-Risk High-Value,-2.632288513351876,2.1835411091484134
CUST_0347,A,46,M,Grocery,0,84249.11,96,19,52,6179.83,0.0985209316030208,13,0.0432294097572539,0.6024975333022178,118.84,16067.56,121.31,2,Premium Loyalists,3.0123037348798682,0.9054878377794826
CUST_0348,E,45,M,Home,2,32875.82,71,58,15,745.61,0.5787828627030306,1,0.0213928029604222,0.9036017543376288,49.71,189.56,43.8,3,Young Explorers,0.02921531992282612,-2.0859697314884875
CUST_0349,D,75,F,Beauty,4,107870.54,17,331,1,5981.4,0.1685047704159552,4,0.327075342641429,0.6718693580409326,5981.4,18.02,3.74,1,At-Risk High-Value,-3.6915100971299855,3.816070816381891
CUST_0350,C,43,M,Beauty,5,27840.21,63,8,27,2365.52,0.903719421461455,6,0.2077214127087062,0.4870470784104631,87.61,7096.56,61.24,0,Bargain Hunters,-0.013477107787305454,-1.3072756329643649
CUST_0351,A,52,F,Grocery,1,112466.1,82,31,62,8789.05,0.1070932488680541,13,0.0027014393155908,0.4374452756696357,141.76,17028.78,132.97,2,Premium Loyalists,3.288213400653579,1.6892763403178457
CUST_0352,B,30,M,Sports,3,49868.33,34,109,6,443.86,0.3631357771651337,2,0.0642685031848225,0.4031493160056996,73.98,24.21,11.98,4,Occasional Shoppers,-1.642090811368065,-0.5199807275721546
CUST_0353,D,47,F,Books,2,90028.02,22,234,1,3565.65,0.1806332621266855,9,0.3578019298498333,0.4716505778975621,3565.65,15.17,5.86,1,At-Risk High-Value,-3.058242567090651,2.9994775165731653
CUST_0354,D,53,M,Beauty,1,76500.6,24,317,4,2528.99,0.1305623897143659,5,0.1901489305197483,0.2983313379148764,632.25,31.81,11.28,1,At-Risk High-Value,-2.718109074166077,1.7294472699765617
CUST_0355,A,23,F,Clothing,4,142646.43,98,28,34,13962.11,0.0742681640154417,13,0.0407829624130086,0.4155059038804879,410.65,16369.37,67.88,2,Premium Loyalists,2.8114939648593147,2.6924166144752446
CUST_0356,B,42,F,Books,3,50180.61,35,91,8,1051.72,0.2948378933319828,0,0.1489276623722173,0.2715872096254273,131.46,91.45,13.53,4,Occasional Shoppers,-1.9231439443792353,-0.3330459096117251
CUST_0357,E,29,F,Home,4,25752.1,62,50,18,747.61,0.4163958166246068,0,0.0187224257274723,0.8288703560893658,41.53,263.86,42.58,3,Young Explorers,-0.13314728551130442,-1.8921436459925807
CUST_0358,E,48,F,Books,1,16269.13,61,53,9,749.75,0.556151747974632,0,0.0407701510784219,0.7883029126665122,83.31,124.96,32.65,3,Young Explorers,-0.6078769387252476,-2.0887760361631935
CUST_0359,D,44,M,Grocery,0,89425.96,27,348,4,3609.5,0.0,5,0.265359369107127,0.4894335040772619,902.38,41.37,18.08,1,At-Risk High-Value,-2.676362287526401,2.1982317666558258
CUST_0360,C,42,M,Clothing,0,41955.19,56,44,37,1693.9,0.8294984480778397,5,0.1914875588220787,0.8437940751653928,45.78,1392.76,93.15,0,Bargain Hunters,0.4162496673578403,-1.592937006195387
CUST_0361,B,34,F,Home,3,59809.22,64,153,13,858.95,0.371663275919291,2,0.0705000100060122,0.385570825819716,66.07,72.51,25.37,4,Occasional Shoppers,-1.0255069728688326,-0.435106830692516
CUST_0362,A,30,F,Grocery,0,113879.8,88,2,51,7023.26,0.026844247855398,13,0.0310111653483557,0.7686235443418318,137.71,119395.42,167.37,2,Premium Loyalists,4.716698285455729,1.7136300414497558
CUST_0363,B,47,M,Beauty,4,34159.02,45,147,4,904.63,0.3260644498171108,0,0.0784134447924085,0.2042830945661103,226.16,24.45,0.77,4,Occasional Shoppers,-2.08420526058786,-0.4053714621618092
CUST_0364,A,44,M,Beauty,1,142667.01,81,16,34,6106.32,0.0096626402638455,14,0.0130086138551028,0.4959827906050187,179.6,12212.64,81.17,2,Premium Loyalists,2.301517768339607,1.8652333895329456
CUST_0365,B,49,F,Home,2,54660.78,38,83,11,1078.85,0.3161981900710942,0,0.0748300586636627,0.4728606291004593,98.08,141.28,26.66,4,Occasional Shoppers,-1.2851336799931077,-0.70882342789744
CUST_0366,B,30,M,Grocery,6,39421.16,39,135,10,808.67,0.2161948475511783,0,0.0584579020569706,0.4476030104340439,80.87,59.46,11.69,4,Occasional Shoppers,-1.5846638549600205,-0.5416818907503856
CUST_0367,E,50,M,Home,0,24419.52,82,5,17,233.1,0.7719931016856242,0,0.032708537158638,0.9311084899498164,13.71,660.45,72.62,3,Young Explorers,0.5146238314043421,-2.885547572507023
CUST_0368,A,31,F,Electronics,1,202795.5,86,21,34,6353.99,0.0430710206741854,10,0.0236828629494267,0.6013454730365333,186.88,9819.8,81.79,2,Premium Loyalists,2.413067367083577,1.8938006227157347
CUST_0369,C,34,F,Books,6,35975.76,58,23,36,1073.23,0.6703982831299526,5,0.1876878323920033,0.7886287134085037,29.81,1609.84,74.12,0,Bargain Hunters,0.337512561593618,-1.4582240196497562
CUST_0370,A,63,F,Sports,2,186277.42,87,21,68,8305.42,0.0679791930489757,10,0.0320006260102733,0.4097208850106594,122.14,25671.3,142.96,2,Premium Loyalists,3.663914167901396,2.13864505627116
CUST_0371,D,54,F,Clothing,0,143309.1,25,239,3,5652.94,0.1523785064657279,10,0.3364849515724282,0.3443105819019243,1884.31,70.66,13.3,1,At-Risk High-Value,-2.309468567289121,3.409569108035253
CUST_0372,E,35,M,Beauty,2,18229.64,91,9,24,629.34,0.6369413052195392,1,0.071447518913709,0.8939396883298322,26.22,1510.42,70.99,3,Young Explorers,0.7395871401983573,-2.5429652602911106
CUST_0373,A,55,F,Grocery,0,111860.2,78,11,73,6700.3,0.0152952576822516,7,0.0415742644261756,0.7416111436168051,91.78,40760.16,169.92,2,Premium Loyalists,3.760851563567675,0.7845773551782885
CUST_0374,E,51,M,Grocery,2,29829.99,75,28,10,122.94,0.3428260932369341,0,0.0506715501510556,0.8268750210995811,12.29,42.39,34.11,3,Young Explorers,-0.1937657581838693,-1.9333796308405946
CUST_0375,D,71,F,Beauty,1,75292.99,22,265,1,4949.29,0.209644123566317,5,0.147073197265051,0.6359582365296944,4949.29,18.61,12.1,1,At-Risk High-Value,-2.8273071624708517,2.649075264160615
CUST_0376,D,50,F,Home,0,126451.58,19,253,4,7396.46,0.0841982899747327,9,0.3658535396402738,0.5300798572929654,1849.12,116.48,19.0,1,At-Risk High-Value,-2.274677828669472,3.3460390214945868
CUST_0377,B,45,M,Books,1,32281.3,65,139,6,880.82,0.4011857149489231,1,0.1190872489252446,0.5138001896244977,146.8,37.75,20.0,4,Occasional Shoppers,-1.3438625611536592,-0.9307827766303807
CUST_0378,E,43,F,Beauty,3,21167.51,65,40,9,379.18,0.4196663060416163,0,0.0462441741904592,0.943545282568148,42.13,83.23,30.37,3,Young Explorers,-0.3507704613459893,-2.110851759316728
CUST_0379,E,28,F,Books,2,30108.23,78,13,9,241.04,0.6201552106661127,1,0.0322217800100305,0.9689593977512626,26.78,154.95,39.07,3,Young Explorers,0.13151371728851355,-2.4672291418540238
CUST_0380,D,47,M,Beauty,1,104193.57,31,317,1,6505.04,0.0845051564047663,5,0.1700161828135378,0.5647144032795769,6505.04,20.46,10.61,1,At-Risk High-Value,-3.05943458204146,3.969253172433468
CUST_0381,D,54,F,Electronics,2,111509.03,26,333,2,3409.6,0.1864126735398364,6,0.2167370150130022,0.3535865218480011,1704.8,20.42,5.37,1,At-Risk High-Value,-2.809710720196784,2.524795121309363
CUST_0382,B,41,M,Sports,0,49230.52,59,118,12,240.03,0.3348603927138523,0,0.0841339134479446,0.4101738888791987,20.0,24.2,33.05,4,Occasional Shoppers,-1.1624212415897281,-0.8612803024147386
CUST_0383,B,49,M,Clothing,1,34836.27,44,108,6,1091.68,0.4706609119796741,2,0.0970534369346984,0.2335858507135755,181.95,60.09,14.6,4,Occasional Shoppers,-1.7558048086290938,-0.5646355057570938
CUST_0384,D,58,F,Home,0,86417.53,17,216,4,3298.52,0.1164339380842367,6,0.2260954960295089,0.5729522409014616,824.63,60.8,19.92,1,At-Risk High-Value,-2.156168383078179,1.5459364499072061
CUST_0385,D,26,M,Sports,0,137614.88,31,285,3,6144.6,0.159559214392195,5,0.2868583406978521,0.3061791858257246,2048.2,64.45,12.47,1,At-Risk High-Value,-2.5636239619278065,3.056462244504335
CUST_0386,B,18,F,Grocery,1,37352.41,56,173,10,1042.15,0.4938109008114545,0,0.0762365760858668,0.2812252423793859,104.22,59.89,23.2,4,Occasional Shoppers,-1.6317235145807358,-0.7551189579979657
CUST_0387,B,55,F,Electronics,2,34346.09,51,140,13,894.78,0.4299350195117881,2,0.0796706981674897,0.2812790453980197,68.83,82.5,26.34,4,Occasional Shoppers,-1.408591684172933,-0.5912571654031838
CUST_0388,D,41,F,Books,3,120914.91,29,200,3,5013.66,0.1016285303003823,11,0.2585380579754563,0.3862779482265873,1671.22,74.83,5.23,1,At-Risk High-Value,-1.909608210935486,2.9634033418449626
CUST_0389,B,22,M,Home,4,38496.73,65,147,7,1231.24,0.2888507778506647,2,0.0668097800269985,0.509636004029566,175.89,58.23,12.87,4,Occasional Shoppers,-1.1287610030389583,-0.5853844191049954
CUST_0390,D,27,F,Beauty,3,73451.33,14,228,3,2483.59,0.1006227406102983,11,0.1714944023167758,0.5875954598992931,827.86,32.54,9.19,1,At-Risk High-Value,-1.9926356253642923,1.8324401765974767
CUST_0391,E,55,F,Home,0,18043.69,63,4,10,607.65,0.6757653542283816,0,0.0710322660902768,0.7407219930508613,60.76,1215.3,59.81,3,Young Explorers,-0.29664156804670855,-2.3603980673771954
CUST_0392,D,66,M,Grocery,2,135708.99,34,306,2,1750.26,0.1968189106499093,10,0.3942523758025407,0.3576793484121891,875.13,11.4,5.48,1,At-Risk High-Value,-2.7332780020525695,2.7748212183064203
CUST_0393,B,32,M,Books,0,48437.58,53,97,7,390.71,0.4737631156090185,2,0.137138162454861,0.3924425468888393,55.82,27.91,22.88,4,Occasional Shoppers,-1.4394004851996252,-0.7802031253149418
CUST_0394,B,47,M,Grocery,1,30459.11,44,56,14,817.31,0.4674674720877749,1,0.1268114774491393,0.5849495253809908,58.38,200.74,38.48,4,Occasional Shoppers,-1.0473009628797256,-1.2877892009118421
CUST_0395,B,42,M,Home,3,60203.8,40,161,3,965.77,0.436514604870728,0,0.1477640722880595,0.4362320856719329,321.92,17.88,6.35,4,Occasional Shoppers,-2.121741233234284,-0.3809253293864204
CUST_0396,C,61,F,Books,0,47199.51,55,13,37,3123.26,0.7377214783990057,6,0.2246189017150455,0.6353569806401318,84.41,8254.33,94.4,0,Bargain Hunters,0.49241566868481856,-0.9347474348347172
CUST_0397,C,66,F,Home,0,26415.83,45,36,51,715.72,0.657971884990664,7,0.1537743040438707,0.7149150543211986,14.03,986.53,119.08,0,Bargain Hunters,0.7471779465512106,-1.3062898388661683
CUST_0398,E,18,M,Clothing,2,24486.32,61,10,15,431.68,0.6394401976344927,1,0.0782418042068856,0.9747838058548062,28.78,588.65,53.5,3,Young Explorers,-0.027118546802528055,-2.3839897835208834
CUST_0399,A,41,F,Sports,0,69138.24,71,16,31,8336.51,0.080429236862923,6,0.000434374669205,0.7163475146238704,268.92,15201.87,82.58,2,Premium Loyalists,1.7947285734828393,0.40292938685963803
CUST_0400,B,52,M,Sports,1,34323.55,36,152,14,326.35,0.3286147755707202,2,0.0810991789181985,0.329801407081793,23.31,29.86,32.25,4,Occasional Shoppers,-1.6200500350355356,-0.45008050006846
CUST_0401,C,48,F,Sports,0,46688.06,42,34,50,1308.26,0.7206986827712973,4,0.2783798828977221,0.5974494522235361,26.17,1868.94,114.89,0,Bargain Hunters,0.15209840660612514,-1.1115608015618916
CUST_0402,A,31,M,Electronics,4,139478.23,81,26,67,7089.12,0.0391911604579365,13,0.037678141476976,0.5466152759214352,105.81,17591.52,136.78,2,Premium Loyalists,3.4464290362013505,1.7823621317339342
CUST_0403,B,53,M,Books,0,57503.92,36,97,6,653.3,0.3492124547249277,0,0.1520700181268096,0.4747515018678101,108.88,40.0,22.53,4,Occasional Shoppers,-1.7587272224232915,-0.6227303478445125
CUST_0404,B,39,F,Beauty,5,44592.35,37,139,7,725.19,0.2944486746118377,2,0.0725965748484634,0.2890392029708353,103.6,36.26,5.5,4,Occasional Shoppers,-1.8300176170351794,-0.2032010168725496
CUST_0405,B,19,F,Home,2,49565.09,36,171,12,593.53,0.2992308168648525,0,0.1085440190813284,0.3284837563220433,49.46,41.41,25.15,4,Occasional Shoppers,-1.8873139883509213,-0.3094562959472991
CUST_0406,C,43,M,Electronics,1,32167.58,57,42,23,874.63,0.7117523974958203,4,0.1244679299068863,0.543018848677484,38.03,467.83,56.24,0,Bargain Hunters,-0.35020718337977635,-1.4392766460177866
CUST_0407,E,18,F,Beauty,0,15239.26,62,25,20,497.95,0.366985065387016,0,0.0117089137139989,0.8814937078724804,24.9,383.04,61.63,3,Young Explorers,0.132293275179885,-2.1342479312125273
CUST_0408,A,36,M,Grocery,0,149756.94,83,3,46,13780.64,0.0729271419977595,5,0.0033275662782528,0.7266166330384417,299.58,158477.36,139.87,2,Premium Loyalists,4.879520802262963,2.268115188800016
CUST_0409,C,57,M,Beauty,3,38980.3,44,39,55,1860.94,0.6754977569565226,5,0.1883557465114845,0.5277353387878913,33.84,2558.79,114.12,0,Bargain Hunters,0.5533230815216524,-0.9817972036741205
CUST_0410,C,58,M,Grocery,0,30631.94,43,21,56,2624.8,0.9084335815702588,4,0.1474121363585343,0.8530725581668267,46.87,6681.31,133.82,0,Bargain Hunters,1.1338421039753714,-1.8756542632519808
CUST_0411,B,52,M,Grocery,0,47262.56,44,78,14,414.0,0.358775932288877,1,0.1102701751729299,0.2146819606103411,29.57,73.37,33.58,4,Occasional Shoppers,-1.4174264103360326,-0.5814756157094175
CUST_0412,B,42,M,Electronics,0,34827.14,34,63,14,840.27,0.3420618194265817,2,0.1414490475173941,0.2667795334128996,60.02,183.81,34.92,4,Occasional Shoppers,-1.5164576902683342,-0.521660376842079
CUST_0413,E,20,M,Electronics,1,30620.34,84,5,20,523.56,0.7744585570829546,0,0.0031429708902743,0.9276974852618723,26.18,1745.2,75.55,3,Young Explorers,0.7690201785703672,-2.836289053679272
CUST_0414,C,38,F,Beauty,0,33213.09,42,43,39,1842.67,0.9651917699353983,6,0.214468535482166,0.7661625912048209,47.25,1633.28,95.65,0,Bargain Hunters,0.1330333972098337,-1.5604107651441352
CUST_0415,A,61,F,Grocery,4,159363.57,87,11,62,10353.53,0.0297089597640701,9,0.024893214496968,0.8014683797045701,166.99,53493.24,137.12,2,Premium Loyalists,4.212700690878517,1.787067916845992
CUST_0416,D,42,F,Beauty,0,134398.92,15,223,5,1502.1,0.0690738434004501,10,0.1654028634698044,0.45048128221158,300.42,33.53,19.46,1,At-Risk High-Value,-1.7905706584557581,2.169085558957017
CUST_0417,A,52,M,Home,1,79776.12,85,17,37,6799.52,0.0063642238276602,9,0.0077179934812373,0.7021361424873283,183.77,13976.79,90.93,2,Premium Loyalists,2.2874116412085796,0.6346433020300428
CUST_0418,A,36,M,Beauty,3,153398.67,99,15,84,12903.91,0.0138670591603163,13,0.0043919686790739,0.7148476453714423,153.62,67745.53,179.96,2,Premium Loyalists,5.671455561886077,2.436157202588609
CUST_0419,A,42,M,Grocery,0,174331.67,100,1,32,2881.77,0.0644032250247444,13,0.0105026381195637,0.7610965698408516,90.06,46108.32,179.22,2,Premium Loyalists,3.8661405176412753,1.268192433031256
CUST_0420,E,26,F,Beauty,3,24398.1,82,40,21,184.32,0.4663802195509582,0,0.1002070092190117,0.7568309170964139,8.78,94.41,50.64,3,Young Explorers,0.011031313907983006,-2.0315041237721276
CUST_0421,B,34,M,Beauty,6,40974.57,48,80,8,547.72,0.3511150654485075,2,0.0815931357181439,0.3772260721677176,68.46,54.1,6.79,4,Occasional Shoppers,-1.3696150230353294,-0.6805413527779802
CUST_0422,A,42,M,Grocery,3,92489.25,88,26,77,10422.53,0.0531605251019548,9,0.0504613502871844,0.5298573240883815,135.36,29723.51,159.44,2,Premium Loyalists,3.861830439258536,1.3405952256572227
CUST_0423,D,55,M,Electronics,0,79952.91,15,318,4,3570.44,0.0777538248811489,11,0.1840024475640919,0.6445467952921744,892.61,44.77,21.21,1,At-Risk High-Value,-2.1015159556009566,2.26279257570971
CUST_0424,B,65,M,Clothing,0,57490.05,49,149,13,400.92,0.2383326981490151,0,0.1402599977592105,0.4528850057572958,30.84,34.75,35.73,4,Occasional Shoppers,-1.4593149764406803,-0.4382572249251539
CUST_0425,D,24,F,Beauty,1,109458.22,28,260,3,1445.74,0.0721963746657461,6,0.1799410903878117,0.3409516142245387,481.91,16.62,10.2,1,At-Risk High-Value,-2.2877336465089293,1.7902740680197817
CUST_0426,E,41,M,Grocery,1,16294.75,80,14,20,747.4,0.4662403125768368,1,0.076717382310592,0.9501163172756252,37.37,996.53,63.15,3,Young Explorers,0.44155593192583026,-2.2688468512208346
CUST_0427,C,48,M,Electronics,2,21980.11,49,5,52,2601.27,0.7211010270777538,6,0.1028131060759944,0.4901465525963278,50.02,22544.34,127.8,0,Bargain Hunters,1.2465071145803082,-1.143056165604514
CUST_0428,C,27,M,Grocery,5,23021.02,67,21,25,1316.06,0.8121249607783145,6,0.1206624687111315,0.7751848235730533,52.64,1495.52,55.27,0,Bargain Hunters,0.2855438846068046,-1.782231137330751
CUST_0429,C,23,F,Beauty,3,22742.58,65,19,48,948.85,0.7003314116382702,4,0.1240150644739153,0.837071892349102,19.77,2277.24,109.0,0,Bargain Hunters,1.0696116477933273,-1.9764559387937888
CUST_0430,C,26,M,Clothing,1,47314.12,42,36,58,2389.18,0.7548822191672103,5,0.2396243637821495,0.4751465726062445,41.19,3745.2,125.28,0,Bargain Hunters,0.5373683594348801,-0.8475767995806935
CUST_0431,B,38,M,Home,5,57986.6,62,131,13,847.46,0.3329121321951077,2,0.0632855972858052,0.5205045575929812,65.19,83.46,22.17,4,Occasional Shoppers,-0.8447936827860716,-0.5943991976164025
CUST_0432,D,27,M,Books,2,120453.56,10,210,3,3252.07,0.1519759498035044,11,0.2706172578685899,0.3485256435596383,1084.02,46.24,7.45,1,At-Risk High-Value,-2.3457901695673664,2.7133073713640172
CUST_0433,C,19,M,Home,0,43426.04,62,36,37,1658.26,0.6054082171624978,7,0.1968165113658861,0.7375839054800757,44.82,1658.26,91.53,0,Bargain Hunters,0.5650958897790297,-1.0064930266855199
CUST_0434,B,35,F,Clothing,1,41186.55,39,116,4,1022.16,0.2273794061329483,0,0.071246587247621,0.5139813080786765,255.54,34.95,16.14,4,Occasional Shoppers,-1.6396279336462227,-0.6108940602820879
CUST_0435,E,52,F,Books,3,17490.26,87,50,13,385.9,0.3988366748122477,0,0.0899789824858871,0.8777863137861712,29.68,98.37,36.56,3,Young Explorers,-0.07985643912761849,-2.101466892450257
CUST_0436,E,24,F,Electronics,3,27516.06,91,62,21,746.81,0.7476515690418536,1,0.0189154789478285,0.914561793188702,35.56,248.94,52.9,3,Young Explorers,0.5252217398958698,-2.5156150107371045
CUST_0437,C,18,M,Home,5,26484.44,41,35,31,2825.85,0.8972174980166199,3,0.0990077622219256,0.6933313331238589,91.16,2433.37,63.72,0,Bargain Hunters,-0.07336360390288063,-1.7218946509102389
CUST_0438,C,40,F,Home,1,33042.65,52,31,31,2124.22,0.8277837200608108,3,0.1233483606453349,0.7203443625313584,68.52,2057.84,76.63,0,Bargain Hunters,0.1252801333857324,-1.758007800319541
CUST_0439,A,40,F,Beauty,2,165180.4,85,10,59,10444.5,0.0077095389944951,5,0.0109414312172674,0.7498535030392507,177.03,56020.5,137.0,2,Premium Loyalists,3.931981732211593,1.5548933984471671
CUST_0440,D,53,F,Sports,7,109482.8,24,205,5,4249.75,0.0842870902365503,6,0.3978438965180743,0.5982712000983657,849.95,103.15,1.45,1,At-Risk High-Value,-2.3575126030103797,2.0983860371765775
CUST_0441,B,44,M,Home,2,55399.35,44,123,14,357.45,0.3956113232816755,0,0.1509319445514009,0.5263110018956382,25.53,40.36,33.34,4,Occasional Shoppers,-1.422544991584009,-0.792481423361223
CUST_0442,A,44,F,Home,4,191741.68,79,27,63,10536.56,0.0598113958364011,9,0.029626098752548,0.556437393108968,167.25,23707.26,128.83,2,Premium Loyalists,3.5540820325857316,2.2790075682121445
CUST_0443,D,36,M,Books,4,103859.73,29,209,2,3485.67,0.1088291598294795,11,0.3898240931409392,0.3740429154798257,1742.84,33.2,0.0,1,At-Risk High-Value,-2.544274179832471,2.882346731206522
CUST_0444,B,28,M,Grocery,3,43820.4,62,110,11,1190.97,0.2209492866412981,2,0.0522116780092666,0.5940007321020571,108.27,118.02,25.79,4,Occasional Shoppers,-0.7198815764962133,-0.688218019433907
CUST_0445,D,46,F,Home,4,146076.86,25,266,1,2444.89,0.1210971574869565,5,0.139717602069619,0.4773927007679341,2444.89,9.16,0.0,1,At-Risk High-Value,-2.4393153167159576,2.5525538527187224
CUST_0446,B,34,F,Books,3,59184.35,46,66,10,712.77,0.2433676088362782,1,0.0652386566774318,0.2561100589281427,71.28,106.38,17.64,4,Occasional Shoppers,-1.2866825867265508,-0.38132616183993795
CUST_0447,C,39,M,Sports,7,39333.31,49,11,36,1802.88,0.8339309912998555,6,0.1711308007071038,0.7884507953559419,50.08,5408.64,75.86,0,Bargain Hunters,0.4317491279258122,-1.4613355829204768
CUST_0448,D,45,M,Electronics,1,78639.25,22,343,5,2980.11,0.087722615698093,6,0.2092952918747603,0.5350048436576862,596.02,43.32,17.99,1,At-Risk High-Value,-2.50155196825996,1.7998890705740105
CUST_0449,B,29,F,Books,4,46776.84,36,150,6,1215.45,0.2194024024324456,1,0.091791290033946,0.5823839226335188,202.58,48.3,12.31,4,Occasional Shoppers,-1.6665649302993937,-0.34914542465014287
CUST_0450,C,27,F,Beauty,5,50681.41,49,32,32,2424.3,0.9200093972641168,6,0.1505789598356324,0.7011302002086276,75.76,2350.84,66.15,0,Bargain Hunters,0.18864535162225515,-1.2946697577032347
CUST_0451,A,58,F,Books,2,131667.29,81,21,27,4518.55,0.0213677813590678,13,0.0391365472184247,0.6514646123871969,167.35,5545.49,65.79,2,Premium Loyalists,1.82826016692244,1.3441757192888593
CUST_0452,D,54,F,Home,0,109624.88,34,204,5,1906.11,0.1917016352915962,8,0.2111757856429903,0.4858109457291297,381.22,46.49,20.21,1,At-Risk High-Value,-1.6917738885947382,1.4837921172525648
CUST_0453,A,50,F,Clothing,4,174787.38,90,15,49,11555.86,0.088269625878401,10,0.032918761654213,0.4940009762037303,235.83,35389.82,102.55,2,Premium Loyalists,3.3965769584342542,2.3603186100944242
CUST_0454,C,22,M,Beauty,1,30824.89,44,20,38,2134.99,0.6020452354508502,2,0.1108632668980598,0.8145819177301921,56.18,3863.32,94.29,0,Bargain Hunters,0.4256667997942408,-1.658507700973311
CUST_0455,E,54,M,Beauty,0,31671.75,89,30,12,577.8,0.3046066161210057,1,0.0346959163109464,0.8615146667398134,48.15,223.66,44.56,3,Young Explorers,0.3013593334898579,-1.8675207537635807
CUST_0456,D,52,F,Grocery,1,119275.81,25,202,5,3308.96,0.1478342251702464,3,0.3411417814728573,0.570461788756258,661.79,81.5,18.9,1,At-Risk High-Value,-2.292630002134634,1.5398435361504745
CUST_0457,A,34,M,Home,5,84130.37,86,6,60,7883.5,0.0071267654209597,6,0.0110004653671218,0.5324683676918532,131.39,67572.86,132.32,2,Premium Loyalists,3.5039257181501835,0.9147670394923076
CUST_0458,E,46,F,Clothing,4,21591.05,90,7,19,167.73,0.2621235660207152,0,0.0746215369744853,0.7632224066580249,8.83,398.36,55.55,3,Young Explorers,0.3717102288741275,-1.9521113220008597
CUST_0459,D,60,F,Beauty,0,91913.5,18,257,5,3279.67,0.19273758857725,8,0.3039303392977747,0.4461614242688003,655.93,63.56,19.31,1,At-Risk High-Value,-2.452774928035921,1.9849010835118412
CUST_0460,B,60,M,Home,0,35516.11,56,73,15,935.35,0.245714000317436,1,0.0641731197974349,0.3777860828288987,62.36,189.6,38.93,4,Occasional Shoppers,-0.8565595815769278,-0.7947146872535721
CUST_0461,A,25,M,Beauty,2,129055.72,98,16,33,10068.57,0.0740150526291936,11,0.024273322724691,0.6280761747041297,305.11,19544.87,78.81,2,Premium Loyalists,2.760255593184289,1.6354066377207117
CUST_0462,A,53,F,Electronics,1,83727.72,93,23,44,8079.96,0.0290889040706387,13,0.0403871033171526,0.77620576214586,183.64,14813.26,104.87,2,Premium Loyalists,2.951682108648054,1.0777293183896013
CUST_0463,B,38,F,Books,1,30685.68,55,158,10,825.06,0.2702980315745892,2,0.0706175555188967,0.3101759895883088,82.51,51.89,23.84,4,Occasional Shoppers,-1.4429695414041612,-0.41330226898917094
CUST_0464,C,75,F,Grocery,3,47632.04,54,14,43,2757.77,0.8759828932558251,7,0.2306628390797573,0.5069865917543583,64.13,7905.61,94.28,0,Bargain Hunters,0.49819651706308976,-0.9093395685570381
CUST_0465,B,60,F,Grocery,0,33815.21,34,82,8,1111.18,0.3486277967443514,2,0.1056176754928863,0.5838671665142462,138.9,107.1,28.9,4,Occasional Shoppers,-1.3667891395346141,-0.8135429753046287
CUST_0466,A,23,M,Electronics,0,165603.34,77,9,72,8401.0,0.0987439392593776,12,0.039565488025875,0.4398539725128543,116.68,60487.2,163.91,2,Premium Loyalists,4.1748451996479,2.2641940997644
CUST_0467,A,39,M,Clothing,0,104150.69,85,2,59,3061.37,0.0339920604834868,10,0.0341769161103396,0.7958713924728791,51.89,60206.94,183.92,2,Premium Loyalists,3.9063954134699945,0.5339985551037789
CUST_0468,C,39,M,Home,1,41042.07,65,26,42,1630.98,0.8628844464014587,5,0.1268538498657749,0.520237980124156,38.83,2537.08,95.25,0,Bargain Hunters,0.6399788411112115,-1.4974579437578448
CUST_0469,A,26,F,Clothing,3,80312.26,95,12,31,10019.27,0.0788138225597882,6,0.0155838044478028,0.5732250642779624,323.2,23892.11,72.8,2,Premium Loyalists,2.2244906698350007,0.7914520240287912
CUST_0470,C,33,M,Beauty,2,33439.08,51,33,43,2307.94,0.633335015020578,3,0.3030360286541204,0.3996263203547769,53.67,2918.87,91.02,0,Bargain Hunters,-0.2616664848884942,-0.8607327525277876
CUST_0471,B,57,F,Grocery,0,29701.35,56,81,10,375.53,0.368624139478247,2,0.0979304180936801,0.2618367377507758,37.55,45.8,26.47,4,Occasional Shoppers,-1.3019578836828618,-0.7924540492470482
CUST_0472,B,43,F,Books,2,58170.44,63,165,6,847.02,0.417797389335072,1,0.1047558878303496,0.4557111816436396,141.17,30.62,15.72,4,Occasional Shoppers,-1.4225097614519748,-0.5729119540181612
CUST_0473,B,30,F,Clothing,1,34639.15,44,158,7,1130.82,0.4495012108616616,1,0.1153401620668742,0.4602978485527508,161.55,49.78,20.84,4,Occasional Shoppers,-1.753079223432795,-0.7040244725172056
CUST_0474,C,46,M,Clothing,0,37151.02,60,35,40,840.88,0.7833921790747754,5,0.1647273006701216,0.8400365941382953,21.02,934.31,99.66,0,Bargain Hunters,0.6252414144751626,-1.7629274281060139
CUST_0475,D,31,F,Home,4,85508.33,10,234,4,2616.32,0.0174440347372995,5,0.1903443717399792,0.5884772686682666,654.08,44.53,8.2,1,At-Risk High-Value,-2.337075173327543,1.5290149994942837
CUST_0476,B,23,F,Home,0,50262.39,39,158,14,538.44,0.3856929068354803,1,0.0946907355941133,0.5045527860021058,38.46,47.41,38.72,4,Occasional Shoppers,-1.4243978733527705,-0.635324779012028
CUST_0477,B,46,F,Electronics,0,36309.53,52,76,12,785.11,0.3922962887341572,0,0.0613375095942166,0.5355631437099885,65.43,122.35,36.03,4,Occasional Shoppers,-0.9495415064266057,-1.2472273474862388
CUST_0478,B,48,F,Books,3,51973.67,38,115,8,1101.2,0.3683254054376302,1,0.1104700062866266,0.4159902498265806,137.65,75.94,16.19,4,Occasional Shoppers,-1.6500668754896413,-0.47505724865222165
CUST_0479,A,42,M,Home,3,145571.86,86,9,80,11212.19,0.0460970396002851,11,0.0312843758027653,0.7194137594021824,140.15,89697.52,176.5,2,Premium Loyalists,5.271120891530858,2.1609799229572797
CUST_0480,D,26,M,Beauty,1,108805.78,16,217,2,3571.6,0.0419885125701225,4,0.1894904161921864,0.2912872774739853,1785.8,32.77,7.29,1,At-Risk High-Value,-2.6392435269125407,2.286223500484906
CUST_0481,E,44,F,Grocery,0,33788.29,85,21,15,478.13,0.6724666382869937,0,0.0765403958115847,0.7586216166509934,31.88,326.0,49.93,3,Young Explorers,0.0607507450454646,-2.330792120060443
CUST_0482,D,49,F,Beauty,0,110186.05,23,337,1,3054.87,0.1999672211518439,9,0.3802334277477302,0.6799039360709069,3054.87,9.04,15.89,1,At-Risk High-Value,-3.0975786115580624,3.0415795842017648
CUST_0483,A,25,F,Beauty,4,138012.46,90,6,68,9289.7,0.0208956268418622,14,0.0221716875403904,0.6635757122073799,136.61,90242.8,153.94,2,Premium Loyalists,4.923410637408179,2.2517311379885254
CUST_0484,B,47,F,Home,0,30815.19,55,93,5,1132.27,0.2378109139511153,0,0.1050365759609456,0.3082907517593429,226.45,60.23,17.24,4,Occasional Shoppers,-1.577393334771991,-0.6309100747699629
CUST_0485,D,48,F,Sports,5,112757.76,23,205,4,6847.66,0.1701434904569063,4,0.3217373799591345,0.5780719948999733,1711.92,132.96,5.05,1,At-Risk High-Value,-2.2765301324112848,2.27417548662405
CUST_0486,C,47,F,Books,4,35921.86,56,20,34,742.35,0.6312960217527764,8,0.1312487273260559,0.6371191379082891,21.83,1201.9,73.74,0,Bargain Hunters,0.4094970539031015,-1.0765824999297995
CUST_0487,B,40,M,Grocery,3,37793.15,56,169,12,769.38,0.2098156378106824,2,0.0964446219642775,0.1889594103335357,64.11,54.31,19.37,4,Occasional Shoppers,-1.5891354265967645,-0.06194156606381827
CUST_0488,A,39,M,Grocery,1,154106.66,90,13,62,5328.5,0.0199399153977171,13,0.0423820784222512,0.5303660482893737,85.94,23597.64,139.3,2,Premium Loyalists,3.496906131084428,1.6929763089634995
CUST_0489,C,64,M,Home,3,30999.21,67,40,44,1610.96,1.0,1,0.2020831235400714,0.6928859003485979,36.61,1728.84,95.36,0,Bargain Hunters,0.3566086179205567,-2.220229745613733
CUST_0490,A,34,F,Grocery,3,141235.75,79,22,58,14025.88,0.0280536933703329,14,0.049948633218269,0.8234557006077576,241.83,35369.61,128.01,2,Premium Loyalists,4.098778360072506,2.5080242656880665
CUST_0491,D,36,F,Clothing,2,97240.75,16,239,3,5868.56,0.1372431184713309,4,0.2727975373126101,0.6344484725162899,1956.19,73.36,13.11,1,At-Risk High-Value,-2.4771016622770894,2.1487468585615646
CUST_0492,B,42,F,Clothing,3,47064.6,42,148,14,610.49,0.4014915945883879,2,0.108830584956789,0.500354416678554,43.61,57.36,29.68,4,Occasional Shoppers,-1.3784692844979065,-0.584159535747512
CUST_0493,E,48,F,Beauty,6,25096.66,62,20,15,270.74,0.7315381380989958,0,0.0010796660383623,0.961309387138155,18.05,193.39,36.23,3,Young Explorers,-0.025157975521384785,-2.6551314998454902
CUST_0494,B,74,F,Sports,0,45828.18,32,144,14,536.21,0.4129260210411214,0,0.0761701089498576,0.570761727126936,38.3,51.77,40.11,4,Occasional Shoppers,-1.4413615931136374,-0.9085071906089044
CUST_0495,B,47,F,Sports,4,44554.99,55,135,2,1046.31,0.1886598533919719,0,0.0877618014055583,0.6388259734088033,523.16,15.39,5.52,4,Occasional Shoppers,-1.4995337102355706,-0.5638034826101344
CUST_0496,B,25,M,Home,5,55091.96,45,96,5,333.7,0.2554376623962343,0,0.1216642025225101,0.4895610371206915,66.74,17.2,5.83,4,Occasional Shoppers,-1.622657177853364,-0.6286038075953065
CUST_0497,D,47,F,Sports,2,89028.82,22,297,5,3092.15,0.1934858960130443,11,0.4053466885573024,0.69902334043753,618.43,51.88,18.32,1,At-Risk High-Value,-2.4192780154968334,2.1845800442123564
CUST_0498,B,48,F,Grocery,1,54050.51,48,95,8,770.3,0.4658861173330549,1,0.0481875569965968,0.5492917273671658,96.29,64.19,25.04,4,Occasional Shoppers,-1.0958048598301975,-1.01826243607649
CUST_0499,D,60,M,Grocery,1,81329.15,11,333,2,4039.24,0.1223393659306192,4,0.3195843050669368,0.4574784611737696,2019.62,24.19,10.45,1,At-Risk High-Value,-3.427225264373039,2.4230646928314963
CUST_0500,B,48,F,Sports,1,34832.8,44,57,8,565.25,0.5091651189749733,1,0.1352804975485732,0.3552600410645442,70.66,77.97,21.86,4,Occasional Shoppers,-1.547172107041375,-1.052539526826274
CUST_0501,E,50,M,Sports,1,21177.09,78,44,13,542.93,0.5225317008496453,0,0.0116690176330864,0.8897304975454821,41.76,156.85,43.07,3,Young Explorers,0.05384310076928524,-2.3230606860501353
CUST_0502,B,28,F,Electronics,0,47351.71,49,103,10,1250.52,0.3809967090531298,1,0.1276449212034545,0.4309696944989575,125.05,120.24,29.59,4,Occasional Shoppers,-1.3470423370283249,-0.6539754096498391
CUST_0503,C,28,F,Books,4,38700.34,63,26,59,931.57,0.7309725842604738,5,0.1810353331915869,0.8112506285138457,15.79,2035.65,126.07,0,Bargain Hunters,1.2986612652606588,-1.6540702517092347
CUST_0504,D,43,F,Clothing,2,118420.75,27,260,2,7682.15,0.0284919756654574,11,0.327335009846395,0.4307546320926012,3841.08,58.87,7.0,1,At-Risk High-Value,-2.5232192495482484,4.250523392372184
CUST_0505,D,52,M,Beauty,4,125800.81,15,342,2,7883.38,0.0377374125702189,6,0.1601346426525916,0.6066816808259945,3941.69,45.97,4.43,1,At-Risk High-Value,-2.6455473747668155,3.8144462822529257
CUST_0506,E,44,M,Home,5,30027.29,75,16,23,692.81,0.3954206824490655,0,0.0265982057293296,0.741018955239695,30.12,937.33,52.07,3,Young Explorers,0.31094442982891074,-1.912137205700878
CUST_0507,D,33,F,Beauty,0,120702.07,24,329,4,8129.8,0.1533758700218517,10,0.3715123824132632,0.3137760644181112,2032.45,98.54,14.58,1,At-Risk High-Value,-2.665609787815959,3.8746039712425606
CUST_0508,A,28,F,Books,0,124779.04,94,19,54,11784.06,0.1047919347658052,5,0.0241839221557956,0.5051259799853368,218.22,31816.96,123.37,2,Premium Loyalists,3.248619711634015,1.3169296788632632
CUST_0509,E,25,M,Beauty,0,28132.67,75,35,11,576.74,0.6779678982454393,0,0.0167194436601172,0.9418104472343676,52.43,176.23,43.69,3,Young Explorers,0.02683818495738736,-2.5414641406041714
CUST_0510,C,62,F,Home,1,25631.21,69,30,23,1330.09,0.8404031947019618,5,0.1775133051504651,0.7160952899426966,57.83,986.84,60.66,0,Bargain Hunters,-0.014597159188351354,-1.7666563380955482
CUST_0511,A,30,F,Beauty,0,92563.8,79,24,66,6293.26,0.0748183072748325,8,0.0240537329487187,0.6523829151304097,95.35,16614.21,149.21,2,Premium Loyalists,3.093898117400065,0.5658827769498618
CUST_0512,A,34,F,Home,2,160421.3,85,27,69,12128.32,0.0316666297821257,8,0.0377514462343001,0.4597260584346554,175.77,29887.65,144.9,2,Premium Loyalists,3.7899802315535833,2.1910466623118845
CUST_0513,B,53,F,Books,5,59596.9,55,143,13,918.01,0.3517094017542072,2,0.1078140394285183,0.4763078218162333,70.62,82.88,21.23,4,Occasional Shoppers,-1.165303900965466,-0.4076030606763153
CUST_0514,D,44,M,Grocery,0,111689.83,32,244,1,2763.41,0.0828888545455162,3,0.1966071872879509,0.7153704284000615,2763.41,11.28,16.72,1,At-Risk High-Value,-2.3471535177823566,1.900235363540944
CUST_0515,E,18,M,Sports,0,34516.82,72,38,22,788.76,0.4910004045433322,0,6.51422435805158e-05,0.9840950523680456,35.85,444.94,66.31,3,Young Explorers,0.5198493537107692,-2.2539713154769045
CUST_0516,D,18,F,Grocery,2,75701.7,16,294,5,6711.37,0.0708981193647275,8,0.3526716708630549,0.3850463882809025,1342.27,113.75,12.04,1,At-Risk High-Value,-2.761034864818575,2.870755439854751
CUST_0517,B,39,F,Beauty,4,40889.33,43,112,13,1105.91,0.4877900541031055,1,0.0778831380122341,0.3800087159501075,85.07,127.23,22.49,4,Occasional Shoppers,-1.384496733966141,-0.8123630604078128
CUST_0518,A,57,M,Home,3,86979.44,76,4,72,3994.95,0.0632799841463104,7,0.039749834117119,0.7607944838205196,55.49,57527.28,175.22,2,Premium Loyalists,3.7285513508011165,0.2604353741055505
CUST_0519,D,55,M,Grocery,3,100500.64,21,345,3,3659.32,0.105647889805195,7,0.3158035023161927,0.5436249644399133,1219.77,31.73,8.16,1,At-Risk High-Value,-2.8463880902146115,2.507499621560147
CUST_0520,C,34,M,Electronics,3,31902.5,48,27,44,2666.13,0.6531399541955414,4,0.1349936955971587,0.6974703277325011,60.59,4189.63,96.65,0,Bargain Hunters,0.597575734461842,-1.3080178251188979
CUST_0521,E,34,F,Electronics,3,29488.19,71,19,20,344.0,0.4820081618345672,0,0.0895736080639234,0.8132289590128132,17.2,344.0,52.53,3,Young Explorers,0.007914384217905548,-2.0584368262958668
CUST_0522,A,48,M,Home,3,115383.57,98,21,67,15690.47,0.0670609631383524,7,0.017348610342374,0.5113408202980281,234.19,47784.61,139.99,2,Premium Loyalists,4.274607268781535,1.9492765391994238
CUST_0523,D,23,M,Beauty,1,76069.84,14,345,3,5129.31,0.1301333669318205,5,0.2161076119957041,0.4277332881324545,1709.77,44.47,11.84,1,At-Risk High-Value,-2.9641662022676245,2.3872172205530626
CUST_0524,B,31,F,Sports,0,47427.19,55,155,7,309.63,0.4913527173500642,2,0.1060216321426182,0.2123701044884134,44.23,13.89,18.89,4,Occasional Shoppers,-1.7321375703824975,-0.5023449661548937
CUST_0525,B,36,F,Electronics,3,37730.23,42,159,9,1018.24,0.2617978586405004,2,0.1008611302764791,0.2661055300292074,113.14,57.28,14.95,4,Occasional Shoppers,-1.8207932467336134,-0.1122329998681169
CUST_0526,B,42,F,Home,1,49923.06,38,122,5,509.25,0.4056310289514199,0,0.067112895577132,0.3116313878452548,101.85,20.7,14.05,4,Occasional Shoppers,-1.85072266858516,-0.6506596550064144
CUST_0527,B,59,F,Books,1,40113.27,47,95,5,408.48,0.4092928711974199,1,0.1232394206538141,0.308512815162475,81.7,21.28,14.22,4,Occasional Shoppers,-1.7446729548436226,-0.7314098465780025
CUST_0528,A,54,M,Beauty,3,192675.56,85,19,51,2974.87,0.030594154775386,7,0.0376980773925587,0.5957081237019813,58.33,7585.92,110.18,2,Premium Loyalists,2.5123526675961445,1.1302864374491655
CUST_0529,B,40,M,Books,1,41397.27,58,82,8,844.29,0.4172731581923196,2,0.0737565106978843,0.3580299991836972,105.54,81.38,21.38,4,Occasional Shoppers,-1.1354842908154925,-0.8181718180319865
CUST_0530,C,28,F,Electronics,2,52198.27,50,12,44,2384.43,0.9349754575499252,5,0.1646571654855183,0.7710986877371504,54.19,8070.38,105.76,0,Bargain Hunters,0.8372496284303989,-1.5559686234966283
CUST_0531,C,28,F,Home,4,48389.51,41,28,57,2905.05,0.8862293347591751,6,0.1063201014876342,0.8195613163968346,50.97,5709.93,121.96,0,Bargain Hunters,1.3038203923320806,-1.413226319516176
CUST_0532,E,47,M,Beauty,2,18592.55,80,43,18,677.36,0.4573678977113818,1,0.0997910804989984,0.7827503121400017,37.63,277.1,47.98,3,Young Explorers,-0.03221853922757127,-1.9247172600435065
CUST_0533,A,34,M,Beauty,1,182080.9,88,2,45,7728.62,0.0047079242137608,14,0.025866296449631,0.4991402981181924,171.75,115929.3,146.98,2,Premium Loyalists,4.51144727638207,2.8501582524082276
CUST_0534,B,18,M,Home,6,61910.0,43,138,15,574.19,0.3818858138616205,0,0.0596115776429962,0.4773827523714303,38.28,61.96,22.27,4,Occasional Shoppers,-1.2774114942655854,-0.6677520143973151
CUST_0535,C,48,M,Beauty,0,33347.44,41,4,50,2534.72,0.7396066273858223,4,0.225459802303964,0.7747140067329294,50.69,25347.2,140.49,0,Bargain Hunters,1.0361549728315875,-1.364510385063737
CUST_0536,E,18,M,Beauty,5,24396.33,58,49,16,344.13,0.4294319056913756,1,0.0970994940255053,1.0,21.51,110.12,39.04,3,Young Explorers,-0.29197457468698085,-1.9276280958655228
CUST_0537,D,49,M,Beauty,2,130702.88,19,365,4,2558.55,0.0965754064929704,9,0.3833805382019623,0.4646391154811828,639.64,27.96,11.57,1,At-Risk High-Value,-2.9306680391703948,2.932727199960414
CUST_0538,C,36,M,Electronics,0,42633.92,45,33,29,2434.93,0.9011008680870748,4,0.131048055562864,0.7680385966843095,83.96,2076.85,76.39,0,Bargain Hunters,0.06821541031740756,-1.6386953021847177
CUST_0539,B,59,F,Grocery,1,36749.39,35,103,12,1058.58,0.4284001250084003,2,0.1165389003310636,0.5143871816892989,88.21,122.14,32.26,4,Occasional Shoppers,-1.3966451891274179,-0.7717481932691788
CUST_0540,E,27,F,Home,0,25979.55,87,16,10,50.0,0.4411875141589318,1,0.0394531465722913,0.7068911288329588,5.0,29.41,40.39,3,Young Explorers,0.022273971173356676,-2.0416038644819166
CUST_0541,A,27,M,Clothing,2,146414.29,99,25,41,10739.01,0.0718533386589561,10,0.0100512696649187,0.6708150030071798,261.93,16934.59,93.42,2,Premium Loyalists,3.132226080539464,1.6902049821491212
CUST_0542,C,43,F,Home,0,35401.04,53,40,55,832.19,0.6933284428914388,3,0.1091930449756588,0.6368747781942034,15.13,1116.35,125.24,0,Bargain Hunters,0.8646446522745495,-1.6597556344593367
CUST_0543,C,51,M,Clothing,3,37618.96,46,1,53,2973.16,0.9516229269126992,2,0.2711520129245305,0.4406990393259558,56.1,78788.74,200.0,0,Bargain Hunters,1.7499656297042014,-1.1203292035932457
CUST_0544,C,46,F,Home,5,25171.92,62,30,42,2096.48,1.0,4,0.1477238374573812,0.4173274658106299,49.92,2840.39,80.68,0,Bargain Hunters,0.25714480687848273,-1.6760439710270951
CUST_0545,D,41,M,Sports,0,140182.33,16,216,4,6118.09,0.1076024042674737,11,0.3876359017586974,0.5409808027516078,1529.52,112.78,19.28,1,At-Risk High-Value,-2.1222125306166673,3.313346206490956
CUST_0546,C,32,M,Grocery,1,33451.63,67,17,31,1282.65,0.9311567360876344,4,0.2561374194356639,0.7758052273661546,41.38,2209.01,80.4,0,Bargain Hunters,0.1280591311861779,-1.929192151562483
CUST_0547,B,18,M,Beauty,2,38233.76,49,61,13,1059.88,0.4258266713499048,0,0.1239721037782994,0.3586491121773228,81.53,222.23,28.81,4,Occasional Shoppers,-1.2750555469481952,-0.9770779522888574
CUST_0548,E,45,F,Electronics,0,21482.69,67,47,25,380.74,0.7073748320082204,0,0.0828778251833091,0.8692112971314246,15.23,198.3,69.51,3,Young Explorers,0.057177831319451325,-2.4477877522457763
CUST_0549,E,36,M,Electronics,0,16527.54,61,53,12,423.82,0.382627771354849,2,0.0905154657752257,0.7539419542908907,35.32,94.18,40.97,3,Young Explorers,-0.5403133186958367,-1.6049533991894385
CUST_0550,E,46,M,Books,5,26908.21,84,6,21,409.91,0.6067649689406753,0,0.0458997875345312,0.7335132412760367,19.52,1229.73,58.34,3,Young Explorers,0.39377884769844756,-2.3359156707051087
CUST_0551,B,38,F,Sports,3,35783.77,49,74,3,548.1,0.4458369312492216,0,0.1240676600680541,0.5793437997585965,182.7,21.92,9.94,4,Occasional Shoppers,-1.5297764934489204,-1.2270790540346244
CUST_0552,A,38,F,Grocery,3,183501.15,76,20,45,14902.36,0.0602395031864508,9,0.0159784229607336,0.458099903275891,331.16,31933.63,95.16,2,Premium Loyalists,3.1774991491553815,2.8748599999816684
CUST_0553,A,29,M,Grocery,4,153555.51,82,27,58,11142.97,0.0356589407949199,10,0.0076514485205489,0.4444216567607538,192.12,23081.87,116.59,2,Premium Loyalists,3.3244142322466046,2.2080715221001324
CUST_0554,C,48,F,Beauty,5,26925.72,57,20,46,1017.06,0.6270487032212639,5,0.1120087618279282,0.5491412184343103,22.11,2227.85,92.98,0,Bargain Hunters,0.6407668498406844,-1.3532385050764544
CUST_0555,A,36,M,Clothing,3,108357.51,93,9,49,3425.14,0.0840619826707287,10,0.0464808422284259,0.677247501323701,69.9,16783.19,113.66,2,Premium Loyalists,2.7115292511648303,0.49759312303701686
CUST_0556,C,33,F,Clothing,2,26535.65,66,3,38,1293.71,0.700451418921926,3,0.3056369528144448,0.8938135350601616,34.04,12290.24,121.21,0,Bargain Hunters,0.6809719293155232,-1.8246331818746306
CUST_0557,E,50,F,Electronics,0,21010.34,72,11,14,239.07,0.7238382428370418,0,0.0794163374474386,0.9317268814620197,17.08,278.92,55.73,3,Young Explorers,-0.006721653604294785,-2.69122303102817
CUST_0558,E,54,F,Books,0,19787.71,80,40,12,641.81,0.499474275479947,1,0.0,0.7958489827738181,53.48,187.85,42.42,3,Young Explorers,0.07020918697438051,-2.137410064632996
CUST_0559,A,44,F,Electronics,5,169356.27,97,14,78,6420.08,0.0428950112082799,12,0.026221918738872,0.6423752158136018,82.31,33384.42,160.99,2,Premium Loyalists,4.460995673620196,1.6935126990524014
CUST_0560,D,35,M,Beauty,2,117272.27,23,311,2,2743.15,0.1014988948185364,4,0.1766246829505991,0.498001740901067,1371.58,17.58,8.28,1,At-Risk High-Value,-2.580062826884841,2.0726884899336753
CUST_0561,B,40,F,Clothing,2,57280.7,64,164,12,872.58,0.1953648749119177,2,0.1472685612696466,0.2454265757501535,72.72,63.46,23.52,4,Occasional Shoppers,-1.4299419654663885,0.08490846116092504
CUST_0562,E,54,F,Home,5,34239.97,70,18,15,245.87,0.5645398701942996,0,0.0813834796688497,0.9082516680648984,16.39,194.11,38.72,3,Young Explorers,-0.0901340272181261,-2.2312672347552103
CUST_0563,B,31,M,Books,3,47948.48,47,77,9,755.61,0.1936434195880663,0,0.0823148433183723,0.2145685969105639,83.96,87.19,14.59,4,Occasional Shoppers,-1.5222395845968808,-0.40149587864304176
CUST_0564,B,28,M,Electronics,1,31500.81,48,147,3,817.3,0.2384796168450331,1,0.1230732688608035,0.44946641607925,272.43,16.57,12.67,4,Occasional Shoppers,-1.8474631020512413,-0.4559290146840176
CUST_0565,B,45,F,Electronics,0,45037.26,42,83,12,803.79,0.4924621578275067,2,0.0800360936671491,0.2683396630740502,66.98,114.83,30.57,4,Occasional Shoppers,-1.3523868722885717,-0.7147051624615904
CUST_0566,C,24,F,Sports,0,46288.35,57,9,44,2412.21,0.6588596077041198,6,0.1694067585853085,0.7631276877879205,54.82,10613.72,114.37,0,Bargain Hunters,1.0938294302975828,-1.15643152453808
CUST_0567,E,46,M,Books,4,33195.99,79,38,18,554.05,0.6030959475266559,0,0.0663455081618997,0.9202854064726412,30.78,255.72,45.04,3,Young Explorers,0.14928416460067806,-2.2990838422764175
CUST_0568,B,46,F,Sports,1,43838.9,44,90,4,308.53,0.4528251180892028,2,0.0657012886990706,0.4183974028099944,77.13,13.56,14.48,4,Occasional Shoppers,-1.4836354893873545,-0.8699144695532749
CUST_0569,C,47,M,Clothing,0,21615.85,61,11,57,1759.52,0.9159755024765144,5,0.2672266623620901,0.70466854180712,30.87,8357.72,137.18,0,Bargain Hunters,1.0335590001828856,-1.7886296689091168
CUST_0570,A,41,F,Grocery,0,172018.16,89,18,54,10479.58,0.0209289129771423,7,0.0094016491767999,0.6068479406386934,194.07,29784.07,125.69,2,Premium Loyalists,3.4915390486941895,1.8054441425337644
CUST_0571,C,28,F,Grocery,0,35590.68,51,26,41,2386.52,0.7717385161088338,3,0.3011138511792432,0.7833232529213316,58.21,3623.97,101.51,0,Bargain Hunters,0.13949872410209568,-1.4883283570761165
CUST_0572,C,59,M,Beauty,0,21052.53,63,17,59,2483.48,0.8168620463052677,5,0.2595897937613137,0.5532114379707078,42.09,8140.3,134.95,0,Bargain Hunters,1.009272040974612,-1.409913950733433
CUST_0573,C,32,F,Books,0,43402.47,60,27,48,2078.19,0.8001973559389672,2,0.1282613450220074,0.8654485507215357,43.3,3562.61,117.01,0,Bargain Hunters,1.0433051329363514,-1.9786128068331186
CUST_0574,D,49,M,Sports,3,95608.3,29,288,3,3961.83,0.2044417984631837,8,0.1781082668035929,0.5014254865944229,1320.61,41.13,7.38,1,At-Risk High-Value,-2.154069316737443,2.111945536571998
CUST_0575,B,58,F,Home,0,55437.37,46,152,10,461.1,0.3890508171105538,0,0.0497303165288424,0.32832862533439,46.11,30.14,27.22,4,Occasional Shoppers,-1.539898110338287,-0.6145823066890751
CUST_0576,C,49,F,Electronics,4,43594.63,65,41,35,2385.74,0.6386161485596071,7,0.2658920911080202,0.868119431841002,68.16,1988.12,77.8,0,Bargain Hunters,0.46433343075514444,-0.9823117904084991
CUST_0577,B,36,M,Books,1,31319.11,39,95,5,997.43,0.3901380601171572,2,0.1164153986986531,0.3954040293358884,199.49,51.95,15.96,4,Occasional Shoppers,-1.7179272916656247,-0.6447010553373654
CUST_0578,C,21,F,Grocery,3,20213.93,48,18,62,2116.45,0.9836147449283484,2,0.1408601918808469,0.7028114002994384,34.14,6906.31,134.61,0,Bargain Hunters,1.0802576556909949,-2.1982678021050504
CUST_0579,E,51,F,Books,3,22015.13,76,50,14,596.47,0.7503353893465199,1,0.0101244800338629,0.7618729017455715,42.6,163.74,36.24,3,Young Explorers,-0.09859648604374542,-2.358531822649594
CUST_0580,E,50,M,Clothing,1,25488.9,84,41,24,170.82,0.2868520042201411,1,0.0675399679339579,0.8504528655448828,7.12,97.61,64.45,3,Young Explorers,0.4468676887144821,-1.8475979801801352
CUST_0581,D,35,F,Grocery,0,144770.88,24,365,1,4227.21,0.081768249550452,7,0.3227594462396591,0.5230036487357684,4227.21,11.55,12.73,1,At-Risk High-Value,-3.2944456372933595,4.014770568224316
CUST_0582,E,50,M,Beauty,4,34593.12,78,26,16,609.62,0.7355771578442989,0,0.0189103925280102,0.7072301553802081,38.1,361.26,37.99,3,Young Explorers,0.005675671428962647,-2.3262984263817117
CUST_0583,D,44,M,Electronics,3,103545.24,23,319,1,3381.15,0.0157362718732793,5,0.2791686219451483,0.6363042495865389,3381.15,10.57,6.04,1,At-Risk High-Value,-3.092936855673908,2.886555847384388
CUST_0584,A,56,F,Sports,0,147325.19,77,24,58,4566.43,0.0232949376525182,12,0.0255341434356797,0.5275495646825957,78.73,10594.12,130.72,2,Premium Loyalists,2.863321042900911,1.4737563023054792
CUST_0585,C,51,F,Books,0,22741.71,64,33,57,760.69,0.8997206662618651,5,0.217807535578526,0.6450604439095722,13.35,1275.27,129.93,0,Bargain Hunters,0.8912081392627256,-1.8519701558153137
CUST_0586,B,32,M,Beauty,0,48102.98,49,137,9,775.72,0.3161096527616281,0,0.0847512142178561,0.4718521716348231,86.19,50.59,28.17,4,Occasional Shoppers,-1.4142802209519088,-0.7056880201532196
CUST_0587,C,32,F,Sports,4,29646.84,45,23,31,1219.58,0.7116902082068618,6,0.2000755478827886,0.7509351882818962,39.34,1575.29,69.37,0,Bargain Hunters,-0.06834692515768002,-1.3312060707179232
CUST_0588,D,27,M,Books,0,136281.56,18,212,3,4830.66,0.1900876063190791,7,0.2136256063292404,0.3798024797524205,1610.22,68.04,14.07,1,At-Risk High-Value,-2.1545036172517786,2.5868877830065
CUST_0589,A,39,F,Clothing,4,164542.36,81,5,39,9451.43,0.0853072716823426,10,0.0322567824609256,0.7593823019677932,242.34,61434.3,101.19,2,Premium Loyalists,3.4020453720426347,1.9319530488884078
CUST_0590,A,42,M,Beauty,2,177743.72,81,9,60,12029.07,0.0549801135208916,9,0.0372721418585297,0.4654143412192539,200.48,72174.42,134.42,2,Premium Loyalists,4.064947145649907,2.6152075628786497
CUST_0591,E,38,F,Home,2,25322.05,72,49,24,184.18,0.4236640691693867,0,0.0793824707747205,0.929657448584229,7.67,88.41,62.63,3,Young Explorers,0.1822048465147007,-2.1026141960073836
CUST_0592,B,48,F,Grocery,0,40122.22,58,168,12,321.32,0.4837104389878378,0,0.1313133524223605,0.3567608420873334,26.78,22.82,31.73,4,Occasional Shoppers,-1.5919463962642466,-0.866107752452668
CUST_0593,E,48,F,Clothing,0,25271.8,81,35,12,790.74,0.7064435302244354,1,0.0549931647742729,0.9562153495732552,65.9,263.58,45.98,3,Young Explorers,0.1262925449031892,-2.4909435957911534
CUST_0594,D,42,M,Sports,0,97917.17,17,251,5,1867.86,0.1693815628570439,2,0.1787726271141366,0.3492084430021873,373.57,37.06,17.38,4,Occasional Shoppers,-2.5578322904273225,1.1914748888518245
CUST_0595,E,43,M,Books,1,33427.45,73,17,15,145.79,0.6440109161197197,0,0.0481850220274587,0.9488385224742556,9.72,121.49,51.86,3,Young Explorers,0.13392972360977404,-2.512909978155245
CUST_0596,A,48,F,Electronics,3,126348.24,93,22,42,13689.19,0.0016122311115802,8,0.0160845578495225,0.7363631220783042,325.93,24997.65,94.27,2,Premium Loyalists,3.239464443486547,1.7647189828780858
CUST_0597,D,38,F,Beauty,1,146195.74,10,260,4,3215.9,0.0272511164040747,5,0.1884229709741792,0.5991339625040147,803.98,49.29,17.37,1,At-Risk High-Value,-2.151540995422814,2.229972993973715
CUST_0598,E,57,F,Home,3,32224.93,83,22,13,667.12,0.3097255115973974,0,0.0643759373429396,0.9573550047405496,51.32,377.07,40.69,3,Young Explorers,0.21131439705605629,-1.98320438233495
CUST_0599,C,55,F,Books,0,20782.7,69,42,48,988.09,0.9427705905572654,2,0.1544962168233975,0.4918088241314048,20.59,1102.98,108.22,0,Bargain Hunters,0.4615602916409923,-2.0940611840749046
CUST_0600,C,38,M,Home,2,44374.12,45,16,30,2601.31,0.7294580444068681,3,0.2888781773674774,0.4957573280022247,86.71,4590.55,70.17,0,Bargain Hunters,-0.5437065853163157,-0.9653416515605305
CUST_0601,B,60,F,Books,0,50685.44,58,165,15,862.22,0.2813124126056964,0,0.0581003406625439,0.5527097933707247,57.48,77.91,41.66,4,Occasional Shoppers,-0.9661836107920007,-0.7363569081588083
CUST_0602,B,44,F,Books,3,34164.44,39,69,10,749.82,0.4088003421058852,1,0.0713107290902834,0.2659183084184693,74.98,107.12,17.77,4,Occasional Shoppers,-1.5262099190444638,-0.7970629742665987
CUST_0603,B,21,F,Home,4,48210.61,61,63,13,281.96,0.2306428404405614,2,0.0858242602166605,0.2321196176293262,21.69,57.27,20.23,4,Occasional Shoppers,-1.019562106600095,-0.47836059382151624
CUST_0604,C,40,F,Clothing,2,40991.28,52,8,31,482.21,0.8567362327578383,6,0.1356242222836477,0.6400767125394384,15.56,1660.95,81.3,0,Bargain Hunters,0.2246716058575345,-1.5994104091355363
CUST_0605,D,56,M,Beauty,0,150415.64,12,330,3,3165.34,0.1507903788985586,11,0.2197078491221454,0.4358289849884502,1055.11,28.69,15.02,1,At-Risk High-Value,-2.3794467158737485,3.1547056266921287
CUST_0606,C,46,F,Home,2,46809.25,63,29,48,456.78,0.8673723452359269,3,0.2329740442198772,0.6783457815168529,9.52,730.85,107.02,0,Bargain Hunters,0.4878834916912183,-1.7969242361843998
CUST_0607,C,61,F,Clothing,5,23255.52,50,38,47,1930.49,0.7525742450666054,5,0.2493565534987078,0.7027102009436305,41.07,2326.49,95.69,0,Bargain Hunters,0.2982245685683821,-1.350344446935686
CUST_0608,D,39,F,Clothing,2,145773.15,27,249,2,5122.85,0.2171229938617974,7,0.2430488787544642,0.6890618568375889,2561.43,40.98,12.18,1,At-Risk High-Value,-2.076781011631738,2.7435420226490375
CUST_0609,A,40,F,Sports,3,124572.08,93,8,63,9041.03,0.0699234863390792,10,0.0164431947129711,0.5448832413375502,143.51,63287.21,140.4,2,Premium Loyalists,4.091119370484339,1.6185358291869854
CUST_0610,D,18,M,Beauty,0,102421.07,17,266,3,6421.06,0.1124387362477351,7,0.3954341431451015,0.6832766047541916,2140.35,72.15,20.04,1,At-Risk High-Value,-2.623916866104523,2.8058919590672704
CUST_0611,C,44,M,Grocery,3,38043.44,46,44,58,1965.62,0.7951270522691962,3,0.1260414663759225,0.5154906590766433,33.89,2533.47,119.58,0,Bargain Hunters,0.7103767118232641,-1.4151581928180899
CUST_0612,B,39,F,Beauty,0,36647.92,55,155,14,772.0,0.3778174642509607,0,0.1116625473416984,0.2202137057250352,55.14,69.28,33.05,4,Occasional Shoppers,-1.5841547293018161,-0.5893298795445142
CUST_0613,C,39,F,Beauty,1,32143.88,62,16,30,759.76,0.9785562118362912,3,0.16076053260148,0.5808869338297831,25.33,1340.75,74.87,0,Bargain Hunters,-0.03921567493032255,-2.053665399433275
CUST_0614,D,61,M,Clothing,0,105251.42,10,209,2,7181.38,0.0149571313701435,5,0.3552924210523747,0.5104899148493172,3590.69,68.39,14.69,1,At-Risk High-Value,-2.9414133137090794,3.326025045246449
CUST_0615,D,23,M,Books,6,142854.37,23,321,5,4961.65,0.0109057795896557,10,0.2902841245832509,0.3032724637561127,992.33,77.04,0.0,1,At-Risk High-Value,-2.416632394440663,3.5538570708357846
CUST_0616,D,22,F,Home,2,107546.64,19,309,4,5224.75,0.1022616361702551,6,0.3459505021278638,0.369880668391213,1306.19,67.42,9.72,1,At-Risk High-Value,-2.9024170297306746,2.7983725870861917
CUST_0617,C,62,M,Books,1,32964.63,56,4,57,753.9,0.6850387879731735,7,0.1770679755433018,0.7840288131871774,13.23,8594.46,151.68,0,Bargain Hunters,1.5397261312893593,-1.4710327788935833
CUST_0618,C,57,F,Sports,4,27511.03,51,10,31,2046.84,0.8146162070823341,3,0.2162789892057825,0.6685443763500946,66.03,5768.37,73.37,0,Bargain Hunters,-0.09421911819246341,-1.6353881728635384
CUST_0619,B,36,F,Grocery,1,34745.5,46,167,9,994.38,0.3103640774230413,0,0.1451968719768094,0.3593334495680403,110.49,53.27,22.79,4,Occasional Shoppers,-1.9035442816964478,-0.4643434368997454
CUST_0620,C,37,F,Sports,1,42508.57,60,25,45,1396.09,0.850083521629405,4,0.1333356100132945,0.4431923107123963,31.02,2416.31,99.86,0,Bargain Hunters,0.5066611330529236,-1.4723611665076692
CUST_0621,D,47,F,Home,0,125298.57,15,336,1,4246.93,0.0268615474437458,3,0.2966971165383888,0.5553602178409022,4246.93,12.6,13.4,1,At-Risk High-Value,-3.509909484155766,3.4375361690723802
CUST_0622,C,57,F,Grocery,2,30849.69,50,23,25,1958.13,0.8994007532976176,5,0.2448341436302494,0.5046401747384502,78.33,2039.72,58.44,0,Bargain Hunters,-0.5849569525620971,-1.299614506466566
CUST_0623,B,19,M,Clothing,0,40842.81,42,109,5,1183.63,0.2883713479883412,2,0.0587784683747256,0.5605650724298955,236.73,53.8,22.13,4,Occasional Shoppers,-1.3185125380180303,-0.6202544292817952
CUST_0624,B,32,M,Books,0,32153.81,39,131,6,303.24,0.4195115483834891,2,0.1377034051325047,0.5394485934908393,50.54,13.78,23.55,4,Occasional Shoppers,-1.7270782468877115,-0.828678776915249
CUST_0625,E,49,F,Electronics,1,33527.27,66,46,26,237.29,0.7209973800350921,1,0.0893897498866,0.8761342660271918,9.13,131.27,68.7,3,Young Explorers,0.13938197101663558,-2.267318126877476
CUST_0626,D,35,F,Beauty,0,92630.9,12,198,3,6549.65,0.0457386149730445,3,0.2124758540717894,0.4741954800624748,2183.22,98.74,15.99,1,At-Risk High-Value,-2.4244269970728665,2.2632882463927047
CUST_0627,D,51,F,Electronics,6,97567.08,22,261,5,6229.18,0.1620209729379305,7,0.1817413685295074,0.4230546145146046,1245.84,118.88,0.84,1,At-Risk High-Value,-2.1014373175672,2.3879068078661825
CUST_0628,C,22,M,Books,1,21488.3,42,15,57,1322.96,0.9280546652758436,6,0.2411459253485417,0.7637153079222251,23.21,4713.04,132.94,0,Bargain Hunters,0.790518112925209,-1.7386941801308213
CUST_0629,B,49,F,Beauty,0,28363.53,53,64,14,470.12,0.2688390876861782,2,0.1273112429713367,0.274101895613273,33.58,101.26,35.04,4,Occasional Shoppers,-1.1941670995486402,-0.6673060524285375
CUST_0630,C,23,M,Books,0,45979.49,47,5,58,857.03,0.8207154797599623,6,0.1764773380114548,0.4727283978676821,14.78,8284.62,145.45,0,Bargain Hunters,1.0400353111852754,-1.2373478873185695
CUST_0631,A,34,M,Beauty,1,119504.13,83,15,68,4540.61,0.0195467301816354,10,0.0037009596167039,0.6736659497293853,66.77,19297.59,153.14,2,Premium Loyalists,3.4640011634951513,0.8041184059987362
CUST_0632,E,36,M,Beauty,0,30806.6,61,31,10,495.92,0.7613609442031002,0,0.0956889405842121,0.9501936787183852,49.59,154.98,42.23,3,Young Explorers,-0.43790877783658844,-2.4731106441358732
CUST_0633,A,46,M,Beauty,0,167253.94,96,11,68,9644.9,0.0289729271545804,13,0.010212109716536,0.709637254801188,141.84,54654.43,159.28,2,Premium Loyalists,4.782121658649778,2.1432829778763516
CUST_0634,C,39,M,Electronics,0,32859.99,48,1,39,1944.58,0.6720068802203123,4,0.1191850993057866,0.7490924890779989,49.86,37919.31,192.98,0,Bargain Hunters,1.754626306917054,-1.4633987620496691
CUST_0635,A,18,F,Beauty,1,148781.66,83,17,37,11351.17,0.0151159050608498,7,0.0164197420783428,0.4859400391163182,306.79,23332.96,86.6,2,Premium Loyalists,2.5236689973511015,1.9090237329727684
CUST_0636,B,45,F,Sports,0,31391.16,49,174,9,382.64,0.3535921927828191,2,0.1415507343127081,0.3337081113252946,42.52,19.68,25.25,4,Occasional Shoppers,-1.8242115519674273,-0.437122492170864
CUST_0637,E,51,M,Grocery,4,29822.19,86,16,23,785.21,0.425153736652782,1,0.0121421510922299,0.9265473804365792,34.14,1062.34,58.78,3,Young Explorers,0.7994920482927765,-2.1517766137396124
CUST_0638,E,53,M,Clothing,1,22822.11,89,30,21,350.51,0.5469794998106475,1,0.0428429673023749,0.8084114119137605,16.69,237.44,58.5,3,Young Explorers,0.4570257763483544,-2.273547540312663
CUST_0639,A,48,F,Sports,2,166362.94,85,13,70,7850.21,0.0661113003747056,5,0.0053719111386391,0.6830107042214353,112.15,39251.05,155.35,2,Premium Loyalists,3.8917924642184745,1.1493740416990998
CUST_0640,D,45,M,Clothing,1,115591.12,31,298,2,4721.1,0.1261567819358981,3,0.2749453787563524,0.2772756218612129,2360.55,31.58,6.88,1,At-Risk High-Value,-2.9943426721534836,2.7240800063825517
CUST_0641,D,18,F,Home,2,110756.51,31,225,6,2724.94,0.0808721602631712,8,0.2875470324794806,0.319097546486293,454.16,72.34,12.83,1,At-Risk High-Value,-2.129121683246304,2.1506991002472367
CUST_0642,A,46,M,Sports,1,133979.78,89,7,62,7092.57,0.0473377897604395,10,0.0140071169606512,0.4711570187932137,114.4,54967.42,144.71,2,Premium Loyalists,3.7796543281224455,1.559852056928851
CUST_0643,B,46,M,Beauty,0,62244.01,45,141,4,364.14,0.4097249277629216,2,0.1333506489494971,0.4968078704291785,91.04,10.26,18.65,4,Occasional Shoppers,-1.6688056283696318,-0.4777463647268628
CUST_0644,E,65,M,Beauty,2,31334.48,81,45,16,127.99,0.7059329247401792,1,0.0002569103691067,0.8032421124966431,8.0,44.52,44.29,3,Young Explorers,0.16989413723652344,-2.387600633597157
CUST_0645,E,40,M,Clothing,2,15108.76,93,27,9,510.5,0.562513335442087,1,0.0110558176611068,0.7155493681754245,56.72,164.09,30.01,3,Young Explorers,0.05467991417951894,-2.282230775596809
CUST_0646,E,47,F,Electronics,4,24937.08,63,16,9,380.11,0.8088191560691096,0,0.0032229491855368,0.9708426107405164,42.23,201.23,31.67,3,Young Explorers,-0.1758029016308584,-2.782346781432322
CUST_0647,A,47,F,Books,0,174244.69,94,3,38,5138.73,0.0100366469842409,6,0.0049797144200714,0.5441391016703692,135.23,48817.94,120.22,2,Premium Loyalists,3.0111027066322062,1.2597406398838198
CUST_0648,B,63,F,Clothing,2,36930.92,41,167,9,1101.57,0.2702772451665705,2,0.1174098898766303,0.5059187396073243,122.4,59.01,22.72,4,Occasional Shoppers,-1.6413643805454912,-0.3393229350826709
CUST_0649,C,75,F,Clothing,3,45856.87,54,29,41,1310.65,0.8343939011381667,7,0.2673155385172671,0.5624945367707508,31.97,1791.22,87.7,0,Bargain Hunters,0.14114432031572152,-1.0221475698000555
CUST_0650,C,44,M,Grocery,2,29373.28,70,41,35,1786.09,0.9213779124175534,3,0.210403142486593,0.4231785311910863,51.03,1488.41,74.9,0,Bargain Hunters,-0.09704961511355903,-1.6088929603175033
CUST_0651,D,47,M,Electronics,0,108246.09,24,264,3,4564.31,0.1419150059019563,5,0.2649827734910694,0.4080362555013501,1521.44,51.67,14.54,1,At-Risk High-Value,-2.5499303467905867,2.3122046701507184
CUST_0652,C,29,M,Books,4,38216.15,64,42,55,2168.0,0.9350403107362754,5,0.1760324667703657,0.7271796270262404,39.42,2773.02,114.92,0,Bargain Hunters,1.087017925935414,-1.672878731343778
CUST_0653,C,68,M,Clothing,6,27345.91,43,33,45,976.53,0.8741131147503056,4,0.1452813058061271,0.644326283210228,21.7,1292.47,87.92,0,Bargain Hunters,0.20791171518663745,-1.7312668770139972
CUST_0654,C,31,M,Home,2,46406.59,57,32,31,2726.33,0.7423012675214297,5,0.1326907981625118,0.8789088406758588,87.95,2561.1,76.7,0,Bargain Hunters,0.542911227451485,-1.4289551967877279
CUST_0655,D,42,F,Home,4,108214.03,20,238,2,5116.63,0.0861126919735507,11,0.2534115821527776,0.3415603245471291,2558.32,42.82,0.0,1,At-Risk High-Value,-2.4665962107813497,3.386042412783204
CUST_0656,A,56,F,Home,0,113757.32,92,11,38,11542.25,0.0573092695553032,5,0.0225948785155827,0.4490240812080967,303.74,36550.46,94.07,2,Premium Loyalists,2.6308012853626708,1.3853342768631305
CUST_0657,C,50,M,Electronics,2,22043.14,66,32,51,2586.1,0.9602846053267948,7,0.3092863402489783,0.4900459446306219,50.71,3996.7,108.93,0,Bargain Hunters,0.5181625110195012,-1.2290753520797113
CUST_0658,E,26,F,Home,4,23077.29,83,17,21,368.9,0.6159339679644268,1,0.0720062720739014,0.9251225191728056,17.57,430.38,54.38,3,Young Explorers,0.42307747638571014,-2.435737748035231
CUST_0659,B,46,F,Grocery,1,36051.24,50,115,12,363.27,0.2572570905626625,1,0.1466331618150526,0.4883713461790608,30.27,37.58,31.64,4,Occasional Shoppers,-1.3740679420983806,-0.7062057270319146
CUST_0660,B,42,M,Sports,6,34860.25,54,95,3,990.15,0.2684689981697943,0,0.0905869998488185,0.4857782145100983,330.05,30.94,0.0,4,Occasional Shoppers,-1.5365975010974404,-0.767911614307385
CUST_0661,A,46,F,Books,2,116711.98,96,18,45,13349.44,0.0070290177728636,11,0.0431716845812651,0.527522344897937,296.65,31617.09,100.11,2,Premium Loyalists,3.3134408502691195,2.16309122942543
CUST_0662,C,24,M,Electronics,5,31285.19,61,5,31,2994.64,0.6207183501121627,5,0.1739365654948863,0.794916460071282,96.6,15472.31,82.9,0,Bargain Hunters,0.718689303733127,-1.2386787682599483
CUST_0663,C,53,F,Home,5,27281.12,61,14,53,2811.56,0.5948365582863238,2,0.1099496751712604,0.8476899486693421,53.05,9934.18,115.1,0,Bargain Hunters,1.3670913939419411,-1.7354206005212933
CUST_0664,A,31,M,Beauty,3,171288.13,78,5,68,10659.65,0.0075639266340324,11,0.0266971879304753,0.5658947995144705,156.76,120809.37,158.32,2,Premium Loyalists,5.014845026112397,2.7889841004797633
CUST_0665,C,27,F,Books,0,35110.27,70,8,46,2347.52,0.7574574515151821,5,0.2177143879579353,0.880511863378444,51.03,11998.44,122.11,0,Bargain Hunters,1.2929728424335671,-1.652589454797089
CUST_0666,D,48,M,Grocery,4,85522.49,24,345,4,3114.51,0.1939092712698978,6,0.3204558611041595,0.6306213885062322,778.63,36.01,8.9,1,At-Risk High-Value,-2.7702835480992674,1.8469828098496401
CUST_0667,A,31,F,Beauty,2,93194.43,80,4,32,14629.9,0.1034486013544792,8,0.0171250988824542,0.5337197464385423,457.18,93631.36,93.67,2,Premium Loyalists,3.3150963920938454,2.072425696067509
CUST_0668,D,18,F,Clothing,4,130332.6,29,182,4,1718.63,0.0462751433678101,11,0.3609359366057766,0.5889849732234239,429.66,37.57,8.33,1,At-Risk High-Value,-1.8556627232318927,2.2530920768586644
CUST_0669,A,50,F,Sports,2,74726.13,82,2,47,7156.38,0.0032140076082959,7,0.0411627864056564,0.4499441369104809,152.26,112116.62,147.0,2,Premium Loyalists,3.5588247050320576,1.2205134751763613
CUST_0670,A,62,M,Electronics,0,145193.06,77,25,41,3483.27,0.0508014807528139,10,0.0215059507158509,0.7517482567381524,84.96,5492.85,101.03,2,Premium Loyalists,2.2481777985949147,0.8660201887206448
CUST_0671,B,47,F,Home,2,46322.52,55,126,6,369.58,0.4163866724108386,2,0.0965616443368522,0.3655478663893047,61.6,17.46,14.1,4,Occasional Shoppers,-1.494244260836948,-0.6448805091559178
CUST_0672,D,36,F,Clothing,0,130882.15,26,245,1,6466.99,0.1233348116495401,9,0.2189070124741403,0.4932590343047348,6466.99,26.29,12.27,1,At-Risk High-Value,-2.777071414636715,4.467169852085833
CUST_0673,C,50,M,Sports,0,27924.55,66,4,47,2696.37,0.9686334057785928,4,0.2224515274130216,0.4406749602002224,57.37,25345.88,127.81,0,Bargain Hunters,0.9522107761982672,-1.5150887726464946
CUST_0674,B,47,F,Books,0,34714.14,40,86,4,515.79,0.2947293224335372,2,0.1473368061166538,0.2884622453183802,128.95,23.71,14.93,4,Occasional Shoppers,-1.8858000432465247,-0.4307540861514052
CUST_0675,B,48,F,Grocery,1,31113.25,45,106,5,500.56,0.336702241667224,1,0.0889817730056183,0.3884980640203662,100.11,23.39,15.71,4,Occasional Shoppers,-1.6557434045848023,-0.7812092457712984
CUST_0676,B,23,F,Home,1,56857.32,54,73,12,517.18,0.4729505288672275,0,0.0684906144482067,0.5770722325236702,43.1,83.87,33.91,4,Occasional Shoppers,-0.8516767994196717,-1.258572550039189
CUST_0677,D,29,F,Grocery,1,70592.06,10,240,2,3385.01,0.0443789575401199,9,0.241818803644825,0.3081076651144951,1692.5,28.09,7.58,1,At-Risk High-Value,-2.8027438739197814,2.5150389839030782
CUST_0678,A,49,M,Beauty,2,87613.23,81,14,59,13379.26,0.0991254262081931,7,0.0307654768286702,0.4666141732964679,226.77,52625.09,128.48,2,Premium Loyalists,3.4681501354501227,1.5804313027611925
CUST_0679,C,18,M,Clothing,3,36262.06,52,29,54,2182.97,0.9535286084168466,5,0.23093676172271,0.6515318926091391,40.43,3929.35,115.48,0,Bargain Hunters,0.694770567880814,-1.5251570445868499
CUST_0680,E,18,F,Home,4,35936.87,74,28,10,182.93,0.4450253691315385,1,0.0899150141227113,0.7103275138746148,18.29,63.08,25.78,3,Young Explorers,-0.4059068919996357,-1.7168288128369706
CUST_0681,D,54,F,Electronics,1,105114.01,15,306,2,2696.52,0.1554051052605707,7,0.2231422149465368,0.3857929866868982,1348.26,17.57,9.04,1,At-Risk High-Value,-2.813899022291474,2.3665487436562156
CUST_0682,C,21,F,Beauty,3,39640.22,57,19,38,602.58,0.6125923654293713,5,0.2541640544707915,0.854595205760216,15.86,1144.9,89.36,0,Bargain Hunters,0.3297186093226857,-1.4175771466621587
CUST_0683,B,45,M,Sports,3,44303.07,55,155,10,1213.25,0.2812029160911403,2,0.112469526580414,0.4767364425394527,121.32,77.77,21.18,4,Occasional Shoppers,-1.331009003133766,-0.36841374252695674
CUST_0684,E,21,M,Beauty,1,31554.88,80,48,23,393.9,0.7192965610906099,1,0.0780392638682312,0.8007833601062563,17.13,184.89,61.1,3,Young Explorers,0.2092471831362396,-2.272094538329461
CUST_0685,E,34,F,Electronics,0,15904.61,72,10,19,689.38,0.8137491318209739,1,0.0390106001466397,0.905914753846943,36.28,1190.75,66.12,3,Young Explorers,0.32848606566939476,-2.7536747299571935
CUST_0686,D,45,F,Electronics,3,120824.0,8,355,5,2202.91,0.1107874220290109,5,0.27693657098689,0.6345167305310006,440.58,30.94,13.97,1,At-Risk High-Value,-2.822449138114983,2.0549873507575844
CUST_0687,D,33,M,Sports,3,130027.87,11,283,1,5066.26,0.122073459749011,11,0.1803819941221348,0.4222064620747978,5066.26,17.84,1.8,1,At-Risk High-Value,-2.9109882275523447,4.325701839167648
CUST_0688,D,34,M,Electronics,0,80614.05,34,305,2,6352.39,0.1395699965332508,5,0.3330861397245043,0.4103454003935051,3176.2,41.52,12.53,1,At-Risk High-Value,-3.0186107105285256,2.926770591402991
CUST_0689,D,52,M,Beauty,0,136023.0,20,223,5,4448.36,0.1766061740222111,3,0.2282830790823748,0.3284467915736004,889.67,99.29,17.02,1,At-Risk High-Value,-2.293238873579666,2.050396710404757
CUST_0690,D,36,F,Home,2,82531.85,20,259,2,6208.69,0.1693239040398422,7,0.3340100109287087,0.5242942072902315,3104.34,47.76,8.87,1,At-Risk High-Value,-2.881700188743627,2.891288653801612
CUST_0691,A,52,M,Clothing,4,190755.35,82,2,51,12029.21,0.0926219856157194,8,0.0395651547530268,0.5896415705753824,235.87,204496.57,151.79,2,Premium Loyalists,5.54195875366734,3.1659814317725163
CUST_0692,B,51,M,Electronics,2,53079.98,36,87,7,776.66,0.3303036152117698,2,0.1127788444884825,0.3162324933492387,110.95,61.78,15.47,4,Occasional Shoppers,-1.671636676473546,-0.3265142749376768
CUST_0693,B,58,F,Beauty,0,46345.41,64,104,12,1243.47,0.2260561957746967,1,0.1295154142680583,0.552278627267654,103.62,142.11,36.01,4,Occasional Shoppers,-0.8846988280883128,-0.6725102444402641
CUST_0694,C,28,F,Beauty,1,45523.73,70,11,24,811.37,0.6380390090338532,4,0.1558567280022332,0.5721079003242281,33.81,1622.74,65.53,0,Bargain Hunters,0.07579654423167007,-1.3852870945696354
CUST_0695,C,59,F,Electronics,1,49291.03,63,38,60,2216.55,0.96719237824377,2,0.2591371061935883,0.5789516080804958,36.94,3410.08,131.21,0,Bargain Hunters,0.8047624675760021,-1.660936958000454
CUST_0696,D,42,F,Grocery,1,70971.71,32,289,3,8044.88,0.0582674189864512,11,0.282098464796346,0.5331040653510851,2681.63,83.22,14.01,1,At-Risk High-Value,-2.189207545335038,3.3155239760158457
CUST_0697,A,60,F,Beauty,5,77508.36,100,8,74,6208.99,0.0,13,0.0204525559197994,0.8308419174585524,83.91,51051.7,162.12,2,Premium Loyalists,4.563253601458729,0.8239493012156598
CUST_0698,C,36,F,Sports,4,45992.39,45,20,55,659.02,0.8595167225284789,2,0.2765474857302975,0.700867413435007,11.98,1726.0,117.02,0,Bargain Hunters,0.3333877998098196,-1.7385627425103158
CUST_0699,B,20,F,Clothing,3,38859.31,45,170,14,706.7,0.2589333132667411,1,0.095822811267801,0.3002656192374008,50.48,57.86,25.59,4,Occasional Shoppers,-1.6412096656681416,-0.2838927348268373
CUST_0700,A,53,M,Clothing,1,172935.09,83,3,73,3542.18,0.0569971189128524,13,0.0129812328879283,0.6740539938407262,48.52,64644.78,189.81,2,Premium Loyalists,4.6192996427563955,1.6132536724589872
CUST_0701,E,24,M,Clothing,3,16464.01,66,22,14,592.79,0.7227020196653672,0,0.0819182625295595,0.7508204494879941,42.34,360.83,38.56,3,Young Explorers,-0.41778621974834523,-2.38214501774657
CUST_0702,E,31,F,Electronics,1,28057.57,62,18,17,215.03,0.7377554293811969,1,0.038755129460258,0.7650599677813209,12.65,192.4,51.86,3,Young Explorers,-0.12486568637674872,-2.3362671261133476
CUST_0703,B,48,F,Home,1,46072.09,54,64,11,1145.18,0.4686485442605668,2,0.0952685648007553,0.5700742853056906,104.11,193.8,31.96,4,Occasional Shoppers,-0.8283371375449147,-1.0584158829685106
CUST_0704,E,38,M,Sports,3,19462.17,88,48,14,516.97,0.5844099931312386,0,0.0469728998316956,0.9343428762911592,36.93,147.71,39.77,3,Young Explorers,0.14681544134835048,-2.4696797533554604
CUST_0705,A,55,F,Beauty,3,138097.67,98,13,39,14013.86,0.0439636104888614,11,0.0403767743210553,0.5821815675502681,359.33,39038.61,88.34,2,Premium Loyalists,3.398048121279334,2.365475844404038
CUST_0706,D,23,F,Sports,4,133305.97,14,267,5,1834.79,0.0323906189957373,11,0.2642161350697727,0.4827687367113846,366.96,34.23,8.03,1,At-Risk High-Value,-2.1875153021311506,2.6383785637897854
CUST_0707,B,66,F,Home,3,47978.83,35,123,3,1063.07,0.4685547531239478,2,0.0608189883507055,0.1877586357784083,354.36,25.72,1.57,4,Occasional Shoppers,-2.0325721403053607,-0.2602067004941886
CUST_0708,B,38,F,Electronics,4,54315.91,41,109,4,419.58,0.3888817483938055,1,0.1239339201262141,0.4582103659958171,104.9,15.26,6.08,4,Occasional Shoppers,-1.7663632317667453,-0.6162046484120448
CUST_0709,A,18,F,Clothing,1,144386.3,88,30,64,8188.99,0.0546640794033538,8,0.0357397344089679,0.6899932909818363,127.95,16906.3,142.13,2,Premium Loyalists,3.4478723212647266,1.2389145452899748
CUST_0710,A,74,F,Books,0,90440.16,95,24,42,4795.93,0.0557194658089793,9,0.0094989611679056,0.5764126103471232,114.19,8057.16,99.69,2,Premium Loyalists,2.3059822859881427,0.4773329300294579
CUST_0711,C,50,M,Clothing,3,46237.55,61,44,58,1656.77,0.9580841406128056,3,0.1837793685606733,0.3958402352411951,28.56,2135.39,117.19,0,Bargain Hunters,0.6520614930900067,-1.4971126969145292
CUST_0712,C,55,F,Clothing,1,45873.94,62,26,19,1475.58,0.7781493037073748,5,0.1306268475803746,0.8559107310736945,77.66,1038.37,55.96,3,Young Explorers,0.10670838427131131,-1.6446278775694214
CUST_0713,C,34,M,Sports,0,41288.61,54,43,22,2298.52,0.9210381250677332,1,0.1664059395676364,0.6392585130700161,104.48,1149.26,59.11,0,Bargain Hunters,-0.5018240078009402,-1.8008189500232572
CUST_0714,A,45,F,Clothing,2,150604.29,96,11,47,4274.4,0.0168338328170083,14,0.0438088973734997,0.5303107225844691,90.94,16741.4,107.7,2,Premium Loyalists,2.9542285398094683,1.6058425750940863
CUST_0715,B,39,M,Beauty,0,33377.33,59,86,10,572.65,0.2427855651654966,0,0.1151594157719259,0.39755595005119,57.26,65.82,29.11,4,Occasional Shoppers,-1.2396866660572183,-0.8684405086909205
CUST_0716,B,62,F,Home,2,58393.96,52,65,10,1130.04,0.3620252546761944,0,0.1068693273677698,0.2299601099506642,113.0,171.22,20.14,4,Occasional Shoppers,-1.3624247195383448,-0.5624667000446717
CUST_0717,D,28,F,Clothing,2,99464.42,23,199,4,2749.94,0.140395640238149,4,0.3230120204596048,0.4568429739436943,687.48,55.0,11.64,1,At-Risk High-Value,-2.4934292420697726,1.5247508375422547
CUST_0718,A,30,M,Beauty,3,93128.39,86,23,67,5111.0,0.1039206172186574,15,0.0151294190380472,0.6259395959963185,76.28,14268.21,141.87,2,Premium Loyalists,3.4749131083174816,1.0431762308248185
CUST_0719,B,22,M,Books,2,34964.35,41,173,8,589.14,0.2322080289173075,1,0.057425169248749,0.4942972538635039,73.64,27.09,20.46,4,Occasional Shoppers,-1.630328010456833,-0.5145504963717932
CUST_0720,C,28,M,Electronics,1,31350.61,54,4,18,1390.08,0.957011004392033,7,0.1083144915441695,0.6828898588435407,77.23,5004.29,71.66,0,Bargain Hunters,0.1382787630469616,-1.7060320373189033
CUST_0721,A,18,M,Grocery,6,137036.86,95,8,69,8255.39,0.1003047385429769,12,0.0057529992538669,0.7853060515438409,119.64,63291.32,148.21,2,Premium Loyalists,4.677869727192963,1.5120311102440083
CUST_0722,D,28,M,Sports,3,90274.99,24,288,6,5411.36,0.0769677100988297,8,0.2999498170386032,0.3435734366967374,901.89,112.35,10.22,1,At-Risk High-Value,-2.449340953419889,2.632594093371664
CUST_0723,B,46,M,Books,0,58239.97,50,153,3,594.78,0.2600979418762233,1,0.0973053334788657,0.5012344910892488,198.26,11.59,16.68,4,Occasional Shoppers,-1.6112270417847094,-0.3802313623451944
CUST_0724,D,33,M,Home,2,139737.31,10,314,2,6823.38,0.1385596824513117,11,0.21701048586899,0.4648526581881588,3411.69,43.32,7.62,1,At-Risk High-Value,-2.584416077021705,4.152125933757796
CUST_0725,C,42,M,Beauty,0,23565.7,59,22,23,1346.83,0.6441045758946142,5,0.145902488177822,0.5665598031374014,58.56,1346.83,61.88,0,Bargain Hunters,-0.17455470867401687,-1.346840748142292
CUST_0726,B,38,F,Clothing,4,37911.85,48,118,10,731.74,0.3183029684082278,0,0.0844146958092718,0.3001508878069476,73.17,61.49,14.85,4,Occasional Shoppers,-1.5992598769717818,-0.6439921434020327
CUST_0727,A,66,F,Sports,1,190091.87,81,19,60,4694.0,0.0888026834212151,8,0.0015736349107969,0.447066393987188,78.23,14082.0,131.2,2,Premium Loyalists,2.959591003379278,1.448015393373893
CUST_0728,C,59,M,Beauty,1,31648.17,57,18,52,2831.47,0.8268727213772833,5,0.1511276879556392,0.5901073924834587,54.45,7749.29,118.36,0,Bargain Hunters,1.0275022248912224,-1.410293262052139
CUST_0729,B,43,M,Electronics,1,30112.3,55,80,8,1193.31,0.2999479594133133,2,0.0700332474481328,0.35801315545466,149.16,117.86,21.41,4,Occasional Shoppers,-1.1717582473585844,-0.6942597525739908
CUST_0730,C,23,F,Grocery,1,21077.29,42,37,52,1675.03,0.7187404869756654,2,0.2093030691847744,0.8480836306419779,32.21,2292.15,120.66,0,Bargain Hunters,0.4884305424015194,-1.8472333544770472
CUST_0731,A,37,F,Clothing,0,125588.47,83,20,38,13408.38,0.083815091428434,14,0.0034933447647481,0.3937921097695291,352.85,24262.78,88.88,2,Premium Loyalists,2.92829025451195,2.5816232702418023
CUST_0732,B,49,M,Beauty,0,37947.26,57,105,10,730.96,0.39691134293683,2,0.0543219593951141,0.5470427430155153,73.1,68.96,31.89,4,Occasional Shoppers,-0.9067575962314236,-1.0113999467509287
CUST_0733,A,57,F,Grocery,1,191612.16,76,9,37,12871.98,0.0540044469795611,8,0.0293372522189609,0.7563207944198482,347.89,47626.33,97.24,2,Premium Loyalists,3.2769468915178797,2.3878799595406033
CUST_0734,B,65,M,Books,1,42946.41,49,71,9,445.82,0.2744192947983861,0,0.0587784972879933,0.3077688220730987,49.54,55.73,22.56,4,Occasional Shoppers,-1.3205399572125933,-0.7916228367749365
CUST_0735,C,54,F,Electronics,2,22686.76,38,47,22,2566.92,0.7368443958407921,7,0.2702417135360855,0.879239501908299,116.68,1176.51,57.71,0,Bargain Hunters,-0.5339682366762535,-1.0986065104056124
CUST_0736,B,40,F,Home,3,42217.36,56,156,8,769.91,0.2259757337324889,2,0.1495924225907125,0.4770202672700461,96.24,39.23,17.18,4,Occasional Shoppers,-1.5176946221051322,-0.3131015024716559
CUST_0737,D,25,F,Clothing,4,125802.14,22,214,4,2686.41,0.0285480671375217,3,0.3374548348305319,0.6348056739787049,671.6,49.98,9.16,1,At-Risk High-Value,-2.3907862717094237,1.7180323181086583
CUST_0738,C,55,F,Home,6,32901.54,60,4,53,976.7,0.8728910551486851,3,0.1185286191707002,0.51070016899402,18.43,10353.02,123.21,0,Bargain Hunters,1.0523959903215696,-1.8406900769886025
CUST_0739,A,45,F,Beauty,1,113246.73,77,4,40,11644.01,0.0663846450361063,10,0.0014981542683003,0.4988346711875294,291.1,93152.08,111.98,2,Premium Loyalists,3.5658492126624317,2.1418776401582384
CUST_0740,B,53,M,Books,1,35568.38,35,149,10,455.08,0.2622236323627228,1,0.0969210694933337,0.4853014490265728,45.51,30.34,27.38,4,Occasional Shoppers,-1.6818590651203897,-0.5622247770096227
CUST_0741,A,24,F,Sports,5,122747.29,98,15,68,4083.01,0.0309243977163172,12,0.0032010902233917,0.4585399233188872,60.04,17352.79,136.84,2,Premium Loyalists,3.4942091023699935,1.1225284938057476
CUST_0742,C,42,M,Home,1,40712.8,68,8,57,1270.59,0.9290108695546384,6,0.2478954166408938,0.6154750300861327,22.29,8047.07,135.81,0,Bargain Hunters,1.2126878701890704,-1.5665781445985203
CUST_0743,A,48,M,Grocery,5,89219.22,79,3,64,13084.76,0.0961541851792215,13,0.0311001776044645,0.6920190990689175,204.45,209356.16,160.17,2,Premium Loyalists,5.988836763705754,2.716136130361194
CUST_0744,A,35,M,Sports,2,113541.61,99,4,32,5935.36,0.0717566487053677,12,0.0185885267105095,0.7209570684956738,185.48,37986.3,97.42,2,Premium Loyalists,2.9727742637772945,1.0481711141131258
CUST_0745,A,46,M,Beauty,0,160442.85,95,8,31,8510.52,0.0819558922097286,10,0.0,0.7166381042210923,274.53,29314.01,88.83,2,Premium Loyalists,2.954237678955834,1.5441299621371252
CUST_0746,B,54,M,Grocery,0,50860.62,63,143,10,687.5,0.4797163844655731,1,0.0998366973053733,0.5721488903134002,68.75,47.74,32.14,4,Occasional Shoppers,-1.0665614207571847,-0.9983386445169106
CUST_0747,A,32,F,Electronics,0,185737.6,97,11,60,11061.4,0.0319368667782155,14,0.0402855340305349,0.517388145622025,184.36,55307.0,139.44,2,Premium Loyalists,4.440292008197263,2.834046038789166
CUST_0748,B,42,M,Home,5,46206.51,45,63,3,716.33,0.3942587123010201,2,0.0623379542892065,0.2603864749728911,238.78,33.58,0.0,4,Occasional Shoppers,-1.582894635777293,-0.5551314650998866
CUST_0749,C,43,F,Home,3,46789.54,64,34,35,2489.83,0.6287371002836362,3,0.2313652788969802,0.6224319378905865,71.14,2489.83,76.39,0,Bargain Hunters,0.1321490954539433,-1.1039295251305796
CUST_0750,C,29,F,Electronics,1,29739.02,51,14,25,825.45,0.9403418106973752,2,0.1320293623078929,0.4512540520781055,33.02,1375.75,63.17,0,Bargain Hunters,-0.4983380599851207,-1.9300061104783013
CUST_0751,D,42,M,Clothing,5,85042.59,29,208,3,4286.46,0.1680216191723874,5,0.2976781085564856,0.4133168244119585,1428.82,61.53,0.0,1,At-Risk High-Value,-2.503668788488425,1.8751763326466524
CUST_0752,C,29,M,Books,3,35670.6,59,16,24,2540.1,0.9376191603370152,6,0.2352463504993591,0.5091958119041666,105.84,3586.02,55.43,0,Bargain Hunters,-0.29726286980813216,-1.2232423683659717
CUST_0753,D,37,M,Electronics,2,114212.43,37,207,1,5700.9,0.0791753383220128,8,0.3024892624431556,0.7127398120438568,5700.9,27.41,10.74,1,At-Risk High-Value,-2.500870849390645,3.6581709123926296
CUST_0754,B,45,M,Clothing,0,56799.52,65,149,14,617.57,0.3329569553121942,0,0.1269957524684669,0.4164171631929293,44.11,57.64,37.0,4,Occasional Shoppers,-1.1646089137678313,-0.6345111909906578
CUST_0755,E,64,M,Home,2,17355.56,82,29,22,433.69,0.6884510719008254,0,0.0284350090932451,0.8529454884802166,19.71,318.04,58.51,3,Young Explorers,0.368657841048032,-2.634570497619015
CUST_0756,A,75,M,Books,0,105583.71,96,15,42,3987.71,0.0742550620948588,8,0.0067016203952766,0.5292041845547584,94.95,10467.74,101.25,2,Premium Loyalists,2.298319732285825,0.4292075561111958
CUST_0757,C,56,F,Clothing,0,42650.56,67,34,51,2134.13,0.7222685247888168,6,0.2651114863713382,0.4764610502888453,41.85,3109.73,114.47,0,Bargain Hunters,0.6702627099180778,-0.9054751754616716
CUST_0758,E,37,F,Electronics,3,31646.13,83,13,25,767.83,0.5246229463825802,1,0.0771060958550929,0.8101715452643702,30.71,1371.12,64.9,3,Young Explorers,0.5513843562794583,-2.0687794973978195
CUST_0759,C,24,F,Home,0,48716.14,53,1,49,816.94,0.7958974550475773,6,0.2593498854309544,0.7154714952659554,16.67,20015.03,200.0,0,Bargain Hunters,1.5603160109879255,-1.351033660921556
CUST_0760,C,37,M,Home,0,20550.93,53,7,26,2893.43,0.9847219682792618,5,0.143731770421846,0.5592422222541525,111.29,9403.65,77.47,0,Bargain Hunters,0.09154476887265907,-1.6587666496879425
CUST_0761,D,45,F,Sports,1,100276.99,17,185,3,7843.02,0.0843975936132089,4,0.4049179519052216,0.5801327509968746,2614.34,126.5,15.14,1,At-Risk High-Value,-2.6340674469444227,2.724916959343286
CUST_0762,B,48,F,Grocery,0,56078.07,63,143,5,883.85,0.3124782515094551,1,0.1193547070281735,0.5767505256786333,176.77,30.69,22.23,4,Occasional Shoppers,-1.2588807074916524,-0.6224185229070305
CUST_0763,A,23,M,Grocery,0,197415.8,83,9,45,7215.08,0.0548157896039917,7,0.0108075918743734,0.4943372340765339,160.34,32467.86,111.0,2,Premium Loyalists,2.9063391054797103,1.797132890550628
CUST_0764,D,50,M,Beauty,0,113453.01,30,363,4,3074.74,0.1973602870681055,9,0.3587594996608551,0.6648211214821588,768.68,33.79,21.57,1,At-Risk High-Value,-2.4935888614469484,2.3763355648436733
CUST_0765,E,48,M,Electronics,1,24325.1,70,8,10,143.12,0.7151528426657275,1,0.0663806484124357,0.8596964661475225,14.31,159.02,46.69,3,Young Explorers,-0.14042355469224435,-2.4856963216540744
CUST_0766,C,56,F,Clothing,1,39931.46,47,42,22,942.61,0.7625579020936171,7,0.1725717933272976,0.7958413800426027,42.85,482.27,59.3,0,Bargain Hunters,-0.22838524901007012,-1.29595716954688
CUST_0767,E,31,M,Sports,0,17887.22,91,1,11,403.58,0.7185180538504511,0,0.0682307556553175,0.7357153186590798,36.69,2219.69,136.71,3,Young Explorers,0.8373583933345491,-2.684213133670863
CUST_0768,D,71,M,Sports,0,89345.79,22,244,2,1267.1,0.0579947917326195,8,0.2273047882093974,0.4814804651228455,633.55,10.34,14.04,1,At-Risk High-Value,-2.33066396143876,1.7328686393734822
CUST_0769,B,20,F,Home,3,56295.12,50,108,11,646.62,0.4127878836308064,0,0.0573107809236446,0.5000941034508123,58.78,65.26,23.93,4,Occasional Shoppers,-1.147666878009117,-0.9345556861595884
CUST_0770,C,26,F,Home,4,44998.38,44,20,31,648.38,0.8225383588763381,2,0.2884599375306104,0.8789937965585943,20.92,957.13,72.58,0,Bargain Hunters,-0.3963396431913816,-1.8253092486667561
CUST_0771,A,53,M,Electronics,3,179076.65,100,11,67,6867.46,0.0675576344261817,7,0.0023206766093315,0.5145636911048738,102.5,38343.32,144.38,2,Premium Loyalists,3.938382456176753,1.4366563924025413
CUST_0772,C,41,M,Electronics,0,33551.66,49,27,55,906.37,0.8537596025508167,7,0.2646065494377939,0.5820217493407264,16.48,1780.37,125.34,0,Bargain Hunters,0.5695939031762522,-1.2647057980640426
CUST_0773,C,46,F,Clothing,0,43398.14,68,30,28,2913.91,0.7663090690024585,6,0.2924928272500176,0.8802495019278722,104.07,2631.92,76.94,0,Bargain Hunters,0.26923335852148,-1.24572270583143
CUST_0774,D,38,M,Sports,8,136842.98,34,263,5,2676.42,0.0346678475105951,9,0.2020459938598963,0.3888566212976769,535.28,50.69,0.0,1,At-Risk High-Value,-1.845983554225926,2.5328901422068206
CUST_0775,A,52,M,Beauty,2,156270.78,89,28,72,3628.47,0.0445497383266414,6,0.0210242492787791,0.7747986020689825,50.4,9008.62,157.07,2,Premium Loyalists,3.420003994656902,0.48840994933625587
CUST_0776,B,47,M,Beauty,0,54943.65,61,96,10,465.88,0.4796566897979013,2,0.0813918414468771,0.6205964391517057,46.59,48.03,33.45,4,Occasional Shoppers,-0.7719791273827498,-1.1081821916318007
CUST_0777,E,55,M,Beauty,0,34416.48,79,10,16,248.18,0.7309506635934208,1,0.0920926329281911,0.8038663151998173,15.51,360.99,58.08,3,Young Explorers,0.12099051410041244,-2.3750197333456997
CUST_0778,C,34,F,Electronics,3,34080.49,41,10,46,1353.49,0.8089067499773185,2,0.171109363187653,0.4315705970462082,29.42,5660.05,101.63,0,Bargain Hunters,0.08964251876965,-1.5207638164858386
CUST_0779,A,49,F,Electronics,3,112035.06,83,7,74,12420.26,0.0414214450659285,10,0.0452684018118537,0.6108370666540165,167.84,114887.4,165.5,2,Premium Loyalists,5.057872297147363,2.196516212288332
CUST_0780,B,42,M,Sports,1,54899.58,55,150,4,856.65,0.2472470984262788,2,0.1090456881069109,0.6041049382339673,214.16,22.69,17.75,4,Occasional Shoppers,-1.3580479231139648,-0.39627264384684485
CUST_0781,B,30,F,Books,4,36948.6,38,74,13,576.77,0.3498961730134883,2,0.1087235216966975,0.2173344503712204,44.37,99.97,19.7,4,Occasional Shoppers,-1.556415615285173,-0.4905229560054823
CUST_0782,A,42,F,Beauty,4,110228.5,84,4,42,5501.03,0.0990758371805744,5,0.0062319252950942,0.5228424228182915,130.98,46208.65,107.46,2,Premium Loyalists,2.5509268606500237,0.5886215441289708
CUST_0783,B,68,F,Books,5,44300.54,55,181,4,829.63,0.2478187545575625,1,0.0836292489192239,0.3157337729883762,207.41,18.23,0.0,4,Occasional Shoppers,-1.8515601608572112,-0.1809320147553472
CUST_0784,C,26,M,Beauty,2,52370.35,67,3,58,1621.93,0.788362593544631,1,0.1585215086249582,0.5040042701226998,27.96,23517.98,153.41,0,Bargain Hunters,1.50944269971404,-1.6199231971954926
CUST_0785,A,30,M,Home,3,147743.43,89,22,48,6710.72,0.0404610238182223,5,0.0284716361927369,0.6919551456877172,139.81,14004.98,105.38,2,Premium Loyalists,2.637260562097368,0.8395839599584303
CUST_0786,D,44,M,Clothing,1,73466.33,31,194,5,3531.68,0.2175483788961606,2,0.1734151636102324,0.4074114018390005,706.34,90.56,15.66,4,Occasional Shoppers,-2.0921985378464405,0.8486634811405531
CUST_0787,B,50,F,Electronics,0,54449.24,38,54,8,980.1,0.221510137125455,2,0.140447371752213,0.4729610992547244,122.51,142.56,27.31,4,Occasional Shoppers,-1.327263755317878,-0.40112573881341634
CUST_0788,B,33,F,Clothing,1,44679.35,61,82,12,688.13,0.327034101181735,2,0.133484873035769,0.4053386917240342,57.34,99.49,30.33,4,Occasional Shoppers,-1.0331025873574728,-0.6872806235530852
CUST_0789,C,61,F,Electronics,2,22126.71,52,7,25,2391.69,0.6242819837885539,2,0.1108701683017808,0.4135151830665068,95.67,7474.03,66.56,0,Bargain Hunters,-0.2111834567943127,-1.3344188793256124
CUST_0790,C,34,F,Home,4,23761.67,48,28,45,2869.15,0.6109296559853156,1,0.1438762087249684,0.6921693482965946,63.76,4452.13,95.41,0,Bargain Hunters,0.4186805699982369,-1.5557378349979303
CUST_0791,D,35,F,Electronics,2,107284.05,25,201,1,6069.76,0.1996117311278724,11,0.3142361056209944,0.5859904892869613,6069.76,30.05,8.22,1,At-Risk High-Value,-2.7650294197232297,4.072232511165744
CUST_0792,E,50,M,Electronics,1,21932.45,69,1,18,521.64,0.4634334246079959,1,0.0256813057738248,0.7275471465881391,28.98,4694.76,147.55,3,Young Explorers,0.9587755638986877,-2.0728527538886423
CUST_0793,C,20,F,Books,2,42370.89,47,29,59,1431.03,0.93350510348642,2,0.2563557511056199,0.4395976599874389,24.25,2814.36,124.24,0,Bargain Hunters,0.3103791967318078,-1.5349699975960613
CUST_0794,C,41,F,Books,4,39877.17,49,5,28,717.33,0.8123807334921018,2,0.2742675693565422,0.6033744244028101,25.62,3347.54,76.07,0,Bargain Hunters,-0.4848850074546507,-1.6346076881585563
CUST_0795,A,53,F,Books,0,102029.01,80,9,50,4307.41,0.0252145912202386,8,0.0363864090414347,0.7463002036874555,86.15,21537.05,126.04,2,Premium Loyalists,2.6633476012733404,0.4235907992764275
CUST_0796,C,60,F,Home,1,26949.96,53,14,53,1423.6,0.6456721363311317,6,0.157720976613664,0.559296555582454,26.86,5030.05,121.33,0,Bargain Hunters,0.914599384299353,-1.2175033762993188
CUST_0797,B,27,M,Clothing,2,42481.54,61,110,5,1042.66,0.4466298527600411,1,0.1167722209786105,0.5817049761486107,208.53,46.97,16.54,4,Occasional Shoppers,-1.2479081982906575,-0.9978932230997156
CUST_0798,C,53,F,Beauty,4,24592.03,40,33,25,894.62,0.8762842522339105,2,0.1129283763613151,0.5582209367836788,35.78,657.81,52.19,0,Bargain Hunters,-0.6681995251027174,-1.866907351977182
CUST_0799,C,34,F,Home,0,22249.42,60,4,22,2667.0,0.8339640369548398,7,0.1363321790955776,0.4926482908104062,121.23,11734.8,78.85,0,Bargain Hunters,0.2540030088703941,-1.2327291203246138
CUST_0800,A,44,M,Clothing,2,167272.4,79,6,56,6257.25,0.0527788779797959,11,0.0178472472903356,0.4878806543179856,111.74,50058.0,132.42,2,Premium Loyalists,3.47292105143327,1.9042251232774607
CUST_0801,B,43,M,Home,3,48006.05,53,128,3,1131.47,0.315348185878713,0,0.1256472003026148,0.4316585945642178,377.16,26.31,6.41,4,Occasional Shoppers,-1.755617908156092,-0.4930257103607968
CUST_0802,C,36,M,Home,2,24782.06,63,20,48,2307.62,0.665099959408504,3,0.1812912545616609,0.4930031996417303,48.08,5274.56,104.86,0,Bargain Hunters,0.6019874991450388,-1.3687763219877525
CUST_0803,A,47,M,Electronics,6,100649.17,78,17,62,9583.48,0.0533925930844479,14,0.045420107787721,0.7024028868494164,154.57,33009.76,125.93,2,Premium Loyalists,3.6304447530587174,1.7166514168999347
CUST_0804,A,29,M,Beauty,0,97034.53,93,1,51,4778.26,0.0773184591724104,14,0.046626904295318,0.6860962274788456,93.69,121845.63,200.0,2,Premium Loyalists,4.8222796490142965,1.393640990806213
CUST_0805,E,40,F,Books,4,28949.08,78,22,18,345.03,0.5078846842015542,0,0.0594458062688163,0.8353613171278531,19.17,270.02,45.25,3,Young Explorers,0.12043234752655042,-2.187133486612682
CUST_0806,B,34,F,Beauty,3,53975.98,41,165,7,630.28,0.2822310854284314,2,0.0892154944850307,0.2666554764589418,90.04,26.58,10.94,4,Occasional Shoppers,-1.8696916231890706,-0.027250368416908612
CUST_0807,A,28,M,Electronics,1,162348.29,99,21,59,10041.16,0.091322980899787,14,0.0306548115544006,0.6808507783973601,170.19,26928.57,133.38,2,Premium Loyalists,4.103539140899604,2.1022110397086564
CUST_0808,D,55,F,Grocery,0,73919.08,22,191,5,6680.2,0.162433149018257,8,0.1492903766270088,0.3907580637723952,1336.04,173.96,18.34,1,At-Risk High-Value,-1.7253569769836816,2.061606451631926
CUST_0809,B,30,F,Sports,3,54073.25,48,95,14,628.35,0.2902314464336774,1,0.0893581387905151,0.4732466610661702,44.88,91.63,29.52,4,Occasional Shoppers,-1.0766034237260547,-0.6501119321678721
CUST_0810,B,48,F,Home,3,46089.45,47,60,11,419.32,0.5018651050648193,0,0.1331687253850787,0.402240403141396,38.12,75.62,22.71,4,Occasional Shoppers,-1.3919832675417445,-1.1107712616309795
CUST_0811,D,63,F,Grocery,0,111875.98,28,290,3,1987.19,0.1133709100949549,11,0.28082454211063,0.3794314471047739,662.4,20.49,13.93,1,At-Risk High-Value,-2.338272030980568,2.5204902014104795
CUST_0812,A,75,M,Electronics,2,93542.5,97,21,33,4482.5,0.0856198226348021,11,0.0166506339207318,0.6587918809505378,135.83,6723.75,77.94,2,Premium Loyalists,2.14603150082803,0.5497950190165352
CUST_0813,D,18,F,Beauty,3,95259.94,25,355,5,3322.41,0.1180474857834199,5,0.2097297848544028,0.6643868644330723,664.48,46.66,14.57,1,At-Risk High-Value,-2.375213876876843,1.7671843102890896
CUST_0814,A,44,F,Grocery,8,152193.62,93,3,60,6398.85,0.0390943131820821,8,0.0286144765128984,0.6400029084624405,106.65,95982.75,142.13,2,Premium Loyalists,4.319077074742711,1.545634473869705
CUST_0815,E,23,F,Grocery,1,30896.94,78,50,21,133.78,0.4844141512648714,1,0.0900472211583287,0.960620874284578,6.37,55.09,60.21,3,Young Explorers,0.2475716874319311,-2.107168607099946
CUST_0816,C,42,F,Electronics,1,43597.52,46,28,42,1095.5,0.7165362008825183,6,0.2515092586116484,0.6620888748463636,26.08,1586.59,97.81,0,Bargain Hunters,0.16547650476209266,-1.096178952737281
CUST_0817,E,57,M,Grocery,0,35151.24,60,14,12,254.37,0.3501657084556684,1,0.0204924174494927,0.723130284484371,21.2,203.5,45.61,3,Young Explorers,-0.21013739110804278,-1.6808467792368054
CUST_0818,D,40,F,Grocery,2,121464.81,11,320,2,4429.4,0.0765212987426555,10,0.1802631747460691,0.3422787720795739,2214.7,27.6,5.16,1,At-Risk High-Value,-2.678915776061969,3.4431313617269153
CUST_0819,C,60,M,Home,2,44063.08,72,44,18,1873.95,0.9742220842695254,3,0.1063093036728876,0.6772856437742644,104.11,749.58,45.82,3,Young Explorers,-0.10013066970098555,-1.91731432540617
CUST_0820,D,33,M,Home,0,121243.42,14,364,3,2873.71,0.1892216169478656,7,0.2172079646581426,0.5667708878531732,957.9,23.62,17.61,1,At-Risk High-Value,-2.6438426557668566,2.33256127288774
CUST_0821,E,18,M,Sports,3,32702.82,63,58,10,643.58,0.826075638799162,2,0.0639885753739592,0.8096661415498851,64.36,109.08,28.92,3,Young Explorers,-0.5056116286021973,-2.1283428310151655
CUST_0822,B,47,F,Electronics,0,59769.42,36,137,7,288.15,0.3331801622372702,0,0.1078512634531408,0.2300019825089306,41.16,14.62,19.33,4,Occasional Shoppers,-2.0113191480682673,-0.30564027918602543
CUST_0823,E,53,M,Beauty,0,26561.89,76,39,11,571.31,0.5232231789642364,1,0.0964876764046596,0.7108315658310319,51.94,157.11,38.78,3,Young Explorers,-0.36734731741680693,-1.8702919510834144
CUST_0824,B,23,F,Beauty,1,35170.97,58,118,5,739.01,0.2357874172619971,1,0.0659519394377407,0.610843679843509,147.8,31.05,20.06,4,Occasional Shoppers,-1.1480819725248548,-0.8769883651066454
CUST_0825,B,50,F,Grocery,3,43087.45,38,115,5,1099.42,0.4757445832312083,1,0.1244888022824811,0.4833071993275534,219.88,47.39,11.54,4,Occasional Shoppers,-1.7853274984368932,-0.7371074783166882
CUST_0826,A,35,M,Sports,1,163062.2,82,28,30,8275.97,0.0192131204193928,8,0.0311845398162145,0.4236747338649166,275.87,8561.35,69.04,2,Premium Loyalists,1.8273116074252886,1.8564906079445693
CUST_0827,D,65,F,Grocery,4,127170.63,22,221,5,5692.94,0.1454119166990282,9,0.2817180534847464,0.5342019794251391,1138.59,128.22,9.14,1,At-Risk High-Value,-1.8939936738390268,2.6553878210266215
CUST_0828,D,69,M,Home,4,132517.71,23,241,4,5293.5,0.0172045463996901,4,0.2538063986143789,0.7018778163169346,1323.38,87.5,10.45,1,At-Risk High-Value,-2.0249242417265494,2.2670586284169967
CUST_0829,A,62,F,Books,1,196945.14,95,5,38,12392.09,0.064752545354086,13,0.02510542000758,0.4997208427003542,326.11,78483.24,102.99,2,Premium Loyalists,4.024632408737208,3.144151722067195
CUST_0830,B,18,M,Sports,4,41113.12,49,68,11,961.68,0.2969342912049369,1,0.0910257566519788,0.5926764751478112,87.43,153.31,23.32,4,Occasional Shoppers,-0.9879970164596492,-0.9365467491953156
CUST_0831,C,44,M,Grocery,0,22722.51,61,17,44,2693.63,0.909813301278566,2,0.2782336691881514,0.7318257030786945,61.22,6584.43,108.52,0,Bargain Hunters,0.40337243267403483,-1.924847742256228
CUST_0832,A,35,F,Home,1,78786.08,78,3,52,9232.97,0.091000224799589,6,0.0043551302383197,0.5160268613127503,177.56,120028.61,144.65,2,Premium Loyalists,3.8856627727183084,1.2078408094797455
CUST_0833,B,25,F,Sports,0,40537.04,50,102,8,983.72,0.3484118376857185,1,0.0496660978835741,0.4034760984353195,122.96,76.41,25.05,4,Occasional Shoppers,-1.2526109655099087,-0.779215928109739
CUST_0834,B,48,M,Home,2,53437.72,54,147,6,858.43,0.4424244775697078,2,0.1078506907578627,0.2789922497776662,143.07,34.8,12.26,4,Occasional Shoppers,-1.668659079811762,-0.35645898287303995
CUST_0835,C,50,F,Beauty,1,34516.51,44,5,34,2961.48,0.7819860170766583,4,0.1317430359412357,0.8094097202272523,87.1,16781.72,101.19,0,Bargain Hunters,0.6786278503096146,-1.5421954636837016
CUST_0836,B,33,F,Sports,0,48578.75,46,174,15,904.46,0.3442036121453979,1,0.0959745364298428,0.5290102218852354,60.3,77.53,41.15,4,Occasional Shoppers,-1.2850265885296746,-0.5660878499596003
CUST_0837,A,35,F,Grocery,1,180579.64,79,22,35,10994.56,0.0146410351914413,13,0.0108081335193645,0.6229993528307748,314.13,16730.85,84.01,2,Premium Loyalists,2.854886440203152,2.5901573902252295
CUST_0838,C,30,F,Electronics,4,37313.48,61,26,53,3109.96,0.7112060448689115,3,0.2163769256100393,0.8854003785782402,58.68,6104.74,115.55,0,Bargain Hunters,1.1122654377039791,-1.5710105844519777
CUST_0839,A,69,M,Beauty,0,162999.64,97,18,37,14407.02,0.0103881792111757,8,0.0253352340239374,0.5761983621954154,389.38,28055.78,91.08,2,Premium Loyalists,3.188048761336336,2.3391694987217235
CUST_0840,C,35,F,Home,5,28906.29,42,21,29,1082.87,0.740752722850321,3,0.123598453491655,0.6223397240886249,37.34,1427.42,60.21,0,Bargain Hunters,-0.30004629824843065,-1.6173174889879611
CUST_0841,B,57,M,Clothing,0,56287.13,52,84,11,739.56,0.3971658980742891,0,0.1226921552495113,0.567118102006214,67.23,95.71,34.53,4,Occasional Shoppers,-1.0856076591597952,-0.9989335830555072
CUST_0842,C,21,F,Beauty,2,37864.62,50,26,55,2913.26,0.7614149253028639,7,0.1601950156267124,0.5519516995437118,52.97,5934.42,118.89,0,Bargain Hunters,1.0234400567334663,-0.9422076250823753
CUST_0843,E,29,F,Beauty,0,17887.91,69,24,10,291.65,0.3236476796535148,0,0.0624224892396402,0.8292652712551193,29.16,116.66,40.75,3,Young Explorers,-0.3037574035045631,-1.9719753863900635
CUST_0844,B,59,F,Electronics,3,60520.39,39,82,4,1092.9,0.2818781236527203,2,0.1526162476912732,0.4948025286602115,273.23,52.67,10.12,4,Occasional Shoppers,-1.6187235858659357,-0.2660274662614586
CUST_0845,C,36,M,Home,0,37602.46,67,12,42,2952.72,0.874877754612647,6,0.1857089675797266,0.609164878534112,70.3,9539.56,104.52,0,Bargain Hunters,0.9087656404287994,-1.3497895086131
CUST_0846,B,38,F,Clothing,4,50510.35,55,119,5,736.16,0.4154543684902567,0,0.1102116973249972,0.4229469155973883,147.23,30.67,7.3,4,Occasional Shoppers,-1.5911472407495384,-0.7762099260871034
CUST_0847,A,51,F,Home,3,172586.64,89,14,48,3099.5,0.0510943319014055,13,0.0115337858898279,0.4661182871434768,64.57,9918.4,103.47,2,Premium Loyalists,2.7207655987535526,1.5834428788559665
CUST_0848,E,46,F,Grocery,2,21729.79,67,42,10,533.88,0.370640280658677,0,0.0935745499504495,0.8680689930347524,53.39,124.16,33.74,3,Young Explorers,-0.4676350267428653,-1.884681648565099
CUST_0849,C,18,M,Grocery,4,35737.16,60,13,49,2627.66,0.941896100871934,2,0.2268292454686614,0.7744322185779152,53.63,9196.81,109.18,0,Bargain Hunters,0.7897192704299848,-1.9438173991759702
CUST_0850,A,26,M,Books,0,200598.36,91,8,40,3101.57,0.0222107656014832,10,0.0260157962264309,0.5960199788646202,77.54,13784.76,104.42,2,Premium Loyalists,2.648063080059338,1.4562566336352434
CUST_0851,C,43,M,Beauty,0,50384.22,69,8,37,1344.75,0.7501595686269261,3,0.2773407302977826,0.5748880020504572,36.34,5528.42,98.0,0,Bargain Hunters,0.2747030030946284,-1.3974005141659218
CUST_0852,C,41,M,Beauty,1,42584.61,57,6,32,1388.16,0.9639119909765756,2,0.1399723062193631,0.7184342549657602,43.38,6345.87,92.04,0,Bargain Hunters,0.35302461834876,-2.1205022136179137
CUST_0853,B,47,F,Home,3,44720.96,46,155,4,569.76,0.4684612188304517,3,0.0776078249988403,0.3314159320133631,142.44,14.61,6.27,4,Occasional Shoppers,-1.776696853239033,-0.4215813273222274
CUST_0854,B,21,M,Home,0,34818.36,42,129,9,236.63,0.3055539754839692,3,0.1007872618114201,0.4953509559045903,26.29,16.38,28.68,4,Occasional Shoppers,-1.429900401533806,-0.5904065364733257
CUST_0855,B,47,M,Clothing,4,33108.36,51,129,5,977.5,0.281241174715033,2,0.1483204893303265,0.2778077835797756,195.5,37.6,4.33,4,Occasional Shoppers,-1.8758892147766768,-0.24515313841537997
CUST_0856,D,45,F,Books,1,107657.26,32,216,5,3172.89,0.0256590118477899,12,0.3424484754292666,0.5385788345235476,634.58,73.11,18.23,1,At-Risk High-Value,-1.8071828850066076,2.4773345516158973
CUST_0857,E,23,M,Beauty,0,22595.06,81,8,11,219.9,0.5284744950673179,0,0.0134889674845839,0.6868250485883745,19.99,268.77,48.24,3,Young Explorers,0.023638640478654476,-2.2762659870509077
CUST_0858,B,47,M,Clothing,5,57549.38,41,79,12,552.79,0.2367719676955433,2,0.0642071173895126,0.2128080294473598,46.07,82.92,14.52,4,Occasional Shoppers,-1.3743273624000951,-0.1851031474177666
CUST_0859,A,47,F,Clothing,5,156744.26,82,30,38,7079.01,0.0918907564222036,11,0.0323134430551924,0.6220233508462163,186.29,8677.5,76.77,2,Premium Loyalists,2.3206565992108583,1.6315736516580308
CUST_0860,E,42,F,Clothing,3,17017.75,67,9,21,646.2,0.6106052837506177,1,0.0,0.9456927119148628,30.77,1357.02,63.02,3,Young Explorers,0.4707707115631674,-2.501038398788505
CUST_0861,B,25,M,Clothing,2,53289.34,44,99,12,287.71,0.3074349527610026,2,0.1264854483905581,0.343190946826288,23.98,34.53,25.87,4,Occasional Shoppers,-1.4277423244563163,-0.40469011025205404
CUST_0862,B,41,F,Grocery,3,40346.05,51,68,12,252.85,0.4794052166146443,2,0.1223748430874848,0.3204091358091824,21.07,43.97,22.88,4,Occasional Shoppers,-1.2955705643354043,-0.8911738681019056
CUST_0863,A,45,F,Grocery,2,82097.11,96,7,31,4354.11,0.0722937247846073,14,0.0134489583924376,0.5625576044640612,140.46,16872.18,81.54,2,Premium Loyalists,2.311857618627431,0.8527068028209795
CUST_0864,C,32,M,Home,3,41424.39,39,4,38,2344.96,0.9063289005411328,5,0.2654423899060468,0.4985946155558757,61.71,17821.7,101.97,0,Bargain Hunters,0.09199330281528044,-1.0750674155786284
CUST_0865,D,39,F,Grocery,3,119142.91,11,288,1,5700.83,0.0585253904109265,11,0.3808475424556165,0.5343352508951961,5700.83,19.73,4.03,1,At-Risk High-Value,-3.455468999539002,4.745132947247495
CUST_0866,A,66,F,Beauty,5,173432.99,91,4,42,12460.82,0.1099070465709174,13,0.0083518013703499,0.6141954178870556,296.69,104670.89,106.28,2,Premium Loyalists,4.45274815055777,2.8987594465793918
CUST_0867,B,37,F,Home,1,34736.81,55,124,9,1088.88,0.5058272766833737,2,0.050349516854688,0.2302438954190469,120.99,78.4,20.41,4,Occasional Shoppers,-1.394522293911618,-0.7197276757116258
CUST_0868,E,39,M,Home,0,16001.54,67,51,16,487.94,0.5936267077202065,1,0.0369704284074578,0.986111433517627,30.5,150.14,53.68,3,Young Explorers,0.0241012190637129,-2.3836407746872097
CUST_0869,B,36,F,Books,2,44075.01,34,101,11,803.52,0.2402470387401388,2,0.1041947126312249,0.2068355497141648,73.05,86.65,21.13,4,Occasional Shoppers,-1.7136886744444524,-0.1309200680304042
CUST_0870,E,41,M,Beauty,0,26184.14,67,22,13,799.39,0.8040402964105671,1,0.0353712189967912,0.7471514504455173,61.49,451.83,45.49,3,Young Explorers,-0.18524223165185608,-2.3747889386701604
CUST_0871,B,18,F,Books,0,31561.23,60,109,13,403.73,0.2251287508988563,1,0.1302426304149821,0.3137560922682736,31.06,47.71,33.19,4,Occasional Shoppers,-1.2868884851000657,-0.6186756787487336
CUST_0872,D,36,M,Sports,0,132530.8,30,318,5,6853.06,0.1035175417475939,9,0.2614404060760322,0.5218748614905782,1370.61,107.41,20.75,1,At-Risk High-Value,-1.9456429605188676,3.1664211816446444
CUST_0873,E,33,F,Home,4,19650.01,73,50,20,448.57,0.6217354095259301,1,0.0828244672432422,0.8746612272881796,22.43,175.91,47.49,3,Young Explorers,-0.021158817218682933,-2.226896096559108
CUST_0874,C,42,M,Beauty,3,38802.53,42,41,42,1241.01,1.0,7,0.2125092666857455,0.4219513837507713,29.55,1241.01,85.88,0,Bargain Hunters,-0.1298834822268868,-1.1455020533435123
CUST_0875,B,59,F,Beauty,2,57327.19,41,62,14,847.86,0.4839117828633024,3,0.1447004011827577,0.4625868322001059,60.56,188.41,32.86,4,Occasional Shoppers,-1.1144176892491728,-0.6633832911124228
CUST_0876,B,42,F,Grocery,1,52509.32,53,133,10,583.56,0.3779130456422804,1,0.0660309179190341,0.4676774560203253,58.36,43.55,27.11,4,Occasional Shoppers,-1.2137817428162772,-0.7399604110917806
CUST_0877,A,38,F,Clothing,0,157599.8,86,15,41,12830.37,0.0164760958134164,9,0.0457002895472966,0.5626318923528856,312.94,32877.82,99.92,2,Premium Loyalists,3.085600714994891,2.3034196318495597
CUST_0878,A,30,F,Grocery,1,180811.56,78,8,47,7071.55,0.0120292310820935,11,0.0243925153140076,0.6482609132675169,150.46,36929.21,116.47,2,Premium Loyalists,3.2263005642756144,1.9720126880017914
CUST_0879,B,52,F,Grocery,2,61206.89,44,98,3,957.37,0.2460931067602453,2,0.1444295564901284,0.5591571249243958,319.12,29.01,12.2,4,Occasional Shoppers,-1.5367449303211858,-0.2779456179946197
CUST_0880,D,27,F,Grocery,3,143506.35,11,315,2,4664.71,0.1289257755060674,10,0.3886491884264939,0.5658695690796861,2332.36,29.52,6.63,1,At-Risk High-Value,-2.9432226705738294,3.6600853523815933
CUST_0881,E,40,F,Clothing,1,16136.95,67,19,11,345.9,0.5541145395164366,0,0.0787042510709037,0.9606518211952442,31.45,190.24,43.48,3,Young Explorers,-0.22672604945188077,-2.4348042258999265
CUST_0882,C,48,F,Home,5,33202.41,49,21,29,1190.13,0.8846517435237198,5,0.2016881004243747,0.7116597121763345,41.04,1568.81,62.0,0,Bargain Hunters,-0.19257009805592656,-1.6201555742893372
CUST_0883,D,34,M,Books,2,141655.16,15,304,4,7854.11,0.1170705771005885,2,0.3509878184881805,0.2982165540183248,1963.53,103.0,8.29,1,At-Risk High-Value,-3.074409897428436,3.2960233244206134
CUST_0884,C,33,M,Grocery,6,39546.66,69,24,57,1654.75,0.8629944319423027,5,0.2789140994670543,0.4650022733099598,29.03,3772.83,109.47,0,Bargain Hunters,0.7225573275641142,-1.2575440223609278
CUST_0885,B,33,M,Clothing,1,51871.07,43,162,8,302.23,0.2105067482611309,1,0.1042518955631677,0.4862441466017517,37.78,14.83,23.34,4,Occasional Shoppers,-1.6341971299691376,-0.35210493079754746
CUST_0886,E,37,F,Clothing,2,17146.46,65,37,18,301.2,0.4080354378605983,0,0.0773478925521675,0.8851983688977484,16.73,142.67,50.41,3,Young Explorers,-0.16079311887499,-2.076500996674756
CUST_0887,C,37,F,Beauty,3,40100.66,40,11,36,1544.36,0.7226858394680402,4,0.2543921109204719,0.8165054622568904,42.9,4633.08,88.42,0,Bargain Hunters,0.026547401499860023,-1.4143609513022366
CUST_0888,C,57,M,Home,2,41078.11,49,22,52,1820.04,0.7878366602622138,5,0.2466941405280315,0.8810505043321223,35.0,4114.87,120.17,0,Bargain Hunters,0.8399205667099352,-1.5200357192126297
CUST_0889,B,38,F,Beauty,1,49938.82,41,96,4,326.58,0.3207805694819272,0,0.0711906296417822,0.2678070812389096,81.64,13.47,11.4,4,Occasional Shoppers,-1.7980790810553788,-0.5980469333764389
CUST_0890,A,21,F,Beauty,7,130584.78,91,11,30,5180.03,0.0589545767393028,10,0.0445031873555809,0.4775134060793602,172.67,12950.08,57.64,2,Premium Loyalists,1.8555132780489674,1.2463111538240756
CUST_0891,D,38,F,Electronics,5,94961.21,16,310,2,6488.73,0.0812113865980647,6,0.1749940035333167,0.4048106803325773,3244.36,41.73,0.0,1,At-Risk High-Value,-2.846367166836376,3.2399148102041466
CUST_0892,D,59,F,Clothing,3,115841.88,21,182,3,7795.8,0.0093095709345261,7,0.2843230077852615,0.3542306479108705,2598.6,127.8,4.63,1,At-Risk High-Value,-2.27166006352031,3.3228892938351793
CUST_0893,B,34,M,Books,2,44517.52,51,158,6,1166.75,0.3245439677630739,0,0.1053202333255269,0.2562108946456347,194.46,44.03,11.76,4,Occasional Shoppers,-1.883309692980943,-0.3346054812346375
CUST_0894,B,33,F,Clothing,0,51484.14,57,102,3,405.08,0.2786992141618452,1,0.1106707766706926,0.261073085567055,135.03,11.8,12.2,4,Occasional Shoppers,-1.6321734587521886,-0.4309832822294092
CUST_0895,B,46,F,Beauty,1,49213.86,61,84,10,1020.03,0.3197330111283801,2,0.1173367946463907,0.4736018479801411,102.0,120.0,27.66,4,Occasional Shoppers,-0.9632823568961983,-0.6718587893817055
CUST_0896,D,22,F,Beauty,1,84673.6,12,325,3,2216.14,0.1491008515050566,3,0.3702706613364225,0.5400031373648744,738.71,20.39,14.11,1,At-Risk High-Value,-3.3393151284389595,1.6663134277427596
CUST_0897,B,34,M,Clothing,0,46082.41,45,76,7,703.19,0.3572673706691479,0,0.1273063587429678,0.5257207019952584,100.46,63.93,25.83,4,Occasional Shoppers,-1.4100509137588177,-0.9510906530152855
CUST_0898,D,54,M,Beauty,3,79326.82,27,338,3,2710.05,0.0295392735788157,5,0.3092671150585635,0.5843853743596266,903.35,23.98,8.98,1,At-Risk High-Value,-2.8398753878167753,1.9170878041580262
CUST_0899,B,40,F,Beauty,1,39808.52,35,153,11,528.09,0.3666454380331135,1,0.0923597182951384,0.2214488463301019,48.01,37.72,24.08,4,Occasional Shoppers,-1.9248143522218126,-0.37049054747725224
CUST_0900,A,46,M,Home,2,168119.84,90,7,77,10898.83,0.0994200079350203,11,0.0102719849127708,0.5877215618367795,141.54,104901.24,174.04,2,Premium Loyalists,5.3960077549820324,2.423358695254632
CUST_0901,C,35,F,Beauty,2,31720.97,52,5,42,799.59,0.8972055483453892,5,0.244569395382426,0.795813763415537,19.04,5597.13,113.92,0,Bargain Hunters,0.533077086159553,-1.843307849305598
CUST_0902,C,21,F,Electronics,6,34020.29,51,29,59,881.25,0.9341966142095603,6,0.1824589664689951,0.5865322131021894,14.94,1733.12,115.18,0,Bargain Hunters,0.8180264259654593,-1.5522626076116977
CUST_0903,E,44,F,Grocery,2,16735.23,85,9,19,287.5,0.8023076094321054,1,0.0696800210218527,0.7110285167519315,15.13,546.25,57.33,3,Young Explorers,0.2098445269599062,-2.5951886089605276
CUST_0904,A,35,M,Books,0,164534.33,84,17,53,4065.63,0.0244062511027217,13,0.0124397466500664,0.7260137252757314,76.71,11971.02,126.4,2,Premium Loyalists,3.1766234968154046,1.3867427124501586
CUST_0905,A,44,F,Books,1,144603.17,81,3,37,14138.19,0.0285234582996626,12,0.0059505047053852,0.6487221363017142,382.11,130778.26,117.31,2,Premium Loyalists,4.511407861176965,2.9899911100227814
CUST_0906,E,45,F,Beauty,0,15851.86,80,41,12,511.45,0.7862250978595009,0,0.0094396355456132,0.9420182708018272,42.62,146.13,45.28,3,Young Explorers,0.08024634514457514,-2.8467078027222836
CUST_0907,E,31,M,Grocery,4,16658.29,93,27,23,452.29,0.4414512276471624,0,0.0687548678124442,0.7543631687756737,19.66,371.52,52.79,3,Young Explorers,0.38735198070750254,-2.1789295003078313
CUST_0908,A,42,F,Beauty,1,199485.54,93,1,40,10055.29,0.0561392559865531,6,0.0346333844117461,0.4413168242384181,251.38,201105.8,185.83,2,Premium Loyalists,5.39723181105282,2.9312564424083747
CUST_0909,C,30,F,Electronics,0,29257.84,40,1,37,2047.83,0.6702598165124678,7,0.2214434751239548,0.7590042835982707,55.35,37884.85,189.18,0,Bargain Hunters,1.4374054846167157,-1.016476878531295
CUST_0910,C,75,M,Beauty,5,45261.06,56,6,47,2059.66,0.6452806773398131,5,0.1704825646005327,0.7098249295168081,43.82,13829.15,109.86,0,Bargain Hunters,1.0682309517506277,-1.1740097061062227
CUST_0911,C,47,F,Grocery,1,33084.45,65,33,23,3050.01,0.6187597001473427,3,0.2046191749102788,0.7089780181994665,132.61,2063.24,60.21,0,Bargain Hunters,-0.10606159177360448,-1.2751533460589664
CUST_0912,E,74,M,Grocery,2,31515.84,76,53,15,738.16,0.7197429638143086,0,0.030391150246422,0.7724282869031827,49.21,205.04,41.34,3,Young Explorers,-0.1124336389971465,-2.289243662013764
CUST_0913,C,40,M,Grocery,1,25806.64,46,9,30,2638.57,0.598934030824731,7,0.1799605994637105,0.8239734057056075,87.95,7915.71,84.59,0,Bargain Hunters,0.40689507487731846,-1.0934498101424184
CUST_0914,D,38,F,Sports,3,141912.83,15,308,3,5405.3,0.1237748987680962,10,0.3596254940935998,0.4431308167183522,1801.77,52.48,6.19,1,At-Risk High-Value,-2.7226389030833142,3.611783460724501
CUST_0915,A,54,F,Beauty,1,193933.4,80,15,62,15261.68,0.0878853542592026,6,0.0013528021165166,0.4407733238920948,246.16,59139.01,136.48,2,Premium Loyalists,4.124850119318033,2.7148254359785304
CUST_0916,B,37,M,Books,0,47584.51,47,120,2,447.51,0.4824709065005917,0,0.095789335003268,0.5350331819595,223.76,7.4,15.53,4,Occasional Shoppers,-1.6749393210304542,-1.0251881933695335
CUST_0917,A,39,M,Books,2,116148.1,93,1,44,7884.86,0.0604169468947795,7,0.0422432018078512,0.6081721534259977,179.2,173466.92,194.16,2,Premium Loyalists,5.029518826406429,1.6696457068946362
CUST_0918,C,26,F,Clothing,2,26488.33,66,42,59,1220.02,0.6640368073610647,3,0.2503318692378004,0.830960295996529,20.68,1673.98,131.0,0,Bargain Hunters,1.0147654691776453,-1.744307141813393
CUST_0919,D,49,F,Books,1,78406.16,33,254,4,7220.7,0.059970156064998,3,0.1793722910212159,0.3943765422324108,1805.18,113.27,13.28,1,At-Risk High-Value,-2.1833577243918048,2.155782834219976
CUST_0920,E,50,F,Sports,1,31548.28,91,35,12,599.34,0.785932258822545,0,0.0743259925888403,1.0,49.94,199.78,43.86,3,Young Explorers,0.21620346535338758,-2.7451723202652065
CUST_0921,D,45,F,Beauty,3,117684.11,8,219,3,7341.66,0.0670097816086894,10,0.3199952040307127,0.4890924907381694,2447.22,100.11,7.24,1,At-Risk High-Value,-2.4174896270589588,3.541841151388335
CUST_0922,D,46,M,Sports,1,139685.46,25,228,1,1939.44,0.1098778437622808,4,0.1926351145788824,0.4155428366496166,1939.44,8.47,7.75,1,At-Risk High-Value,-2.4914997089286484,2.195955895817782
CUST_0923,B,36,F,Beauty,1,38677.5,49,121,5,586.82,0.3072709697052238,2,0.0951472172663439,0.5286639315352755,117.36,24.05,18.4,4,Occasional Shoppers,-1.424611724653268,-0.6831553389926139
CUST_0924,B,53,M,Home,0,46592.29,44,137,3,511.81,0.4922973165023862,2,0.0636382041263359,0.2394328011996075,170.6,11.13,11.52,4,Occasional Shoppers,-1.8597581622164452,-0.516086768125831
CUST_0925,A,32,F,Beauty,4,111259.91,91,20,39,10734.85,0.0902515304439759,8,0.0339524302886663,0.5731364774727811,275.25,19936.15,82.46,2,Premium Loyalists,2.555813347820463,1.3621828994627145
CUST_0926,E,43,M,Clothing,4,19074.55,62,13,10,484.0,0.4302928421969078,0,0.0108446020527967,0.8840510277386014,48.4,345.71,33.37,3,Young Explorers,-0.205077494052773,-2.1751123618332895
CUST_0927,B,43,F,Home,2,35928.27,40,166,9,584.95,0.3008314609123442,1,0.069164951538986,0.5159265906262622,64.99,31.52,22.92,4,Occasional Shoppers,-1.6000654721346859,-0.6336185758944192
CUST_0928,C,40,F,Books,3,26636.33,55,4,50,2842.88,0.9382530538156224,7,0.2344208608605536,0.7095565390564829,56.86,28428.8,130.19,0,Bargain Hunters,1.2946075917140951,-1.3562761745781926
CUST_0929,C,35,M,Grocery,0,42500.53,54,36,26,1028.2,0.7307105075604944,6,0.1284174472298924,0.4790300192949745,39.55,722.52,64.36,0,Bargain Hunters,-0.17923616694889144,-1.1012495391072132
CUST_0930,E,69,F,Clothing,3,16815.51,74,3,22,118.62,0.5409174435309195,0,0.0030997531435781,0.8141678931707469,5.39,652.41,84.62,3,Young Explorers,0.596693062260579,-2.495856350272614
CUST_0931,D,48,M,Sports,0,91742.09,20,340,3,7696.61,0.0849512156922736,11,0.1685800404548223,0.5788776148285675,2565.54,67.71,17.87,1,At-Risk High-Value,-2.1329851355489002,3.4193126016695157
CUST_0932,D,46,F,Beauty,3,88021.57,15,181,4,2865.76,0.0527644858541033,5,0.3672417712998104,0.4072697015220816,716.44,62.98,7.7,1,At-Risk High-Value,-2.7180931803584163,1.77862377622866
CUST_0933,C,39,M,Beauty,1,47527.65,58,29,34,2467.33,0.769442724066809,5,0.279980118724181,0.4231367921132968,72.57,2796.31,76.91,0,Bargain Hunters,-0.20724621258224252,-0.8200143399034715
CUST_0934,E,35,F,Grocery,5,13934.48,63,6,13,589.2,0.5598623590572327,1,0.0425540194840059,0.979015537594724,45.32,1094.23,47.25,3,Young Explorers,0.05380440465992174,-2.3943641973989145
CUST_0935,A,31,M,Electronics,2,155735.61,78,19,36,7412.9,0.0832512816889005,14,0.0177260859977339,0.6422044874672441,205.91,13343.22,84.11,2,Premium Loyalists,2.568001354852108,1.9126554679266266
CUST_0936,B,18,F,Clothing,3,48884.66,39,144,10,196.88,0.4895182950264297,1,0.1462152048250507,0.3398965821968938,19.69,13.58,18.49,4,Occasional Shoppers,-1.9162853072844475,-0.6008450811817602
CUST_0937,A,32,F,Beauty,1,93324.47,93,27,67,14803.23,0.0695533536260366,14,0.0381436706794159,0.6406656533342814,220.94,35422.01,147.52,2,Premium Loyalists,4.384386653360114,2.1590535435560643
CUST_0938,C,33,M,Beauty,1,36278.96,66,14,26,1542.37,0.6524665211849511,6,0.1793157908733871,0.4779442245516257,59.32,2673.44,65.7,0,Bargain Hunters,0.02255849010322943,-1.0431434872708467
CUST_0939,A,33,F,Sports,0,127566.12,77,15,53,4566.78,0.0335317559482945,7,0.0304894372309909,0.4978438201725649,86.17,15127.46,122.62,2,Premium Loyalists,2.398831914037072,0.8467046504619496
CUST_0940,C,45,F,Grocery,0,44960.76,63,35,39,979.48,0.6496818527558422,4,0.1464406474507075,0.7827434848673913,25.11,1061.1,96.51,0,Bargain Hunters,0.6299502029662596,-1.5535843390361064
CUST_0941,E,18,M,Sports,1,23981.63,70,29,12,291.1,0.559494410335911,1,0.0913360214956397,0.8081765691638869,24.26,116.44,40.61,3,Young Explorers,-0.3127640615602677,-2.086869652644935
CUST_0942,D,46,F,Beauty,0,114771.61,32,210,3,3958.52,0.1269856998772001,5,0.1645165443330311,0.4970218416322919,1319.51,56.28,16.42,1,At-Risk High-Value,-1.8381271733464468,1.814829981268374
CUST_0943,B,52,F,Books,3,33588.64,46,59,7,568.41,0.2288426654603287,2,0.1452768584959889,0.3222476534459634,81.2,66.31,13.14,4,Occasional Shoppers,-1.5598969897824282,-0.4970913975277385
CUST_0944,C,35,M,Books,1,42205.29,52,38,37,2797.66,0.9554816276781538,5,0.161337008505109,0.7463305483267403,75.61,2654.19,88.56,0,Bargain Hunters,0.4082835719966387,-1.5574405809446323
CUST_0945,C,30,F,Grocery,3,33646.95,49,25,52,2869.66,0.9582219833947636,5,0.289703901257722,0.9081097429721724,55.19,5739.32,117.16,0,Bargain Hunters,0.7604216439546461,-1.662462669425746
CUST_0946,E,38,F,Sports,0,20042.35,82,22,19,210.86,0.7006716673412968,0,0.0553595126262415,0.979061139106371,11.1,174.19,62.13,3,Young Explorers,0.3749386962212676,-2.7914771375467216
CUST_0947,E,37,M,Clothing,3,27972.97,60,12,22,549.99,0.4590895126035037,1,0.0989469307488697,0.743965486707394,25.0,930.75,58.21,3,Young Explorers,-0.0794252429730826,-1.78633577636446
CUST_0948,E,44,M,Home,0,31248.64,75,25,8,403.0,0.3652480988756052,0,0.0711111805549439,0.6901117334702633,50.38,124.0,33.8,3,Young Explorers,-0.41002668330265457,-1.7555700261491138
CUST_0949,C,45,F,Home,0,24039.34,60,39,20,2070.04,0.6711411017470302,7,0.2410270119781153,0.829159028090257,103.5,1035.02,59.15,0,Bargain Hunters,-0.17720343119315157,-1.2099991167755377
CUST_0950,E,42,F,Electronics,4,25418.97,60,56,23,473.67,0.5538871502910397,1,0.051959563062675,0.9619321530531314,20.59,191.13,55.02,3,Young Explorers,0.057926660435708544,-2.1153742504793467
CUST_0951,C,44,M,Home,0,30153.03,56,40,27,1720.43,0.8615884188339223,2,0.1152627767750706,0.5020811233864629,63.72,1132.97,66.54,0,Bargain Hunters,-0.29308008381292994,-1.7465795707002782
CUST_0952,A,50,F,Clothing,0,175173.34,100,6,29,11489.06,0.0893755793672941,9,0.0460012157780087,0.5836646436616181,396.17,47597.53,86.34,2,Premium Loyalists,3.1122239780567846,2.2016352937020045
CUST_0953,C,49,F,Sports,0,24312.17,48,13,37,948.73,0.7342316509797683,3,0.2719825754270862,0.8220123007596652,25.64,2507.36,98.13,0,Bargain Hunters,0.004555372533297169,-1.8064789678720379
CUST_0954,A,46,F,Electronics,2,119817.18,96,2,40,13287.52,0.0196347340795348,9,0.0472306230410947,0.4418891934771935,332.19,177166.93,132.84,2,Premium Loyalists,4.8423819320392925,2.811889953787659
CUST_0955,D,35,M,Books,1,87675.98,11,297,5,7969.7,0.0056571990302918,9,0.3872472198666785,0.3805384299041441,1593.94,133.72,14.95,1,At-Risk High-Value,-2.7918793694589796,3.4682593081078017
CUST_0956,D,39,F,Home,3,82392.9,28,363,1,2552.51,0.1134000054275939,8,0.1636093231837821,0.5791670466089247,2552.51,7.01,4.86,1,At-Risk High-Value,-2.7442946657954232,2.4982152803479627
CUST_0957,E,46,F,Clothing,0,22620.37,74,5,11,136.4,0.6996704529212081,1,0.0884491144592874,0.7542216353365785,12.4,250.07,57.08,3,Young Explorers,-0.12663123790379555,-2.3843674310475373
CUST_0958,A,66,F,Books,5,117372.87,92,27,72,11653.36,0.0684876685470939,12,0.0056743738311937,0.5470568731799379,161.85,29965.78,143.64,2,Premium Loyalists,4.1858146803120455,1.9008246329058964
CUST_0959,A,45,F,Clothing,1,163585.66,99,1,58,3225.81,0.0323144999998189,13,0.0346506256011153,0.5285248085833153,55.62,93548.49,200.0,2,Premium Loyalists,4.742995786014987,1.769922889716686
CUST_0960,E,42,M,Clothing,0,21753.69,92,41,23,403.42,0.6648989471194108,1,0.0282379558757039,0.9854923953577668,17.54,220.92,68.15,3,Young Explorers,0.7572679381151517,-2.6592619163188433
CUST_0961,A,31,M,Books,4,128765.04,93,10,64,13775.91,0.0901983573854131,7,0.0115388349417343,0.574019027896055,215.25,80150.75,137.48,2,Premium Loyalists,4.476841357180153,1.9379222949212813
CUST_0962,B,41,F,Books,4,41673.8,47,65,6,584.5,0.3513834025258821,0,0.0818709170426825,0.2946548222906333,97.42,53.14,7.43,4,Occasional Shoppers,-1.5714945042285924,-0.8142936172543243
CUST_0963,C,64,M,Clothing,2,48744.25,65,38,36,2126.74,0.8492620593787474,4,0.1525902801409156,0.4385586666255585,59.08,1963.14,77.4,0,Bargain Hunters,0.2005828879483658,-1.2626404256725428
CUST_0964,A,29,M,Clothing,2,104865.74,96,17,48,7416.52,0.0531148513149363,6,0.0027869735023542,0.5991092194208278,154.51,19777.39,107.86,2,Premium Loyalists,2.7797963807449904,0.6283183815959074
CUST_0965,D,23,M,Home,3,119783.78,22,220,4,4910.35,0.1497055188155743,8,0.2315663661631187,0.4476215070947789,1227.59,88.88,8.41,1,At-Risk High-Value,-2.019841048071188,2.4483887457666245
CUST_0966,D,29,F,Electronics,1,146288.34,25,279,1,5349.58,0.066015561049969,10,0.3845099839614398,0.3960078862977967,5349.58,19.11,7.28,1,At-Risk High-Value,-3.2458737313291732,4.766754585443073
CUST_0967,C,46,F,Beauty,0,34809.38,46,26,43,1377.86,0.6011418238286539,6,0.207713847514628,0.6790101866574928,32.04,2194.37,103.43,0,Bargain Hunters,0.3742263791865012,-1.069660837607161
CUST_0968,B,34,M,Home,0,46575.03,50,78,12,398.06,0.3618239003491116,0,0.1080190977896408,0.3207283300759659,33.17,60.46,31.7,4,Occasional Shoppers,-1.3295813921293174,-0.8416661245765216
CUST_0969,A,47,F,Clothing,2,157930.47,82,11,37,9366.12,0.0500133345024825,8,0.0483514383277782,0.586799565787259,253.14,28878.87,88.83,2,Premium Loyalists,2.566879925220362,1.7661860099574638
CUST_0970,B,38,M,Grocery,5,57806.1,39,111,8,729.23,0.3290018039270301,0,0.1022666565728826,0.4115728973367203,91.15,52.09,10.13,4,Occasional Shoppers,-1.6756184991756984,-0.5210806495037446
CUST_0971,B,18,M,Grocery,2,44213.19,41,91,7,1145.28,0.3596782979724277,2,0.0741209417320748,0.4636054527458239,163.61,87.14,18.37,4,Occasional Shoppers,-1.3583945794855798,-0.6283399810016744
CUST_0972,E,47,M,Grocery,2,23383.02,63,36,9,395.07,0.4561587191203335,0,0.0383962149025026,0.8859776249314409,43.9,96.1,32.5,3,Young Explorers,-0.39012512173307373,-2.0966440041331937
CUST_0973,A,52,F,Home,3,97758.21,82,5,36,5491.41,0.0764822879691139,10,0.0182146731944153,0.4438875908436462,152.54,32948.46,91.88,2,Premium Loyalists,2.2431661744321763,1.0388267833174252
CUST_0974,B,18,F,Books,0,53384.86,51,143,13,1093.41,0.3984680382747254,0,0.1468342971278955,0.3074587365281764,84.11,98.71,32.85,4,Occasional Shoppers,-1.5742923564853126,-0.4797095180581256
CUST_0975,E,18,F,Sports,3,32293.33,88,4,24,472.06,0.6393452116128138,1,0.0450449498650391,0.7398962364561041,19.67,2265.89,78.8,3,Young Explorers,0.7637396973720944,-2.293939282957335
CUST_0976,B,25,M,Electronics,4,44299.4,60,107,13,499.09,0.4900675799307282,1,0.0919901453642937,0.429382223485317,38.39,60.08,23.52,4,Occasional Shoppers,-1.0959536556228215,-1.021799926623968
CUST_0977,A,40,F,Grocery,3,141771.8,74,17,30,6290.12,0.0362554494824831,10,0.03189267884896,0.7259119710742945,209.67,10483.53,71.4,2,Premium Loyalists,1.9694718955119666,1.3024179998506347
CUST_0978,D,69,M,Sports,3,83407.48,19,306,3,6674.08,0.1969476151828826,3,0.2191470307255041,0.5882231632021339,2224.69,65.22,9.09,1,At-Risk High-Value,-2.683575486691854,2.187029405647086
CUST_0979,E,38,M,Home,1,16753.07,63,61,9,526.41,0.4929780575366028,0,0.011954386939515,0.8124399441933395,58.49,76.41,32.89,3,Young Explorers,-0.5020561902912153,-2.077367411968042
CUST_0980,C,20,M,Beauty,1,45586.37,48,32,54,1286.13,0.9022364826228558,2,0.109342433239188,0.4524627271982743,23.82,2104.58,117.17,0,Bargain Hunters,0.5608717633043728,-1.68638345849186
CUST_0981,B,29,M,Electronics,1,34831.89,42,66,7,537.22,0.3275052456888127,2,0.1051645818541886,0.3147902031017254,76.75,56.13,18.81,4,Occasional Shoppers,-1.5344773444415105,-0.6488342794965203
CUST_0982,A,25,F,Sports,3,80161.39,85,24,39,5822.03,0.0349625982499512,15,0.0429623569942933,0.6988390606110194,149.28,9082.37,87.14,2,Premium Loyalists,2.3991340169888327,1.1125269237658573
CUST_0983,E,58,F,Sports,2,33798.26,70,4,21,212.98,0.4207743618169913,0,0.0254470273254831,0.8233674888271145,10.14,894.52,77.47,3,Young Explorers,0.46699032504219834,-2.1044424093221257
CUST_0984,B,30,F,Home,4,36296.36,50,167,5,753.59,0.3006569196362735,2,0.1245643691876091,0.5079647967400049,150.72,22.43,8.76,4,Occasional Shoppers,-1.718309751925115,-0.4420357259599057
CUST_0985,A,35,F,Books,2,104155.69,97,21,38,5480.93,0.0962292907226722,9,0.0057160654046879,0.6147436740815878,144.24,9467.06,87.06,2,Premium Loyalists,2.3332717755735697,0.5912374862782805
CUST_0986,B,56,F,Beauty,1,54824.27,54,126,10,850.13,0.2585457430074999,2,0.0575600902679101,0.3424732553116189,85.01,66.94,24.64,4,Occasional Shoppers,-1.189362892542771,-0.3154093602348288
CUST_0987,B,43,F,Home,0,33313.43,62,87,5,302.66,0.242825527380159,1,0.0584979355111032,0.5081610795537127,60.53,17.2,21.31,4,Occasional Shoppers,-1.0675077831663662,-1.0060821005261251
CUST_0988,E,52,F,Home,6,24384.62,67,31,9,353.07,0.4480186378108615,0,0.0290131308495935,0.7406052524285666,39.23,99.3,18.04,3,Young Explorers,-0.48456551356302474,-1.9406005046189205
CUST_0989,C,53,F,Beauty,3,25193.63,41,4,51,1904.68,0.7395639862349959,7,0.2811587774518727,0.676699107620144,37.35,19427.74,131.53,0,Bargain Hunters,0.8047197141897772,-1.052153629990466
CUST_0990,B,61,F,Books,3,39071.05,56,127,6,327.19,0.4735837024068556,1,0.1427391783948608,0.541467757411387,54.53,15.34,14.62,4,Occasional Shoppers,-1.522051156045685,-1.0230735179831156
CUST_0991,A,26,M,Clothing,0,85473.13,85,11,31,10886.42,0.0966504154664086,5,0.0042723474569235,0.4394641117405713,351.17,28123.25,79.88,2,Premium Loyalists,2.0602263465551225,1.0082976643630202
CUST_0992,E,51,M,Beauty,1,19015.46,66,60,16,514.57,0.3448588908966649,1,0.0933555257196509,0.762250497819828,32.16,134.97,45.91,3,Young Explorers,-0.38600046914406955,-1.6270687223343023
CUST_0993,A,50,M,Grocery,0,103773.76,86,23,76,7302.69,0.0509100348527012,10,0.0065875593309888,0.6320706184036946,96.09,23125.18,168.99,2,Premium Loyalists,3.8874917028512583,0.97056075351397
CUST_0994,C,42,M,Electronics,0,22565.61,56,36,57,1331.06,0.8911734472978285,6,0.1733164323999618,0.7540135274992908,23.35,2050.55,131.86,0,Bargain Hunters,1.085373019405495,-1.7977876742924317
CUST_0995,E,45,F,Electronics,0,17951.03,71,13,24,165.98,0.5513237896103127,0,0.0259461202456573,0.7451818952139256,6.92,284.54,70.6,3,Young Explorers,0.27537247666097475,-2.3524938040021364
CUST_0996,A,43,M,Electronics,5,104867.46,93,2,55,5054.07,0.0536933963461579,12,0.0047890803363935,0.5350558323329373,91.89,92657.95,155.7,2,Premium Loyalists,4.202539148419957,1.3521445529491425
CUST_0997,E,57,M,Clothing,2,34258.66,83,32,23,605.58,0.6680980655600135,0,0.0232535169901617,0.8469033611790275,26.33,422.07,60.06,3,Young Explorers,0.487846634903498,-2.4262019863494557
CUST_0998,B,42,F,Beauty,0,48769.96,41,150,6,1106.33,0.4804455465440327,0,0.12808646050003,0.3700262572511282,184.39,43.96,20.07,4,Occasional Shoppers,-1.9433080212196279,-0.604513319781675
CUST_0999,C,44,F,Beauty,5,42514.74,48,5,26,707.69,0.6982472555921178,8,0.1728802973179881,0.6335443185239302,27.22,3066.66,69.67,0,Bargain Hunters,0.0663892998957346,-1.027287829486331
CUST_1000,A,25,M,Home,2,111530.0,77,28,44,6918.75,0.0504176743452195,11,0.0037549056531807,0.7428518383992524,157.24,10497.41,100.43,2,Premium Loyalists,2.5757840428550827,1.0723734790285158
CUST_1001,B,52,F,Books,2,44345.68,58,157,8,297.67,0.3911716585243786,2,0.0782824774610163,0.4781170429336316,37.21,15.07,20.2,4,Occasional Shoppers,-1.3180216282478026,-0.7163972101064912
CUST_1002,B,41,M,Clothing,5,56761.99,67,117,6,756.29,0.4633345029697073,2,0.1369770927033934,0.4678213687800979,126.05,38.46,7.21,4,Occasional Shoppers,-1.2616615464835008,-0.6905735542510091
CUST_1003,C,18,F,Clothing,4,45426.54,66,33,31,511.74,0.7853535190496488,2,0.1496640708355592,0.675067993048744,16.51,466.59,66.53,0,Bargain Hunters,0.05865740963372078,-1.8442352602442553
CUST_1004,C,48,M,Clothing,0,30962.25,59,18,46,2575.5,0.765380645886232,4,0.2361318283781398,0.6566473412952605,55.99,6235.42,110.69,0,Bargain Hunters,0.6160255130949646,-1.4269115785863598
CUST_1005,B,56,M,Beauty,1,55575.72,31,153,7,881.17,0.4198618920239965,0,0.0997414748506557,0.5621195014520607,125.88,40.05,22.9,4,Occasional Shoppers,-1.788337774395926,-0.6665045087339673
CUST_1006,B,42,M,Books,0,46499.49,52,82,5,780.99,0.4822704150950621,0,0.115795957342643,0.2980324075130582,156.2,47.05,17.18,4,Occasional Shoppers,-1.6209971880888423,-0.8887063869588161
CUST_1007,E,28,F,Electronics,1,19605.01,85,27,24,653.52,0.776366480833453,1,0.0894212535977869,0.7607020503625804,27.23,560.16,63.92,3,Young Explorers,0.3137335644124094,-2.4732844561980487
CUST_1008,C,41,F,Electronics,0,46513.78,56,26,53,1849.77,0.809809553597172,7,0.2268199321774072,0.8776721380032129,34.9,3631.03,127.4,0,Bargain Hunters,1.1696276394651823,-1.3840667950133259
CUST_1009,E,39,F,Grocery,3,27405.75,90,34,8,119.86,0.7005970414870694,0,0.1013903104234137,0.7485933768309285,14.98,27.4,24.91,3,Young Explorers,-0.34071795416841644,-2.3821251154600174
CUST_1010,B,32,F,Beauty,4,53655.54,59,120,13,558.19,0.2139974285965583,1,0.0725607543064895,0.3665790389925153,42.94,59.97,22.16,4,Occasional Shoppers,-1.0986847507245026,-0.4375865585396487
CUST_1011,A,61,M,Beauty,1,148819.65,95,27,69,14476.15,0.0611817920145479,8,0.0333574116665017,0.7280415978819177,209.8,35673.37,153.26,2,Premium Loyalists,4.443581540308118,1.9601255118777516
CUST_1012,C,60,M,Electronics,5,28903.96,60,4,24,2395.47,0.9439282016344328,7,0.221681405571626,0.7385160689288174,99.81,11498.26,72.77,0,Bargain Hunters,0.2749620423840119,-1.4840832015046341
CUST_1013,C,56,F,Grocery,3,27895.5,51,21,55,2463.14,0.6436009470088735,4,0.2187391590743676,0.7038428719000231,44.78,6157.85,119.84,0,Bargain Hunters,0.8467697919341426,-1.301106999583622
CUST_1014,B,41,M,Clothing,3,30557.48,33,72,9,448.83,0.3168324543916644,2,0.0804245679819737,0.5223632480938905,49.87,55.34,20.84,4,Occasional Shoppers,-1.3865296908569413,-0.8636807213785775
CUST_1015,A,49,M,Clothing,3,128415.59,95,4,53,14286.86,0.0828646890829714,9,0.0009320329086091,0.464987376396812,269.56,151440.72,131.3,2,Premium Loyalists,5.052630396463274,2.6724782034714605
CUST_1016,A,38,M,Books,1,135669.28,80,29,70,2734.42,0.0735743576485755,14,0.0172112046207113,0.7955743438299312,39.06,6380.31,156.36,2,Premium Loyalists,3.5090747938430855,0.9292066715594652
CUST_1017,A,50,M,Sports,3,195949.08,79,31,49,9974.31,0.0750182516916647,13,0.0013446231930842,0.6147875391094416,203.56,15273.16,104.52,2,Premium Loyalists,3.2804194237443194,2.510061075031296
CUST_1018,D,39,F,Clothing,2,84171.25,21,175,5,2127.51,0.1815302667736041,11,0.1795496741404758,0.6528370726528121,425.5,60.44,17.63,1,At-Risk High-Value,-1.4815841729643333,1.3673223975284698
CUST_1019,B,46,F,Clothing,4,38967.61,54,72,3,688.76,0.3758836882379386,0,0.0603303095369181,0.372436387105328,229.59,28.31,2.84,4,Occasional Shoppers,-1.4776913923649189,-0.9532116413578753
CUST_1020,A,32,F,Grocery,2,183966.56,74,24,33,9694.37,0.0512030199938188,7,0.0473392459176556,0.5640232245438854,293.77,12796.57,75.45,2,Premium Loyalists,2.067934070320226,1.9965139692692473
CUST_1021,A,44,M,Grocery,2,162224.49,90,5,45,11866.39,0.088292240022001,10,0.0157623995055056,0.4631266439842955,263.7,88997.92,113.26,2,Premium Loyalists,3.9652103302580604,2.5392796038089824
CUST_1022,B,50,M,Sports,1,44476.12,45,94,8,175.99,0.5005847779660084,0,0.0868323348535877,0.520770582222994,22.0,14.82,24.48,4,Occasional Shoppers,-1.398280304337813,-1.2403711324985978
CUST_1023,A,48,F,Books,1,188810.51,95,29,46,4474.92,0.0712445149908468,12,0.0374123123468205,0.5602158293564354,97.28,6861.54,103.65,2,Premium Loyalists,2.780009808682325,1.6790037474387993
CUST_1024,B,63,M,Sports,2,50059.83,62,148,5,196.19,0.3088448324629843,1,0.114353103411921,0.1877205322111159,39.24,6.58,8.43,4,Occasional Shoppers,-1.7659624132446632,-0.3289871727491542
CUST_1025,C,21,F,Home,0,36199.32,56,19,31,2583.87,0.8676214345462676,5,0.2835138677184317,0.585964421243539,83.35,4005.0,78.98,0,Bargain Hunters,-0.15343465199512749,-1.2421617517868946
CUST_1026,D,44,F,Books,3,66897.48,35,339,1,3793.4,0.0987646245467053,5,0.2448250989840668,0.7090657448530139,3793.4,11.16,7.48,1,At-Risk High-Value,-2.9768467977790873,2.4608782812644723
CUST_1027,E,44,F,Grocery,3,33170.11,71,25,8,590.95,0.4402420709872026,0,0.0138295881060831,0.8368866359076588,73.87,181.83,27.74,3,Young Explorers,-0.19882675797587643,-2.005866878579985
CUST_1028,B,21,M,Books,1,46120.88,44,75,13,324.63,0.4044994596657162,2,0.1284747002342883,0.2473212368106856,24.97,55.53,29.28,4,Occasional Shoppers,-1.433344526865008,-0.5847290889501002
CUST_1029,D,40,M,Books,0,150914.81,32,356,1,6285.08,0.0931815885623864,10,0.3628468913858077,0.4222937387056635,6285.08,17.61,10.73,1,At-Risk High-Value,-3.395467429274209,5.294373853616305
CUST_1030,D,47,F,Clothing,3,111402.39,26,342,1,3806.91,0.0697504120529264,3,0.2231189753215203,0.6347599434396607,3806.91,11.1,5.99,1,At-Risk High-Value,-3.1097085102522355,2.850246755077901
CUST_1031,E,46,F,Clothing,3,30430.76,85,44,17,221.36,0.3309082372136446,1,0.00334680923109,0.8156586172634115,13.02,83.62,43.59,3,Young Explorers,0.3235105293544904,-1.8724455038766694
CUST_1032,B,28,M,Electronics,1,47341.8,38,87,3,960.61,0.2074036453777198,2,0.0890968203231286,0.491535643415235,320.2,32.75,13.98,4,Occasional Shoppers,-1.5442666063795203,-0.35483085848269136
CUST_1033,C,46,M,Sports,7,43270.55,58,9,55,2782.3,0.9412863139022102,6,0.1458772581050006,0.7002912291216277,50.59,15302.65,114.12,0,Bargain Hunters,1.4310514294395014,-1.4586716113998461
CUST_1034,A,58,F,Sports,0,175856.23,84,26,76,12181.94,0.0170544305669639,10,0.0030022847149053,0.5661422868235603,160.29,34289.91,167.17,2,Premium Loyalists,4.479483609414611,2.37919941810763
CUST_1035,B,54,F,Beauty,3,39078.04,61,148,2,873.6,0.4833860231864959,1,0.1415967247102348,0.5275019397816915,436.8,11.73,6.23,4,Occasional Shoppers,-1.7026768091493023,-0.8030493305753436
CUST_1036,D,22,F,Sports,0,77056.47,17,226,4,1198.51,0.141610234470069,4,0.1713693178659413,0.6908776343870601,299.63,21.12,22.26,4,Occasional Shoppers,-2.113914423327405,0.6713071993476585
CUST_1037,B,39,F,Home,1,30996.49,50,146,13,333.49,0.3911304390991955,2,0.1347726677100873,0.4878085756764855,25.65,29.49,33.44,4,Occasional Shoppers,-1.4017755377120868,-0.776954721442071
CUST_1038,B,18,F,Electronics,1,59749.86,44,137,4,637.63,0.370258013690778,0,0.0881278043430615,0.5808751043148441,159.41,18.48,17.35,4,Occasional Shoppers,-1.5749026612319597,-0.733764022997612
CUST_1039,E,28,F,Books,4,31276.28,90,18,24,402.02,0.4272065709318815,0,0.0378868155718937,0.8088308290113702,16.75,507.81,57.73,3,Young Explorers,0.6136768261463958,-2.141842573043652
CUST_1040,B,55,M,Electronics,4,46806.44,38,88,9,954.29,0.3028824814878709,0,0.0995856010321484,0.252647325820281,106.03,96.5,12.19,4,Occasional Shoppers,-1.7407629783781553,-0.4611628130671834
CUST_1041,C,51,M,Grocery,1,45973.82,70,34,42,1132.6,0.7854335153216462,3,0.232305353754549,0.5995997769977596,26.97,1359.12,95.93,0,Bargain Hunters,0.35775829379922497,-1.544795259941481
CUST_1042,C,58,F,Beauty,0,41148.31,42,34,58,1845.74,0.8195538193398337,6,0.3072785857442069,0.5336841296963702,31.82,3058.65,129.61,0,Bargain Hunters,0.41667210848309805,-0.9567238396920554
CUST_1043,A,27,F,Clothing,1,184286.45,72,14,53,4761.29,0.0747183115843156,12,0.021887668861601,0.4511690205202826,89.84,16823.22,119.17,2,Premium Loyalists,2.7703403567899727,1.8960606084934688
CUST_1044,C,39,M,Home,2,48143.39,44,18,47,584.06,0.6548616236670312,3,0.1607903177890084,0.5725352554775913,12.43,1444.78,105.01,0,Bargain Hunters,0.33031314924876987,-1.3530042018413477
CUST_1045,C,37,F,Sports,4,28344.26,60,3,29,2419.3,0.927892467512904,2,0.1858069808648445,0.5870981121586233,83.42,17539.93,91.08,0,Bargain Hunters,0.276425536712375,-1.8189704825742496
CUST_1046,C,39,M,Home,0,41494.14,57,32,34,3002.69,0.977437976868074,1,0.2411607053653482,0.8550819127678939,88.31,3093.68,88.23,0,Bargain Hunters,0.11609484693017595,-2.0138632926120748
CUST_1047,A,41,F,Home,2,157643.01,84,10,65,6185.68,0.0201532943210528,11,0.0426585867971802,0.5146140458497254,95.16,36551.75,144.29,2,Premium Loyalists,3.6008475482127573,1.747883706168285
CUST_1048,A,34,F,Home,1,132702.35,96,31,59,3565.64,0.0960241184238207,13,0.0477943869232185,0.4841295631328911,60.43,6574.15,127.91,2,Premium Loyalists,2.943700304727438,1.1807427229944083
CUST_1049,A,45,F,Books,1,206821.1,87,27,47,12010.32,0.0163357550314899,8,0.0460721439615717,0.7221877998589582,255.54,20160.18,109.15,2,Premium Loyalists,3.3406974465485306,2.3457751429546976
CUST_1050,B,56,M,Sports,2,30236.49,58,117,9,261.64,0.3343583925343684,0,0.0793825300126565,0.4381760804503923,29.07,19.96,21.62,4,Occasional Shoppers,-1.332389711177047,-1.042772175056738
CUST_1051,B,54,M,Books,0,30059.13,59,125,11,774.46,0.4313160967244699,2,0.0597392848187169,0.5729304834201087,70.41,67.61,34.26,4,Occasional Shoppers,-0.9253722039418735,-1.103880845056198
CUST_1052,D,28,F,Beauty,0,131722.19,30,294,2,2304.08,0.1021703545944653,5,0.2610170142544752,0.6530902230885962,1152.04,15.62,17.4,1,At-Risk High-Value,-2.3302332770317102,2.012849224014936
CUST_1053,A,35,M,Electronics,0,134228.38,91,1,79,3662.77,0.0899971339300718,14,0.0463505622806843,0.6491507237145706,46.36,144679.42,200.0,2,Premium Loyalists,5.580188127637249,1.7489037148425175
CUST_1054,D,36,M,Electronics,0,85745.34,28,248,5,2406.79,0.0688456381712243,7,0.3302570257416928,0.6191636228949747,481.36,48.33,22.79,1,At-Risk High-Value,-2.2307520948098523,1.617753028389777
CUST_1055,D,40,M,Electronics,7,73709.1,10,339,2,5445.86,0.0167275856400675,11,0.2232242130276793,0.3274090331448738,2722.93,32.03,0.0,1,At-Risk High-Value,-2.999949957918538,3.6257934253871653
CUST_1056,E,33,F,Sports,1,22211.58,87,30,20,496.44,0.6278512894503493,1,0.0151580199565951,1.0,24.82,320.28,60.33,3,Young Explorers,0.6640878547610553,-2.611276394341945
CUST_1057,E,32,M,Sports,1,21463.96,58,9,24,480.71,0.5488314141203711,1,0.0210534041960692,0.8869845500697755,20.03,1153.7,73.85,3,Young Explorers,0.3495070081843936,-2.2658843991279216
CUST_1058,D,49,F,Sports,0,72029.29,21,203,5,6675.21,0.1393938372642351,3,0.214689073682876,0.5586136382535688,1335.04,163.61,21.66,1,At-Risk High-Value,-2.056931891968377,1.5480645257511338
CUST_1059,C,42,M,Clothing,2,44111.42,67,34,31,2549.19,0.8354332724957065,5,0.1592571108135202,0.4738397649442324,82.23,2257.85,68.42,0,Bargain Hunters,0.15915284052758571,-1.1824570071826264
CUST_1060,A,40,F,Home,1,120600.06,86,4,63,13606.36,0.0469278242310474,13,0.0086300589051686,0.4481030342938667,215.97,171440.14,156.96,2,Premium Loyalists,5.611763612251883,3.1012782159621737
CUST_1061,D,29,F,Beauty,1,140596.22,10,234,3,3966.68,0.0782862191933422,9,0.3191103817659669,0.4294804285137101,1322.23,50.64,12.02,1,At-Risk High-Value,-2.484903392205533,3.0101907236011094
CUST_1062,E,32,M,Sports,0,21111.28,83,31,21,276.37,0.7477572621846958,1,0.0320770887566233,0.9700042199819264,13.16,181.37,64.63,3,Young Explorers,0.5293195593552744,-2.749393515998346
CUST_1063,C,28,M,Beauty,2,31323.05,49,4,39,1770.08,0.8065744471919126,3,0.1551683713425447,0.692026007813908,45.39,13806.62,110.84,0,Bargain Hunters,0.6073700871999681,-1.7368579879283752
CUST_1064,C,46,M,Electronics,2,30325.9,43,22,30,1511.05,0.8935079492421458,6,0.2832379887230607,0.40308382303299,50.37,1970.93,66.61,0,Bargain Hunters,-0.7034057963384637,-1.0630888348848975
CUST_1065,C,32,F,Clothing,2,49277.52,41,33,50,2880.58,0.8538933835770445,3,0.2794406107925634,0.5482401341638609,57.61,4236.15,108.0,0,Bargain Hunters,0.12362872797543921,-1.109158288917123
CUST_1066,D,40,F,Beauty,5,143743.22,23,229,5,6487.04,0.0940119544734078,6,0.32167890816667,0.3695127677714042,1297.41,141.02,2.83,1,At-Risk High-Value,-2.2745148683928726,2.9953849883125576
CUST_1067,E,37,M,Beauty,0,19814.91,64,33,17,735.97,0.7944053358861065,1,0.0188446688220974,0.8039506505837638,43.29,367.98,53.11,3,Young Explorers,-0.059427305455808044,-2.4709007586755427
CUST_1068,B,74,F,Electronics,0,47416.31,61,174,13,716.5,0.208334115350441,0,0.0479099608481731,0.5372045999443408,55.12,53.23,37.32,4,Occasional Shoppers,-1.0202852439648804,-0.6610486948171075
CUST_1069,A,50,M,Sports,0,178861.74,76,5,63,7451.18,0.0678958756262642,12,0.0,0.420390721398509,118.27,78237.39,154.41,2,Premium Loyalists,4.174433691726626,2.4013212125657843
CUST_1070,A,38,F,Grocery,1,125037.19,96,5,46,9018.56,0.0263236030554931,13,0.0178541100965021,0.7108515686733403,196.06,69142.29,123.22,2,Premium Loyalists,4.02213348603337,1.8178144162761731
CUST_1071,A,46,M,Clothing,5,95472.08,78,1,77,13470.49,0.088516608412813,6,0.002894397192441,0.5320232085639526,174.94,518613.86,200.0,2,Premium Loyalists,9.342227868768166,3.942430040581235
CUST_1072,D,57,M,Grocery,2,137168.19,12,271,1,5024.1,0.2084560252163848,7,0.2645853062553521,0.6025395188814324,5024.1,18.47,8.42,1,At-Risk High-Value,-3.0744679646128485,3.7310530368865056
CUST_1073,B,35,F,Clothing,3,35620.99,48,71,11,215.64,0.3140908410963057,1,0.1331500812034553,0.4441119789791703,19.6,32.94,23.29,4,Occasional Shoppers,-1.3384856267775607,-0.8867581589613764
CUST_1074,E,18,M,Electronics,6,27016.37,92,7,16,580.31,0.6563611071103244,1,0.0719301537421888,0.8003329034758747,36.27,1160.62,44.29,3,Young Explorers,0.36440970668924993,-2.3548974311470707
CUST_1075,A,54,M,Home,5,172329.16,91,25,57,7499.92,0.0458880516639019,12,0.0457057039835765,0.6978210822241713,131.58,16442.13,116.96,2,Premium Loyalists,3.4522143826646445,1.8336899019854265
CUST_1076,B,38,F,Sports,2,53787.51,53,88,9,280.05,0.2666597398325819,0,0.0776194499148616,0.2993741111579432,31.12,28.32,19.12,4,Occasional Shoppers,-1.3621186047299907,-0.6322770004095931
CUST_1077,A,51,M,Clothing,1,173605.24,83,6,36,12721.72,0.0618492266325387,13,0.009527546227527,0.4233156851660679,353.38,65425.99,94.13,2,Premium Loyalists,3.490252675798628,3.0521356245848947
CUST_1078,B,40,M,Grocery,2,34656.64,40,111,9,418.95,0.313922624334186,1,0.0732621557003613,0.4531780921970124,46.55,33.67,21.96,4,Occasional Shoppers,-1.4951763995279563,-0.7849705053247545
CUST_1079,B,36,F,Books,1,49173.33,61,157,6,1125.58,0.3004209070045037,3,0.0696466999810546,0.5121372333055131,187.6,42.74,19.88,4,Occasional Shoppers,-1.1516923156006977,-0.382255038292945
CUST_1080,A,51,M,Sports,3,125485.16,80,9,34,7919.11,0.0553042195984007,11,0.0187196020574675,0.6651603610364708,232.92,26924.97,83.41,2,Premium Loyalists,2.531734064732386,1.4646796481194693
CUST_1081,B,43,F,Sports,0,40035.69,36,159,4,1123.88,0.4191295199295198,0,0.1324990957996737,0.360312328973133,280.97,28.1,15.84,4,Occasional Shoppers,-2.1897626306336924,-0.4846159696034252
CUST_1082,C,65,F,Electronics,0,43445.16,55,9,46,1259.67,0.9807583508559564,8,0.1240481068030415,0.6416975546519775,27.38,5794.48,115.95,0,Bargain Hunters,1.052627072036729,-1.534782657500984
CUST_1083,A,31,F,Books,3,82576.46,77,17,69,11227.65,0.0196054004371636,9,0.0469171648365366,0.4021125609101193,162.72,43039.32,142.92,2,Premium Loyalists,3.475366244186634,1.6550185125469583
CUST_1084,A,55,M,Electronics,5,82660.51,87,16,63,5774.33,0.0486861854964339,10,0.0112061755837661,0.6027813427786698,91.66,21398.99,129.31,2,Premium Loyalists,3.1678544723705184,0.6809947408960029
CUST_1085,E,43,M,Beauty,2,26361.82,91,28,16,233.72,0.556107429525195,0,0.0387551508662412,0.8428242575000803,14.61,128.95,46.43,3,Young Explorers,0.3014725699556601,-2.406901317647861
CUST_1086,A,66,F,Electronics,3,154771.5,90,4,63,12078.28,0.0866187165910376,6,0.0271995686780857,0.5770041864155355,191.72,152186.33,153.54,2,Premium Loyalists,5.1689431396432575,2.2954229096100147
CUST_1087,A,39,F,Electronics,5,175426.83,97,21,28,6974.16,0.0716245361671194,12,0.0273041192464971,0.6002556912442938,249.08,8876.2,57.77,2,Premium Loyalists,2.3466826769148694,1.8516523776663636
CUST_1088,C,33,M,Sports,0,29909.97,62,11,44,2113.3,0.7621019129647094,7,0.1380023852140916,0.702880784005761,48.03,7748.77,111.15,0,Bargain Hunters,1.1078865870674277,-1.412099172775395
CUST_1089,A,33,F,Beauty,0,129820.71,95,5,64,7345.82,0.0166107814213659,9,0.0310690708515951,0.615376053041592,114.78,78355.41,160.31,2,Premium Loyalists,4.320486389721915,1.4293038301138477
CUST_1090,A,50,F,Beauty,0,124640.15,87,7,40,14555.29,0.0299301160665882,8,0.0321062973551127,0.5073770592770335,363.88,72776.45,104.43,2,Premium Loyalists,3.4913995841955585,2.30872414440507
CUST_1091,E,49,M,Beauty,2,26434.0,71,11,18,386.08,0.7418923487396345,1,0.0521397098054463,0.8608933220107822,21.45,579.12,56.31,3,Young Explorers,0.1743385468380849,-2.4959292475136103
CUST_1092,C,42,M,Grocery,3,29274.31,62,41,27,1590.75,0.7877903099890952,5,0.2247411803329396,0.5094052600628162,58.92,1022.62,57.63,0,Bargain Hunters,-0.3712059627056754,-1.2488857874659929
CUST_1093,B,48,F,Sports,2,36158.44,39,67,3,911.92,0.2905525860846755,2,0.112134059118493,0.5409643120163475,303.97,40.23,12.31,4,Occasional Shoppers,-1.5282708802567486,-0.6730424399752408
CUST_1094,D,43,M,Grocery,1,92562.66,24,234,4,4127.84,0.0343523691599347,7,0.1785084148731653,0.6162669442834781,1031.96,70.26,17.75,1,At-Risk High-Value,-1.8346006046705838,1.8797711831719364
CUST_1095,D,26,M,Electronics,1,93090.02,33,205,5,6956.42,0.1163953816812334,10,0.3669711939112259,0.4581722250742363,1391.28,168.85,16.65,1,At-Risk High-Value,-1.941561649446241,2.743506527684284
CUST_1096,D,42,F,Electronics,6,149549.66,30,315,2,5421.05,0.0453693439605955,5,0.1981101808166804,0.4876520597484893,2710.52,34.31,0.0,1,At-Risk High-Value,-2.45238731672412,3.296240010128399
CUST_1097,B,42,M,Electronics,2,46112.22,54,156,9,946.18,0.3414086107563194,0,0.1283016584626083,0.2995656077718328,105.13,54.24,18.63,4,Occasional Shoppers,-1.7317908287651704,-0.44353330937124263
CUST_1098,A,42,M,Home,0,166599.83,93,21,70,8528.95,0.0,11,0.0511177987281924,0.6101732657178766,121.84,27137.57,156.97,2,Premium Loyalists,4.05144964958788,1.9273383714120074
CUST_1099,B,47,M,Grocery,4,59156.86,44,151,12,530.04,0.4200129045761734,1,0.1216879480349178,0.2191903198974629,44.17,41.85,17.05,4,Occasional Shoppers,-1.797994162594784,-0.2663247130341968
CUST_1100,D,23,M,Books,4,112592.91,16,276,2,4745.91,0.1626051778615507,4,0.1914222689988525,0.3440223771941265,2372.96,34.27,0.0,1,At-Risk High-Value,-2.8612472414940973,2.610835668538414
CUST_1101,B,27,M,Clothing,1,51297.69,50,152,8,623.43,0.3286165653289779,1,0.1168478011851822,0.2121283099421886,77.93,32.6,17.9,4,Occasional Shoppers,-1.8125380309147183,-0.2380824492004646
CUST_1102,E,34,F,Sports,3,21750.41,90,29,18,358.08,0.433206373499771,1,0.0544269134906635,0.9907905983527512,19.89,214.85,50.26,3,Young Explorers,0.517822011845214,-2.2889228866865086
CUST_1103,B,31,F,Clothing,4,32559.31,37,97,10,759.41,0.2527451269767417,0,0.0798495049578789,0.4699995650315874,75.94,77.49,18.43,4,Occasional Shoppers,-1.5183940884178648,-0.7843021424029395
CUST_1104,C,47,M,Grocery,1,22724.36,51,2,22,2920.02,0.6680708659175945,4,0.139964523222721,0.6198448086562053,132.73,21413.48,103.4,0,Bargain Hunters,0.4133728124055056,-1.28286614485807
CUST_1105,C,52,M,Clothing,2,39432.28,43,15,35,2029.46,0.7786756628501759,6,0.1509792561993405,0.5785505272474469,57.98,4439.44,82.24,0,Bargain Hunters,0.17545591341736358,-1.1443795490637787
CUST_1106,C,46,M,Grocery,2,23021.81,68,17,36,2305.79,0.7372938984441011,2,0.223699422045913,0.5372762807255318,64.05,4611.58,82.63,0,Bargain Hunters,0.12286437338660958,-1.5941068327667305
CUST_1107,A,35,F,Home,5,85942.96,96,20,60,4194.93,0.0885664631191037,11,0.0277940142854358,0.4180793411828228,69.92,11985.51,118.36,2,Premium Loyalists,2.795833355166621,0.7102092793962382
CUST_1108,C,64,M,Sports,4,24829.72,46,12,23,600.51,0.7811622764478254,3,0.1247172135962107,0.8116871057047104,26.11,1062.44,58.57,0,Bargain Hunters,-0.2308181304169433,-2.030458919531175
CUST_1109,A,32,M,Home,1,178100.53,95,10,31,3355.28,0.086421887167469,11,0.0057244152932723,0.5592175864804089,108.23,9455.79,80.18,2,Premium Loyalists,2.3014156671814283,1.2842978728975436
CUST_1110,B,24,F,Beauty,3,30032.6,63,128,7,833.87,0.4739110010970914,0,0.1263076883394178,0.2225502831582068,119.12,45.25,10.23,4,Occasional Shoppers,-1.729244929707249,-0.8416995490427016
CUST_1111,A,43,M,Home,1,162764.15,98,15,74,5295.02,0.0701318152911082,12,0.0183136352183423,0.5013550076687969,71.55,24489.47,161.69,2,Premium Loyalists,4.056911865830284,1.5360167947065368
CUST_1112,C,31,M,Clothing,1,48589.11,65,25,45,2356.64,0.9495710235059416,7,0.2900157117009981,0.4872943508648751,52.37,4078.8,100.75,0,Bargain Hunters,0.4576787381966105,-1.0269305851588317
CUST_1113,A,31,F,Grocery,3,154141.03,87,21,67,11409.74,0.0212008025549181,14,0.0110370852255631,0.4422696185743849,170.29,34747.84,138.61,2,Premium Loyalists,4.1244667413897,2.6300674479448785
CUST_1114,C,56,M,Electronics,2,39073.87,51,39,30,1683.72,0.7943755514145996,5,0.1926525662408511,0.9140178596003158,56.12,1262.79,74.84,0,Bargain Hunters,0.13783149340262865,-1.5969537218269323
CUST_1115,C,70,M,Grocery,4,44350.07,48,26,46,2374.69,0.9390848367744028,5,0.2169989459034032,0.6242575223661968,51.62,4045.77,96.33,0,Bargain Hunters,0.39293558136619927,-1.3539927772605882
CUST_1116,B,21,M,Grocery,4,34811.03,50,112,6,719.66,0.1935470752280207,2,0.0598790862427049,0.3138370751105614,119.94,38.21,7.17,4,Occasional Shoppers,-1.5013809700555345,-0.36053270152801864
CUST_1117,D,54,M,Clothing,0,89022.43,20,340,1,2683.39,0.0736491154964106,7,0.2504833355020116,0.3193273570456816,2683.39,7.87,8.68,1,At-Risk High-Value,-3.3077484236050916,2.9327009704682765
CUST_1118,A,18,F,Grocery,0,126500.91,77,7,61,12107.45,0.0420367918844864,14,0.0123511909204238,0.7293007400514382,198.48,92319.31,150.87,2,Premium Loyalists,4.75459233206132,2.4249433990839346
CUST_1119,A,40,M,Sports,0,197107.3,98,18,31,3783.46,0.0555232908084159,5,0.0092416058529872,0.6885168405192289,122.05,6173.01,81.33,2,Premium Loyalists,2.167826551092991,0.8301822631359604
CUST_1120,A,70,F,Grocery,0,132441.89,84,8,35,8183.24,0.0,13,0.0463738112404263,0.5127314491407712,233.81,31823.71,92.75,2,Premium Loyalists,2.6601402021196634,2.0023201320020596
CUST_1121,A,24,F,Books,0,105228.1,80,23,57,12600.75,0.0076858730934508,11,0.0080918101660219,0.718107117603296,221.07,29926.78,132.71,2,Premium Loyalists,3.683107580642483,1.763223121717724
CUST_1122,A,33,F,Electronics,2,97857.85,86,31,61,10398.2,0.0883792348694779,6,0.0285234309023263,0.5219638081803715,170.46,19821.57,129.67,2,Premium Loyalists,3.038665957164797,1.0382760599709464
CUST_1123,B,31,F,Books,4,54837.54,52,82,7,889.28,0.3536506823369297,1,0.1230717735751178,0.3931111529304787,127.04,75.0,11.08,4,Occasional Shoppers,-1.4089054855898009,-0.5918288773657617
CUST_1124,A,46,M,Clothing,0,101259.59,92,9,47,12461.11,0.0654862944449039,7,0.0158421586282072,0.508883722125163,265.13,58567.22,115.29,2,Premium Loyalists,3.422529373779059,1.5538597407740604
CUST_1125,E,41,M,Home,5,16591.19,83,48,13,512.46,0.4009391080881463,0,0.0401576794426894,0.9587213399940692,39.42,135.96,32.26,3,Young Explorers,0.06104614645048877,-2.2158257143719675
CUST_1126,D,52,F,Home,0,147949.93,32,324,2,7789.13,0.1429835784761216,8,0.3477301458969682,0.6042874210635198,3894.56,47.93,16.39,1,At-Risk High-Value,-2.5913610752303655,4.089112318927805
CUST_1127,A,48,M,Grocery,0,88876.51,99,17,65,11121.34,0.0977615587449338,8,0.0286182108497595,0.6350397005081141,171.1,40160.39,148.58,2,Premium Loyalists,3.952147735084056,1.043159005272087
CUST_1128,A,37,F,Books,4,166102.95,87,18,47,13839.64,0.0474720376144171,8,0.0368115880423905,0.7694821563959852,294.46,34234.9,102.95,2,Premium Loyalists,3.5473236889245965,2.138843240434585
CUST_1129,B,26,F,Clothing,0,37070.07,42,101,9,1077.39,0.4646468099256793,1,0.1423306214674412,0.3634443060348411,119.71,95.06,26.26,4,Occasional Shoppers,-1.6618350553005428,-0.7570142049285286
CUST_1130,B,43,F,Electronics,2,59632.64,60,99,11,666.96,0.2762113498995854,2,0.1076602476849978,0.6087826884603522,60.63,73.37,29.19,4,Occasional Shoppers,-0.8182495889843677,-0.6649328921794856
CUST_1131,A,28,M,Electronics,1,126004.15,90,13,41,9370.3,0.0,5,0.0028820734432447,0.4773468441363954,228.54,27441.59,96.24,2,Premium Loyalists,2.5723758521596367,1.2423827384500175
CUST_1132,A,39,F,Books,2,112889.72,89,12,66,5015.12,0.0380571044490746,10,0.0166123654189625,0.6041706843171735,75.99,25461.38,146.42,2,Premium Loyalists,3.4628742566495765,0.8609759578495382
CUST_1133,E,35,M,Home,6,17483.79,80,50,18,529.99,0.535910540112605,0,0.0204708252273363,0.9735446201116774,29.44,187.06,39.47,3,Young Explorers,0.22649485191510524,-2.4222743708784193
CUST_1134,D,47,M,Beauty,0,113957.5,29,273,3,7689.98,0.1446190862670856,8,0.3152967293869205,0.5120900687157537,2563.33,84.2,16.61,1,At-Risk High-Value,-2.312526301882513,3.2572466283050474
CUST_1135,B,50,M,Clothing,0,57657.74,62,180,6,1010.22,0.3550044735082429,0,0.0891385521074651,0.4199802684387027,168.37,33.49,20.96,4,Occasional Shoppers,-1.500369463336022,-0.5015504989965677
CUST_1136,D,18,M,Beauty,2,69040.59,23,247,2,5306.28,0.1700324206077533,7,0.2497543202773946,0.6719405927296807,2653.14,42.79,11.84,1,At-Risk High-Value,-2.429863838809928,2.1949519736231964
CUST_1137,C,57,F,Sports,1,31012.44,45,4,59,513.72,0.9696588162416612,7,0.1611293784865237,0.7075287892214717,8.71,6061.9,154.15,0,Bargain Hunters,1.3024910402103282,-1.8136871419398455
CUST_1138,A,47,F,Sports,0,126890.77,89,16,62,6099.13,0.0684005955205117,8,0.0260671460465661,0.5683268828356227,98.37,22243.89,141.62,2,Premium Loyalists,3.2268723857529302,0.9181732104987812
CUST_1139,A,64,M,Books,0,171238.14,95,8,80,8942.87,0.0394276245052667,4,0.0497219281185419,0.7760292573615901,111.79,79492.18,188.02,2,Premium Loyalists,4.936439616926539,1.3132364900000308
CUST_1140,B,36,M,Home,4,54083.1,55,94,8,201.73,0.4010071691731979,0,0.065524389929854,0.586136629616959,25.22,16.99,16.79,4,Occasional Shoppers,-1.0985028293566712,-1.1408925632544633
CUST_1141,D,32,F,Beauty,2,104800.83,11,336,3,6479.05,0.1827308730966552,5,0.3551050914134593,0.38695977232757,2159.68,57.68,8.04,1,At-Risk High-Value,-3.314245158067351,3.0938861575227823
CUST_1142,B,57,M,Home,0,42546.23,38,156,11,235.43,0.5017544086994326,1,0.1155252217122631,0.416707412431117,21.4,16.5,30.98,4,Occasional Shoppers,-1.7536139893919578,-0.7824202595270116
CUST_1143,C,49,M,Home,2,41046.75,46,33,42,2604.7,0.808687326262966,3,0.1915289368878626,0.8441059614176118,62.02,3217.57,97.91,0,Bargain Hunters,0.42183910101481803,-1.6135261711713849
CUST_1144,A,45,F,Beauty,2,133233.01,80,24,62,13077.77,0.0606367843784836,6,0.0249962974166636,0.4910603586166662,210.93,32432.87,131.99,2,Premium Loyalists,3.422011097495854,1.8163141444549302
CUST_1145,E,39,F,Electronics,4,17430.78,65,20,17,133.27,0.6404709125813771,1,0.0702970554780591,0.9693244900359428,7.84,107.89,46.39,3,Young Explorers,-0.024870024577268005,-2.47371627081244
CUST_1146,B,36,F,Home,1,50852.37,40,142,4,452.16,0.3913718429472854,0,0.0616530463523317,0.4157673411930015,113.04,12.65,14.02,4,Occasional Shoppers,-1.800624459399939,-0.6942124561633576
CUST_1147,C,40,M,Books,3,45330.25,63,21,48,1010.45,0.7646525383383878,6,0.1940557317353638,0.7338563676002846,21.05,2204.62,106.44,0,Bargain Hunters,0.9025483194274202,-1.4367516521112642
CUST_1148,A,37,F,Clothing,4,103064.08,85,1,46,6118.35,0.0572405014246008,7,0.021713847747059,0.5009611304505441,133.01,140722.05,190.02,2,Premium Loyalists,4.386705883172176,1.3257828415706971
CUST_1149,B,50,F,Home,0,38461.16,66,160,5,170.36,0.393949897012221,0,0.1300227565917163,0.6084435678771265,34.07,5.29,22.79,4,Occasional Shoppers,-1.41606755975714,-1.1063612878460154
CUST_1150,A,18,F,Electronics,5,171461.03,79,12,68,14039.64,0.014810493340116,7,0.0447272010464951,0.5618251024454783,206.47,73438.12,140.57,2,Premium Loyalists,4.358480405351493,2.5863768230461197
CUST_1151,E,29,M,Books,1,26022.78,80,7,16,636.32,0.6995200624235457,1,0.0330541712461792,0.7690568410510062,39.77,1272.64,58.67,3,Young Explorers,0.30310084648486746,-2.4041746042472045
CUST_1152,C,29,M,Grocery,2,49833.14,45,18,30,658.54,0.9718132760417132,3,0.2715391729720846,0.6724843614096336,21.95,1039.8,73.01,0,Bargain Hunters,-0.5000548648440558,-1.723294053123871
CUST_1153,C,75,M,Grocery,3,22618.86,44,38,46,1000.55,0.6497423811605311,8,0.0858594654043319,0.7300548986770208,21.75,1180.14,100.23,0,Bargain Hunters,0.7660286019698118,-1.2605110807820918
CUST_1154,E,38,F,Books,0,25058.9,84,30,21,698.12,0.6501352488297191,0,0.0624919537174367,0.919692591717068,33.24,472.92,63.73,3,Young Explorers,0.4164887965449278,-2.5269549788398016
CUST_1155,D,56,M,Home,1,117623.94,19,305,1,3105.43,0.1240081202206831,7,0.3361348176361757,0.3821258368291357,3105.43,10.15,6.97,1,At-Risk High-Value,-3.3375685674712035,3.254603340286242
CUST_1156,D,50,M,Clothing,0,131623.34,28,256,1,1726.88,0.0,5,0.2790578758524402,0.4249384090987326,1726.88,6.72,10.89,1,At-Risk High-Value,-2.6883179626529436,2.450867602668739
CUST_1157,B,55,F,Grocery,0,45919.99,52,73,13,372.39,0.4802038085330629,2,0.1187898643573348,0.307830837912817,28.65,65.42,33.53,4,Occasional Shoppers,-1.1978363637625606,-0.8347327524285627
CUST_1158,C,51,M,Grocery,3,20669.48,42,45,31,836.16,0.9232991766329088,5,0.2212344360274129,0.5528999587661505,26.97,563.5,66.28,0,Bargain Hunters,-0.6189274357096746,-1.5394411960587304
CUST_1159,A,54,M,Electronics,2,155891.7,76,22,33,4258.32,0.0304018239439936,5,0.04984335189616,0.731332677063062,129.04,6109.76,79.17,2,Premium Loyalists,1.6565806374750618,0.7089380452877868
CUST_1160,A,50,F,Electronics,3,189219.82,99,2,65,6431.04,0.0703276447214692,14,0.0389084070259807,0.702639937401772,98.94,139339.2,185.05,2,Premium Loyalists,5.7406390964985325,2.4917842081313295
CUST_1161,D,35,M,Beauty,3,127184.64,23,288,1,2324.47,0.1259609284114807,7,0.2587551667245102,0.2994046497922586,2324.47,8.04,0.0,1,At-Risk High-Value,-2.9907436098831504,2.937082304179214
CUST_1162,A,23,M,Books,0,128517.65,87,18,38,9216.89,0.0314890852833035,5,0.0226237356232718,0.4835776339423209,242.55,18433.78,91.23,2,Premium Loyalists,2.2441869855974406,1.211583481996433
CUST_1163,C,46,F,Electronics,1,36418.5,48,5,46,1369.98,0.8531405365735222,7,0.2748399013300058,0.8136396723402871,29.78,10503.18,125.27,0,Bargain Hunters,0.7796206538980113,-1.4250573384395586
CUST_1164,A,26,F,Beauty,6,92141.3,74,23,53,4372.7,0.0906187889623328,13,0.0448413844948148,0.6578863758758772,82.5,9656.38,105.51,2,Premium Loyalists,2.4754440935116246,0.893912114783042
CUST_1165,D,34,F,Clothing,2,107778.99,29,215,3,3993.18,0.0561210060509454,11,0.3124500406817645,0.4007492162264441,1331.06,55.46,8.48,1,At-Risk High-Value,-2.130251811893607,2.7858780020948894
CUST_1166,B,70,M,Electronics,0,45888.45,61,163,12,214.66,0.3360176353077467,2,0.0621597489987211,0.5805472349857856,17.89,15.71,36.22,4,Occasional Shoppers,-0.9548338050408167,-0.7964876559856973
CUST_1167,A,47,F,Home,4,176206.5,85,12,73,3533.99,0.059257623642944,6,0.0386533938880634,0.7082211259753494,48.41,19844.71,156.5,2,Premium Loyalists,3.5102383738743765,0.7849070330645456
CUST_1168,D,58,F,Beauty,4,86693.96,21,362,5,7530.71,0.1050464005049903,9,0.2993377632791116,0.3697802343321053,1506.14,103.73,5.67,1,At-Risk High-Value,-2.7037418273875464,3.30035574082223
CUST_1169,E,56,M,Clothing,2,14397.32,89,15,24,643.44,0.7060147096083298,0,0.0694243953251845,0.9531625826646696,26.81,965.16,67.73,3,Young Explorers,0.6352571313076044,-2.8084156726281324
CUST_1170,A,36,F,Electronics,3,100296.56,75,10,68,3696.53,0.0779227127952494,8,0.003145524098457,0.704133451890745,54.36,22851.28,151.08,2,Premium Loyalists,3.1813981563986258,0.292450575819249
CUST_1171,A,28,M,Home,4,153213.42,77,18,34,10902.69,0.0294641835165364,5,0.0456231617616607,0.6215012301430154,320.67,19510.08,73.99,2,Premium Loyalists,2.1657751755403876,1.6376510667948174
CUST_1172,D,24,M,Books,4,86051.16,26,358,1,7276.19,0.0806630502605526,8,0.3356719855298717,0.6199206895864292,7276.19,20.27,2.68,1,At-Risk High-Value,-3.708197520580914,4.763156541874329
CUST_1173,D,18,F,Grocery,4,143324.79,32,182,1,7803.83,0.0580182061253728,3,0.2028166096252598,0.3968029538227035,7803.83,42.64,0.0,1,At-Risk High-Value,-2.9743331046755754,4.5548232898565715
CUST_1174,B,48,M,Home,0,51549.86,48,173,4,442.52,0.4931614292698104,1,0.1413933260851633,0.5479310676614859,110.63,10.17,19.54,4,Occasional Shoppers,-1.8014780896042466,-0.7427762459873043
CUST_1175,B,26,F,Books,1,35668.28,62,167,13,742.39,0.339258466594647,1,0.1124186645266187,0.5203471475259497,57.11,57.45,34.01,4,Occasional Shoppers,-1.1899954432104984,-0.775692671130288
CUST_1176,E,24,F,Sports,0,17901.94,86,37,17,636.27,0.6038366917385762,0,0.1015285843268908,0.9688033149769496,37.43,284.65,56.08,3,Young Explorers,0.1965510390451449,-2.517169400100643
CUST_1177,D,56,M,Sports,2,94166.13,23,276,2,7448.36,0.0243197476363765,6,0.2546623403802873,0.541334988819135,3724.18,53.78,9.19,1,At-Risk High-Value,-2.675982191734654,3.3506489713517444
CUST_1178,A,48,F,Sports,0,182986.9,83,17,42,5049.18,0.0877445887832174,5,0.0123861609636409,0.6906749345994353,120.22,11781.42,103.7,2,Premium Loyalists,2.410923054746381,0.88948832367961
CUST_1179,D,47,F,Books,0,96896.7,24,190,3,1043.1,0.139417816314545,7,0.2042924173570259,0.5109758734952228,347.7,16.38,16.75,1,At-Risk High-Value,-1.9783426420558339,1.2298671596898316
CUST_1180,C,73,F,Clothing,1,27787.8,42,4,43,2714.68,0.950797293275786,4,0.1848113902502557,0.6034563568987347,63.13,23346.25,120.07,0,Bargain Hunters,0.6569492536326754,-1.5600786315343247
CUST_1181,C,68,M,Clothing,6,37898.74,58,31,61,2993.38,0.9530399728867176,5,0.2421015744894525,0.6323854823785214,49.07,5706.13,119.87,0,Bargain Hunters,1.0240779111138312,-1.393223579591442
CUST_1182,C,18,F,Grocery,5,49035.9,67,31,52,2646.97,0.8349414159782639,4,0.2065261054433213,0.7577345778386527,50.9,4301.33,107.38,0,Bargain Hunters,1.0553734007220579,-1.4918630109959277
CUST_1183,A,61,F,Sports,0,200432.89,73,28,50,14961.4,0.088405635946736,6,0.0037079181154732,0.55542701220948,299.23,25795.52,114.68,2,Premium Loyalists,3.2850784216975324,2.5547749357701326
CUST_1184,C,43,M,Clothing,1,38048.17,51,31,32,1630.86,0.9932220359044064,4,0.1609753585578843,0.5593026731530927,50.96,1630.86,75.41,0,Bargain Hunters,-0.1189414793281268,-1.684339965183729
CUST_1185,B,42,F,Clothing,1,32640.37,46,72,10,351.71,0.3997807847372762,0,0.0654448463446839,0.3977644113415022,35.17,48.18,26.34,4,Occasional Shoppers,-1.3172153417073402,-1.1533429736598924
CUST_1186,E,27,F,Books,0,16985.8,82,14,13,520.51,0.7469253759018343,1,0.0963451106089105,0.9026058412861974,40.04,451.11,51.19,3,Young Explorers,0.07248036724307169,-2.624471757068172
CUST_1187,C,45,F,Electronics,0,22574.46,67,31,42,1007.69,0.7582905205003718,5,0.2752446299115396,0.7319701921445284,23.99,1322.59,101.87,0,Bargain Hunters,0.38216660806101366,-1.6345191576864613
CUST_1188,B,29,F,Clothing,0,51496.01,52,104,9,1019.33,0.4207388010456875,1,0.0563462887663552,0.4751245780189392,113.26,87.37,28.46,4,Occasional Shoppers,-1.1015271176901678,-0.8595941601476613
CUST_1189,E,45,F,Home,2,29074.54,77,20,18,766.32,0.539490530200367,0,0.0667349275050276,0.915319845425406,42.57,656.85,53.31,3,Young Explorers,0.23339217909593998,-2.2731403507743275
CUST_1190,C,29,F,Grocery,0,24994.5,46,32,32,1259.17,0.6239490035072504,1,0.1029831332402737,0.606320108582572,39.35,1221.01,79.25,0,Bargain Hunters,-0.16509036402450622,-1.704802531052095
CUST_1191,D,41,F,Home,3,143964.62,14,215,5,6334.79,0.1838577574026223,6,0.3321512624126803,0.575693489713089,1266.96,146.64,12.98,1,At-Risk High-Value,-2.1717606067749955,2.6243741354350947
CUST_1192,D,39,M,Electronics,3,125410.07,23,297,3,3065.12,0.0190775045206575,9,0.2605658181195111,0.337238209012121,1021.71,30.86,4.08,1,At-Risk High-Value,-2.5133766968043405,2.9191595514421924
CUST_1193,B,45,F,Books,3,58052.27,49,77,10,573.36,0.4581299178075062,1,0.1322334126347121,0.6258565107054231,57.34,73.51,24.82,4,Occasional Shoppers,-1.109174664740544,-1.0238750283465492
CUST_1194,E,72,M,Clothing,2,33595.54,71,39,22,731.22,0.3874878203017504,1,0.0891383735025542,0.8670429487107241,33.24,402.17,57.9,3,Young Explorers,0.16496211009157144,-1.749902609088768
CUST_1195,C,34,F,Clothing,4,38514.74,41,29,58,818.33,0.9000961244013486,3,0.17723546385338,0.7003982571215992,14.11,1582.1,121.46,0,Bargain Hunters,0.6331309786676882,-1.8387714082227844
CUST_1196,C,37,F,Books,0,40144.81,65,43,57,2479.98,0.8614199552977203,6,0.1108164924574114,0.6739919675367199,43.51,3212.7,129.81,0,Bargain Hunters,1.4448688704240555,-1.4867462031018115
CUST_1197,A,39,M,Electronics,1,174393.9,77,21,66,7555.44,0.0939711619865862,7,0.0350639172265375,0.7114274154071959,114.48,22666.32,147.99,2,Premium Loyalists,3.465648195930537,1.3371114755737672
CUST_1198,B,72,F,Clothing,4,38035.63,56,164,11,769.42,0.3328913231019219,2,0.1088606759475809,0.2710885282119742,69.95,51.29,16.03,4,Occasional Shoppers,-1.5851768341377066,-0.3149065418156554
CUST_1199,C,42,F,Beauty,0,20756.51,42,15,47,2433.54,0.725985201716254,7,0.1751218004692838,0.813768843114498,51.78,7148.52,116.94,0,Bargain Hunters,0.8579058159925574,-1.3507168725679444
CUST_1200,B,36,F,Sports,0,57195.01,49,138,12,727.65,0.3153247034652,2,0.0600787378265086,0.4141932340271222,60.64,62.82,33.01,4,Occasional Shoppers,-1.1641895434167702,-0.4154025242035668
CUST_1201,A,27,F,Grocery,3,113606.85,78,18,47,13307.87,0.0312319173088637,13,0.0244831998668643,0.5163599940343805,283.15,32919.47,100.88,2,Premium Loyalists,3.2200333591214028,2.3930956564108885
CUST_1202,B,33,M,Home,1,44604.09,48,161,5,1145.37,0.3784306845993078,0,0.1278512490411639,0.4970554323105416,229.07,35.35,17.56,4,Occasional Shoppers,-1.7859172699165176,-0.6166641671691202
CUST_1203,D,26,F,Beauty,1,133912.99,16,305,1,5516.52,0.1273738262086814,3,0.1507252121945574,0.6399594775318022,5516.52,18.03,12.13,1,At-Risk High-Value,-3.0341671369710213,3.5243309691277336
CUST_1204,A,21,M,Grocery,0,125664.95,88,22,35,2677.63,0.0384553820328122,10,0.0439774431550915,0.713818879252441,76.5,4074.65,88.82,2,Premium Loyalists,1.9925602362569228,0.610722643654344
CUST_1205,A,52,M,Beauty,1,192572.29,91,26,34,4738.87,0.0663915527691617,10,0.0008950504510638,0.4346084914376765,139.38,5967.47,77.54,2,Premium Loyalists,2.1706417316497615,1.6949575600932352
CUST_1206,C,42,F,Grocery,1,26738.5,66,3,33,2677.33,0.938853484797808,3,0.3007405099590993,0.7307028895606444,81.13,22087.97,110.95,0,Bargain Hunters,0.5116833460141946,-1.7784182797613264
CUST_1207,A,54,F,Home,0,194489.95,78,20,34,6395.01,0.0271543633064654,13,0.0411255419067346,0.722241598035157,188.09,10353.83,87.44,2,Premium Loyalists,2.5251864610284716,2.0612076391404868
CUST_1208,D,50,F,Books,0,114349.32,23,250,4,8122.9,0.0602297557386318,10,0.238250251324555,0.6889241088048859,2030.72,129.45,22.18,1,At-Risk High-Value,-1.6451546455456918,3.117722061891126
CUST_1209,C,18,F,Beauty,4,22153.19,45,44,32,2616.3,0.8824619513100262,2,0.1644393612918139,0.4657357340566245,81.76,1860.48,63.59,0,Bargain Hunters,-0.5013349983181076,-1.533132329249184
CUST_1210,E,31,F,Sports,0,30853.53,93,10,10,430.81,0.4374955925091036,1,0.04015755938727,0.7999740216650679,43.08,391.65,46.0,3,Young Explorers,0.3123410890725291,-2.09705489320727
CUST_1211,D,29,M,Grocery,0,102176.32,21,190,1,6706.26,0.1457863999051782,8,0.1705776300210412,0.6825859995665448,6706.26,35.11,16.18,1,At-Risk High-Value,-2.5106251110942264,3.760965219042151
CUST_1212,D,46,F,Clothing,0,81036.58,16,267,4,6643.32,0.0058729885853211,3,0.234401983541612,0.4045118173100703,1660.83,99.15,16.46,1,At-Risk High-Value,-2.6342753749479266,2.352968650918454
CUST_1213,C,44,F,Clothing,1,48140.67,61,47,44,2103.31,0.977618851600446,3,0.1685170480103015,0.7658924359719195,47.8,1928.03,102.45,0,Bargain Hunters,0.6308798251958061,-1.864473224915825
CUST_1214,A,49,M,Grocery,0,157002.09,92,6,34,3165.79,0.0352069391282386,5,0.0147867667176656,0.413389686021673,93.11,15376.69,92.93,2,Premium Loyalists,1.9260805920211457,0.7602851263818763
CUST_1215,B,54,F,Books,1,32619.67,63,65,5,181.34,0.3477838561756433,1,0.0768068842783393,0.3178163452559997,36.27,13.74,14.89,4,Occasional Shoppers,-1.258014916079118,-1.0174995920679795
CUST_1216,B,40,F,Clothing,2,42143.68,36,89,9,296.04,0.2702604732242339,2,0.0935299749351281,0.2835620399535852,32.89,29.6,18.79,4,Occasional Shoppers,-1.6382717052817197,-0.40437561820007356
CUST_1217,A,35,F,Beauty,4,165376.8,87,18,46,13765.25,0.021371991837337,7,0.0056795162383852,0.6666369227668423,299.24,33326.39,98.89,2,Premium Loyalists,3.4187696934818215,2.1369000427204705
CUST_1218,B,36,M,Grocery,3,32368.16,41,146,14,395.86,0.3481906026898823,1,0.1013737470545134,0.5330495828224072,28.28,37.7,30.35,4,Occasional Shoppers,-1.4413448151829575,-0.812102869851534
CUST_1219,A,34,F,Sports,6,111895.24,77,21,71,9348.84,0.0645876177771139,10,0.0444186788626935,0.7315667112181172,131.67,30171.26,143.39,2,Premium Loyalists,3.7272173603812524,1.346159648274876
CUST_1220,C,36,F,Grocery,1,31029.71,53,1,44,2231.75,0.7519180669515241,7,0.3071294623180816,0.7513670488034863,50.72,49098.5,200.0,0,Bargain Hunters,1.7703339793631885,-1.0020848421961568
CUST_1221,C,45,F,Home,0,23946.46,52,35,49,882.55,0.7347687482735622,4,0.1634552759177044,0.5655821366870819,18.01,1201.25,112.17,0,Bargain Hunters,0.44197970809420367,-1.5713066423560749
CUST_1222,E,18,M,Sports,1,21478.66,83,31,12,485.03,0.4542478034099939,1,0.088228809445522,0.8320717081515189,40.42,181.89,40.87,3,Young Explorers,-0.05511270236863326,-2.0375481396324844
CUST_1223,C,51,M,Sports,4,35691.53,60,3,21,1279.33,0.71849736881444,2,0.2523840344700422,0.5437836937254298,60.92,6716.48,74.21,0,Bargain Hunters,-0.3722221441978676,-1.4832102526486612
CUST_1224,B,37,M,Beauty,5,51956.58,39,72,12,827.4,0.3639245816687473,0,0.0932268859610692,0.2584697461513894,68.95,136.01,15.56,4,Occasional Shoppers,-1.5408831021937364,-0.595054599089741
CUST_1225,C,18,F,Books,2,42699.55,67,26,43,1291.55,0.8088047174048458,6,0.3060440333906353,0.617619991100704,30.04,2056.91,96.2,0,Bargain Hunters,0.34905594432788556,-1.2232461347827113
CUST_1226,E,57,F,Beauty,0,15173.91,95,45,18,175.6,0.6378677098255009,0,0.1010286000514546,0.8149214957148352,9.76,68.71,54.52,3,Young Explorers,0.14174657452744646,-2.515237175264893
CUST_1227,C,28,M,Clothing,3,28212.9,67,15,19,2641.33,0.9973961642610224,6,0.1117080264591875,0.7066224744156538,139.02,3136.58,49.8,0,Bargain Hunters,0.17286360850615476,-1.787417874734243
CUST_1228,C,46,F,Electronics,0,34504.78,53,35,55,1399.86,0.9657774440091014,5,0.2628258567333006,0.4237032309190584,25.45,2138.67,121.33,0,Bargain Hunters,0.35307245061290754,-1.3784772146876234
CUST_1229,B,51,M,Beauty,3,61614.56,58,66,4,403.88,0.3064690195623515,2,0.1200998831888666,0.4647319679126205,100.97,24.11,9.81,4,Occasional Shoppers,-1.206966010664034,-0.5994667375799234
CUST_1230,B,45,F,Sports,4,39789.23,43,116,12,505.84,0.245794053724423,2,0.0780654712674238,0.2371744604822122,42.15,51.88,17.61,4,Occasional Shoppers,-1.5386344321860534,-0.2831954664545635
CUST_1231,E,25,M,Sports,4,16570.38,68,14,16,634.11,0.6096822294329369,0,0.0054709956155337,0.737100679214724,39.63,676.38,41.88,3,Young Explorers,-0.0591159782954882,-2.3340545815980094
CUST_1232,B,25,M,Books,0,36625.62,38,176,12,1018.33,0.3224368191693501,0,0.1353907947902582,0.423265875235793,84.86,69.04,33.03,4,Occasional Shoppers,-1.8401231848463577,-0.489180912848104
CUST_1233,B,38,F,Home,1,30633.89,43,112,11,547.69,0.234969003953145,2,0.1008775030277084,0.2586401582347962,49.79,53.31,25.07,4,Occasional Shoppers,-1.5862025886301672,-0.37514669617699303
CUST_1234,B,34,F,Home,1,55156.05,38,63,14,794.69,0.2289708470933307,0,0.0536421368792756,0.4240275859877132,56.76,173.84,35.07,4,Occasional Shoppers,-1.0817932504813168,-0.6725976532322681
CUST_1235,C,49,F,Books,3,46075.11,43,31,36,395.78,0.6804042450075287,3,0.1123729429998768,0.4058371644604468,10.99,445.25,74.34,0,Bargain Hunters,-0.24035347149644276,-1.238699532707294
CUST_1236,B,54,F,Electronics,0,55829.67,46,155,8,286.34,0.2147109427705381,1,0.1052941727695761,0.5230080864301846,35.79,14.68,27.11,4,Occasional Shoppers,-1.4973763705087524,-0.4122166576430688
CUST_1237,D,23,M,Grocery,2,80940.46,18,354,2,5266.97,0.0953902630934036,3,0.2365999938420959,0.6493864822474928,2633.48,29.67,11.27,1,At-Risk High-Value,-3.044583611800879,2.395329108005831
CUST_1238,D,40,F,Home,2,94414.23,35,280,2,2599.57,0.2000098116481065,10,0.378591334855173,0.340575078015818,1299.79,18.5,5.17,1,At-Risk High-Value,-2.7573542035512983,2.5218420581824508
CUST_1239,C,45,F,Sports,0,25629.97,61,9,57,1774.9,0.9168055951722132,3,0.2244392961087904,0.7051619860218488,31.14,10116.93,139.21,0,Bargain Hunters,1.1000089019974695,-1.9967636936044717
CUST_1240,C,29,M,Electronics,6,27468.36,62,27,23,2147.46,0.891689003948561,6,0.2675174026851658,0.6717414146012513,93.37,1763.98,45.14,0,Bargain Hunters,-0.36592562590593225,-1.3793403756479723
CUST_1241,A,60,F,Beauty,1,125725.45,90,26,76,9726.03,0.0703951463557704,15,0.0476258931469563,0.6414403383751941,127.97,27376.97,165.67,2,Premium Loyalists,4.374074404465085,1.9501980498235647
CUST_1242,B,36,M,Clothing,1,33691.21,63,177,7,1223.92,0.2766417586583775,1,0.065509870955931,0.2646117972332078,174.85,48.13,16.86,4,Occasional Shoppers,-1.5542854490676563,-0.36013836245292047
CUST_1243,D,34,F,Grocery,2,107682.02,9,305,1,3969.58,0.0275971875199771,4,0.3865198610774172,0.6554003463492729,3969.58,12.97,9.44,1,At-Risk High-Value,-3.6401959878999346,3.2196178689301216
CUST_1244,A,38,F,Electronics,2,118586.09,80,6,40,9931.18,0.0154165755257289,9,0.0115881182445931,0.4391038095625271,248.28,56749.6,99.45,2,Premium Loyalists,2.9177032007079826,1.8565149992685164
CUST_1245,C,53,F,Beauty,0,29543.79,57,4,48,1754.05,0.7164985815414168,6,0.1513216426988338,0.8558055657716117,36.54,16838.88,138.12,0,Bargain Hunters,1.4751572154980377,-1.595938665403555
CUST_1246,B,51,M,Home,0,52783.93,54,176,12,1005.82,0.2480932972699903,0,0.0699772237897375,0.3563663258028846,83.82,68.19,31.7,4,Occasional Shoppers,-1.4038078077642555,-0.348021736266328
CUST_1247,B,37,F,Books,4,44937.74,48,55,11,693.57,0.2573419164349733,1,0.069778506827399,0.2345703588564335,63.05,136.24,16.51,4,Occasional Shoppers,-1.2752968027753788,-0.5487839736951173
CUST_1248,C,52,F,Grocery,1,28620.22,63,13,51,787.36,0.9689986977134392,3,0.2792451668976368,0.8183314777725746,15.44,2868.24,123.06,0,Bargain Hunters,0.6926531628398704,-2.2232454319583375
CUST_1249,C,66,M,Beauty,3,20767.39,49,39,26,1475.07,0.9194757434297895,5,0.2972264184000198,0.7783965741002327,56.73,958.8,61.13,0,Bargain Hunters,-0.5810747198317541,-1.6534084039946826
CUST_1250,D,46,M,Home,0,117163.67,19,254,5,1630.33,0.0828189625600318,7,0.3072464844589231,0.3873603684918763,326.07,31.97,18.14,1,At-Risk High-Value,-2.507345494844914,2.0570552803893603
CUST_1251,D,46,F,Beauty,0,122459.93,25,359,2,3474.38,0.0982389081977277,9,0.185464548458741,0.4167978573767079,1737.19,19.3,12.61,1,At-Risk High-Value,-2.528378742296286,3.014820605409592
CUST_1252,D,55,F,Beauty,2,124527.25,23,312,1,4748.46,0.0423450923834869,7,0.2839031929797284,0.558437489189641,4748.46,15.17,7.49,1,At-Risk High-Value,-3.127178549219623,3.8710362790732904
CUST_1253,D,42,M,Home,3,123046.28,19,217,5,1739.55,0.1018668037880004,4,0.2463086968944388,0.5385533047531742,347.91,39.9,12.23,1,At-Risk High-Value,-2.2294387865698315,1.4799527520050586
CUST_1254,D,62,F,Electronics,3,145014.9,21,342,6,3965.54,0.050995019981781,8,0.3293317212147936,0.3755053173986257,660.92,69.37,10.8,1,At-Risk High-Value,-2.6070167532698387,3.1394886394753985
CUST_1255,C,37,M,Grocery,0,35665.79,45,22,38,1915.88,0.9578906987074568,6,0.1269436181511387,0.9034056334443376,50.42,3165.37,98.61,0,Bargain Hunters,0.6548526209691847,-1.8622826385140154
CUST_1256,D,47,M,Grocery,0,131878.78,27,202,5,7737.62,0.0997232004093838,5,0.2608064240265828,0.3385276226843381,1547.52,190.58,17.27,1,At-Risk High-Value,-1.9610006376605817,2.7943040722148784
CUST_1257,E,46,M,Clothing,2,20512.67,66,40,21,788.59,0.6435611415939071,1,0.0802501666864264,0.727893763147123,37.55,403.91,53.06,3,Young Explorers,-0.15927714804230014,-2.0567439378073225
CUST_1258,C,33,F,Home,4,36009.84,43,12,53,2188.69,0.8955262854079136,8,0.2944993621776779,0.6104449038197102,41.3,8923.12,114.54,0,Bargain Hunters,0.600654169495404,-0.9890987860991486
CUST_1259,B,47,F,Electronics,4,49230.82,64,109,2,252.11,0.4413655502094132,2,0.0934754109843986,0.5062080828558873,126.06,4.58,3.04,4,Occasional Shoppers,-1.311171117258418,-0.8902485588203356
CUST_1260,A,18,F,Clothing,4,130512.62,78,4,46,12615.26,0.0105175994314696,9,0.0302181365607113,0.4251843697382971,274.24,116060.39,113.5,2,Premium Loyalists,3.9193895619983183,2.638941863598421
CUST_1261,C,39,F,Grocery,1,27309.2,47,36,57,1722.19,0.5496179642569489,4,0.2073277960222707,0.6786119962374287,30.21,2653.1,127.35,0,Bargain Hunters,0.7399057958322779,-1.2083500617202017
CUST_1262,B,26,M,Clothing,0,49157.25,61,66,10,808.24,0.2719576583586064,0,0.0891743694962371,0.3748519848885671,80.82,120.63,29.01,4,Occasional Shoppers,-1.023455784104501,-0.816459050070002
CUST_1263,C,18,M,Electronics,3,43799.28,66,22,59,2045.07,0.6224377913209406,5,0.275567242860525,0.4427302577604596,34.66,5246.05,122.4,0,Bargain Hunters,0.8725821530002612,-0.8156731243572993
CUST_1264,B,48,F,Sports,2,47351.42,50,63,11,707.26,0.2723309229509481,2,0.136507400104775,0.1985352539508627,64.3,121.56,21.56,4,Occasional Shoppers,-1.4053233826931129,-0.3269564005545759
CUST_1265,D,42,M,Beauty,0,92627.23,33,344,1,3595.41,0.1782298968923538,4,0.2580329189664618,0.4470337553653226,3595.41,10.42,11.23,1,At-Risk High-Value,-3.257500265804665,2.7145432131114684
CUST_1266,A,37,F,Clothing,0,111985.28,74,3,26,11550.05,0.0,11,0.0393793211171685,0.4713615666564219,444.23,75075.32,94.76,2,Premium Loyalists,2.807052606762966,2.3697986334751433
CUST_1267,A,48,M,Clothing,2,78100.74,75,15,51,8131.55,0.034911548043753,5,0.0370292482846237,0.6882776391632269,159.44,25919.32,116.43,2,Premium Loyalists,2.527084386782522,0.4900168949539022
CUST_1268,C,25,F,Clothing,1,49656.05,70,3,23,2053.66,0.6961978335658195,3,0.1990412596311791,0.7306195759891301,89.29,11808.54,90.95,0,Bargain Hunters,0.45751670305033676,-1.476923907891444
CUST_1269,C,32,M,Home,2,39019.19,61,7,31,2584.74,1.0,2,0.132334399012484,0.3991688852939854,83.38,10015.87,78.27,0,Bargain Hunters,0.12465646149582284,-1.7144676806864023
CUST_1270,D,48,M,Electronics,2,98890.82,27,302,1,6775.91,0.0458585056572747,3,0.3085970927415735,0.3560848521651554,6775.91,22.36,3.45,1,At-Risk High-Value,-3.837117867582865,4.302641619808845
CUST_1271,B,65,F,Home,0,59047.85,50,74,7,617.35,0.2293688834995715,1,0.0752771666672767,0.4191341672040254,88.19,57.62,23.73,4,Occasional Shoppers,-1.1794565171607088,-0.5537755124640336
CUST_1272,C,40,M,Grocery,3,48973.12,64,19,33,2756.67,0.8278343319725361,5,0.2725318027167354,0.6723237905964105,83.54,4548.51,75.71,0,Bargain Hunters,0.19815437939055328,-1.1826575315696717
CUST_1273,B,39,F,Home,0,54862.31,35,171,14,307.31,0.2967136006803569,0,0.1173442002967063,0.3294406141322596,21.95,25.01,35.17,4,Occasional Shoppers,-1.8246461686942712,-0.299889489155675
CUST_1274,E,62,M,Electronics,3,23502.84,61,45,9,724.22,0.4492328676907825,0,0.0628053055704044,0.9360266385413728,80.47,141.7,29.94,3,Young Explorers,-0.46821348263756746,-2.0114101743603587
CUST_1275,A,23,F,Home,3,117917.68,93,24,71,8872.57,0.0413669909248398,6,0.0326196038590098,0.7241729066983503,124.97,25198.1,151.65,2,Premium Loyalists,3.76616434016415,0.8511387762943995
CUST_1276,A,46,M,Beauty,2,185354.7,96,5,35,12061.28,0.0693333113444625,8,0.0367831964476806,0.5431726212033049,344.61,70357.47,94.86,2,Premium Loyalists,3.514744707978962,2.4569860781287955
CUST_1277,C,37,M,Beauty,3,50178.12,42,21,45,2062.86,0.770012033091551,4,0.1693330849094431,0.5163935994263011,45.84,4219.49,96.09,0,Bargain Hunters,0.28321009793318097,-1.1145420713796903
CUST_1278,B,23,M,Sports,1,50708.6,38,115,5,803.77,0.3563798889772311,2,0.1104867209667458,0.516006285390201,160.75,34.65,18.19,4,Occasional Shoppers,-1.5983699641092923,-0.5207790044825803
CUST_1279,B,40,M,Books,1,32449.54,62,100,8,1020.16,0.3825125133416541,0,0.1076644483966187,0.3554274997521447,127.52,80.8,21.11,4,Occasional Shoppers,-1.3551061921587868,-0.9358417381313774
CUST_1280,E,58,M,Sports,2,33367.07,84,49,22,384.71,0.4040161089780841,0,0.0892231073384335,0.9827796483826792,17.49,169.27,59.7,3,Young Explorers,0.3816642237948714,-2.0916971304279066
CUST_1281,B,19,M,Grocery,3,34183.84,60,135,9,489.83,0.2968680723722009,1,0.1364530371733193,0.2633144645184515,54.43,32.42,15.01,4,Occasional Shoppers,-1.6359361681775797,-0.5032831951370701
CUST_1282,D,49,M,Books,0,91768.07,31,365,1,7005.55,0.0717278434319571,4,0.3158498723572435,0.6967317283837726,7005.55,19.14,16.21,1,At-Risk High-Value,-3.623900036014268,4.179687320002284
CUST_1283,D,32,F,Sports,2,69100.75,29,282,1,5644.57,0.1220381003597832,5,0.3836203264761804,0.3439224962106149,5644.57,19.95,3.23,1,At-Risk High-Value,-3.829545648193692,3.6677593114959706
CUST_1284,D,48,F,Beauty,4,136646.32,35,222,4,2932.75,0.0105907217775963,5,0.3919530523083465,0.4268662205524658,733.19,52.61,4.99,1,At-Risk High-Value,-2.421915929408943,2.3253957813506285
CUST_1285,B,45,F,Clothing,1,58287.01,41,132,9,872.64,0.2608095443338994,0,0.1184600168453284,0.5480365058694711,96.96,59.05,26.72,4,Occasional Shoppers,-1.5054495081753847,-0.5126922935595318
CUST_1286,A,40,F,Electronics,4,181945.95,90,23,60,11041.62,0.0482329908262141,15,0.0335509282362585,0.8176760091971591,184.03,27604.05,128.7,2,Premium Loyalists,4.279278835556671,2.4964385755645018
CUST_1287,C,31,F,Books,0,44193.86,45,4,28,547.17,0.6882386495022411,2,0.2868024422211172,0.7327091726334396,19.54,3064.15,95.65,0,Bargain Hunters,-0.32825218533970646,-1.5778270897484306
CUST_1288,A,24,F,Beauty,4,101714.87,97,18,32,13798.09,0.0211870888701673,13,0.0383951423332821,0.7318538185433595,431.19,23238.89,72.19,2,Premium Loyalists,3.042451786112483,2.042053042274178
CUST_1289,B,18,M,Sports,4,46121.92,61,81,5,1180.8,0.4312404776737975,1,0.0863385947271669,0.4920978605369189,236.16,72.0,9.08,4,Occasional Shoppers,-1.162507072951298,-0.9338124254667651
CUST_1290,A,43,F,Grocery,2,152928.25,91,1,62,3752.77,0.0920616180383528,4,0.0130057529870512,0.6236192871393845,60.53,116335.87,200.0,2,Premium Loyalists,4.584555171114549,0.833937471961732
CUST_1291,E,32,F,Grocery,3,29329.61,74,43,17,199.16,0.5751471004080267,0,0.0578239174054319,0.8776002615654243,11.72,76.95,44.88,3,Young Explorers,-0.030714082894411427,-2.2631635564752153
CUST_1292,C,59,F,Grocery,2,29153.68,48,26,22,1438.37,0.6409817522535092,2,0.1385360561990616,0.4363818249295267,65.38,1172.01,50.57,4,Occasional Shoppers,-0.6967989644652713,-1.3297776570509214
CUST_1293,B,39,F,Clothing,0,40685.35,47,87,10,122.94,0.4352193761676204,1,0.0760648378988806,0.1812398368981094,12.29,13.97,24.77,4,Occasional Shoppers,-1.5384136825747414,-0.7821359399034514
CUST_1294,D,41,F,Home,5,125356.42,12,284,2,6847.8,0.0212631733870551,8,0.2505597892089966,0.4938539351363082,3423.9,48.05,0.0,1,At-Risk High-Value,-2.7342623885696646,3.842180536119575
CUST_1295,E,31,M,Grocery,3,13978.33,77,52,19,663.91,0.7578623701049064,0,0.0213043681025463,0.8726437561591549,34.94,238.01,48.38,3,Young Explorers,0.10211278035593864,-2.650246724122221
CUST_1296,C,49,F,Home,0,47705.94,49,31,33,2442.33,0.8158233545747664,3,0.1404941505076398,0.6920347300239902,74.01,2518.65,83.07,0,Bargain Hunters,0.16235329415258484,-1.5058918674718749
CUST_1297,C,54,M,Beauty,3,35091.31,45,7,40,2481.41,0.7251876763943822,2,0.1781903901269834,0.7194964021119644,62.04,12407.05,99.68,0,Bargain Hunters,0.4333410859990619,-1.556578494491374
CUST_1298,E,53,F,Home,1,14727.01,85,23,14,315.24,0.3015351179150359,1,0.0950976268957162,0.9133561276020143,22.52,183.89,47.61,3,Young Explorers,0.14542812982848088,-2.025169213347983
CUST_1299,E,18,F,Books,0,23307.14,66,27,10,147.9,0.3483831523674879,1,0.0455518303723655,0.9088105020071476,14.79,52.82,41.88,3,Young Explorers,-0.17648745279317274,-1.9643032253485169
CUST_1300,B,40,F,Clothing,1,58622.59,59,104,12,601.19,0.4088689717282987,2,0.1473518889979388,0.3290506695576072,50.1,68.71,28.54,4,Occasional Shoppers,-1.2351039532508645,-0.5041496096897043
CUST_1301,A,47,F,Electronics,0,82210.12,76,2,77,14883.05,0.0121382007447286,12,0.0018577693892617,0.6510764330978628,193.29,381998.28,200.0,2,Premium Loyalists,8.345077917676425,3.7623446068905526
CUST_1302,C,34,M,Electronics,0,19599.98,55,18,56,2801.9,0.7987755661429364,3,0.184321536894481,0.4686547034203833,50.03,8258.23,126.93,0,Bargain Hunters,0.7911774081186465,-1.498587397598236
CUST_1303,A,34,M,Electronics,4,179646.98,95,7,81,8633.1,0.0490047542099611,11,0.0428890878795517,0.6387580799212074,106.58,87410.14,177.06,2,Premium Loyalists,5.271984125584196,2.2213020156977783
CUST_1304,C,39,M,Home,0,36364.53,42,34,52,2099.66,0.7028375554122186,2,0.1719847123599026,0.5440466546026873,40.38,3119.49,117.82,0,Bargain Hunters,0.3841971381998129,-1.3634970500786174
CUST_1305,D,30,F,Grocery,5,120794.51,21,335,5,6703.04,0.0507590423563808,6,0.2025471091500927,0.3369633192410565,1340.61,99.75,2.04,1,At-Risk High-Value,-2.4586826389529137,3.1008437470370858
CUST_1306,E,56,M,Home,4,31978.58,66,44,11,216.3,0.4168174550799354,0,0.0525821093008973,0.8066296742339225,19.66,52.87,28.41,3,Young Explorers,-0.4261914412490377,-1.8606048183203112
CUST_1307,C,43,F,Clothing,3,29184.26,39,18,22,2360.99,0.7322294907756087,7,0.1996672387160403,0.886173321617616,107.32,2733.78,58.28,0,Bargain Hunters,-0.17362363709138845,-1.240641721754817
CUST_1308,A,32,M,Books,2,138156.63,94,25,63,8131.14,0.069908212621039,11,0.0392439891819572,0.6053324336647862,129.07,19702.38,136.11,2,Premium Loyalists,3.5831498498383514,1.5081167318163293
CUST_1309,D,30,M,Grocery,2,111453.46,12,365,3,4117.82,0.1600950487115001,9,0.2123133203749483,0.5735504215501109,1372.61,33.75,11.74,1,At-Risk High-Value,-2.595749836792617,2.756115850804044
CUST_1310,C,54,M,Electronics,1,26535.54,60,29,42,2317.19,0.9849500776296968,3,0.2472671921757904,0.765122923437234,55.17,3244.07,99.75,0,Bargain Hunters,0.3543955668579555,-1.9838484143117874
CUST_1311,C,47,F,Home,1,42148.19,64,40,40,1556.38,0.6916903120365226,6,0.1792675782171396,0.4748485052713326,38.91,1518.42,89.0,0,Bargain Hunters,0.3653741863714843,-0.9829861765449461
CUST_1312,D,49,F,Beauty,2,77769.51,19,179,5,5307.59,0.2148446879302818,9,0.2930849644470176,0.3238776188126495,1061.52,147.43,11.04,1,At-Risk High-Value,-2.2122980985348057,2.1486366258646727
CUST_1313,C,18,F,Clothing,0,40406.48,54,26,58,2516.35,0.8455246788550436,3,0.1585225805668007,0.6961404399300962,43.39,5405.49,133.77,0,Bargain Hunters,1.1324087937157765,-1.6776589554327241
CUST_1314,B,46,F,Electronics,2,42812.95,40,69,14,961.87,0.4838201494115765,1,0.1325261594295935,0.2654560350651007,68.7,192.37,28.76,4,Occasional Shoppers,-1.4841850351727226,-0.7442838890768414
CUST_1315,C,35,F,Home,2,32473.43,69,9,50,2783.84,0.8159221477650808,6,0.2375726073124061,0.8124742841644875,55.68,13919.2,121.36,0,Bargain Hunters,1.3370726758818983,-1.4867071927980882
CUST_1316,C,26,F,Electronics,1,19328.7,44,41,51,2735.1,0.7874353716343262,7,0.1096703961623493,0.5932253095345468,53.63,3321.19,113.3,0,Bargain Hunters,0.8051422666181465,-1.2136172905124847
CUST_1317,C,34,F,Books,4,28430.25,53,5,27,766.24,0.7234047447570494,4,0.122466023800563,0.6135516778443048,28.38,3448.08,74.27,0,Bargain Hunters,0.05620534670568449,-1.653285778588963
CUST_1318,B,49,M,Electronics,0,54630.31,41,170,12,890.25,0.3608218215035685,2,0.1313618774374035,0.4417441086389714,74.19,62.47,33.42,4,Occasional Shoppers,-1.5824048325208975,-0.26805632132641855
CUST_1319,B,52,M,Books,4,57154.02,39,184,10,841.87,0.2449679343817215,1,0.1052886489889801,0.2559649617630295,84.19,45.51,13.66,4,Occasional Shoppers,-1.9532992487460716,0.090114580113969
CUST_1320,B,41,M,Beauty,5,57641.99,48,103,9,865.16,0.3334704947512769,1,0.0745345770023708,0.279376140390955,96.13,74.87,9.56,4,Occasional Shoppers,-1.4656971962489949,-0.3930622842785384
CUST_1321,A,69,F,Sports,0,170983.42,99,3,48,14295.39,0.0331464343963728,7,0.0442636250375108,0.7083983474629959,297.82,171544.68,143.5,2,Premium Loyalists,5.440391643715685,2.80869136856779
CUST_1322,B,30,M,Books,2,32639.65,39,74,9,1169.58,0.1969688408702676,0,0.0930634706464046,0.2539447149494168,129.95,140.35,18.43,4,Occasional Shoppers,-1.6476149248191867,-0.48609097794873174
CUST_1323,E,63,M,Sports,0,18877.26,71,8,23,225.44,0.357738248982115,1,0.0846386473310495,0.8827545376806768,9.8,576.12,76.16,3,Young Explorers,0.3751760812943629,-2.049570793824107
CUST_1324,D,56,F,Sports,2,114872.83,12,344,4,6863.2,0.046931242153448,6,0.2928782220044525,0.6763303448914615,1715.8,79.57,15.82,1,At-Risk High-Value,-2.595698526387853,2.994846053646614
CUST_1325,C,50,M,Sports,2,48073.56,60,34,58,1855.82,0.8604887503710584,5,0.1539239515650178,0.8675677740365791,32.0,3075.36,130.29,0,Bargain Hunters,1.425812512817314,-1.714649213796064
CUST_1326,D,41,M,Books,4,139692.16,23,335,2,4891.8,0.0383277152139419,5,0.3800560936224576,0.4932222198001886,2445.9,29.12,2.16,1,At-Risk High-Value,-3.157616616545635,3.4047027363570486
CUST_1327,D,54,F,Clothing,0,104277.7,19,252,3,7370.26,0.0075924192061399,10,0.3748841175090847,0.3229388212223808,2456.75,87.39,12.86,1,At-Risk High-Value,-2.676189562086622,3.773727494223841
CUST_1328,D,26,M,Sports,2,112524.72,31,184,4,6699.66,0.113848410980459,9,0.3693187081070342,0.5898593142969336,1674.92,144.86,14.34,1,At-Risk High-Value,-1.8730646013432923,2.7102293960957757
CUST_1329,C,42,F,Grocery,2,41810.84,51,37,44,1573.61,0.5964388008155272,4,0.2552470523768654,0.6857859042695644,35.76,1822.07,98.42,0,Bargain Hunters,0.22015278325079987,-1.092717561069199
CUST_1330,C,54,M,Sports,1,25035.58,65,33,46,2546.98,0.5987646580303153,4,0.1829325608218289,0.4971251612309622,55.37,3445.91,101.97,0,Bargain Hunters,0.575297934111584,-1.1354852269092268
CUST_1331,C,55,M,Books,2,29172.36,64,23,45,892.36,0.7330772958149119,6,0.1788688853179447,0.8775216733695733,19.83,1673.18,105.9,0,Bargain Hunters,0.945090251242883,-1.7380803669475795
CUST_1332,A,45,F,Electronics,4,152260.09,94,21,46,11026.36,0.0,12,0.0148998999224487,0.5336253181417496,239.7,23055.12,95.43,2,Premium Loyalists,3.287820715142462,2.279321094903736
CUST_1333,D,39,F,Clothing,6,79036.42,24,242,3,7290.54,0.0634165638985727,7,0.1543579254558421,0.4284311516726583,2430.18,90.01,0.0,1,At-Risk High-Value,-2.156392323566041,2.7322083079791706
CUST_1334,B,34,F,Grocery,1,41820.77,43,124,12,395.35,0.3155474196882826,0,0.0827322885986947,0.333491492879455,32.95,37.95,28.48,4,Occasional Shoppers,-1.5532896927311897,-0.6707598127739259
CUST_1335,C,37,F,Clothing,1,24451.82,57,19,54,715.84,0.8675278423410205,5,0.1248718426996298,0.6861162122744169,13.26,1932.77,123.99,0,Bargain Hunters,1.034255411934874,-1.9472683827882626
CUST_1336,C,49,F,Sports,3,41158.41,66,35,49,2090.59,1.0,8,0.2431896030608965,0.7530810700270566,42.67,2845.53,106.92,0,Bargain Hunters,0.9480211940004074,-1.4319823818745119
CUST_1337,B,36,F,Electronics,1,45887.2,36,147,14,775.5,0.2184255993329092,1,0.0926645674287087,0.5512874674377746,55.39,73.36,36.71,4,Occasional Shoppers,-1.3697026779411852,-0.46403714237370236
CUST_1338,C,42,F,Books,0,35382.27,57,25,26,2365.72,0.8545247463823267,3,0.2286784243153555,0.8294122530809243,90.99,2365.72,72.59,0,Bargain Hunters,-0.08134380342506585,-1.7693566852771851
CUST_1339,C,47,F,Clothing,0,30272.51,41,37,45,457.12,0.9168459079024316,7,0.229069407066808,0.682026909804891,10.16,541.33,106.34,0,Bargain Hunters,0.17442264762772813,-1.4996803574657809
CUST_1340,D,41,M,Sports,3,139331.16,14,178,2,4556.47,0.0909807878906226,8,0.266497392634717,0.2568291706774169,2278.24,50.91,0.7,1,At-Risk High-Value,-2.515244328310835,3.188089120187044
CUST_1341,E,46,F,Grocery,4,24768.43,92,20,15,697.58,0.592616018923844,1,0.0481708024449807,0.9472332224444036,46.51,498.27,41.94,3,Young Explorers,0.45462062393008545,-2.433458775230891
CUST_1342,D,45,F,Beauty,0,135342.16,15,200,3,6301.49,0.0725897719474176,10,0.370584510509553,0.6113367823892575,2100.5,94.05,18.73,1,At-Risk High-Value,-2.1525276713969426,3.281512831853877
CUST_1343,B,21,M,Beauty,2,58735.49,55,90,13,690.39,0.3658997705023528,0,0.1332667296457573,0.4001155109645402,53.11,98.63,29.11,4,Occasional Shoppers,-1.2087717545695917,-0.7292468370569637
CUST_1344,D,35,F,Clothing,2,148365.06,33,310,5,4215.23,0.0071181126319226,7,0.261721839268399,0.6055187986237154,843.05,67.77,16.43,1,At-Risk High-Value,-1.9390722953264126,2.697187560216379
CUST_1345,B,75,F,Clothing,0,31606.4,37,168,12,747.02,0.4296960447746046,0,0.1272270337551632,0.4336017580699268,62.25,53.04,33.27,4,Occasional Shoppers,-1.8424084705652093,-0.7681284936506896
CUST_1346,B,25,F,Beauty,4,43562.69,37,118,3,782.74,0.3869793389691445,1,0.1347395504875363,0.5387930010138736,260.91,19.73,5.62,4,Occasional Shoppers,-1.8832519155347358,-0.6444044677988897
CUST_1347,B,18,F,Home,1,33281.94,64,137,12,138.18,0.4010401740833799,2,0.1079895389221837,0.5136024396202008,11.52,12.02,32.0,4,Occasional Shoppers,-1.0788784966801916,-0.9740639944685631
CUST_1348,B,42,F,Clothing,3,61007.01,36,133,2,612.31,0.468734091584545,2,0.0825217663286763,0.5760517109855091,306.15,9.14,7.27,4,Occasional Shoppers,-1.7126785407744398,-0.574431328712735
CUST_1349,A,38,F,Electronics,3,124095.53,98,10,51,4161.99,0.0939863202532767,12,0.0337391334320074,0.5971065645867908,81.61,19296.5,114.94,2,Premium Loyalists,3.038163666000889,0.9549223547591815
CUST_1350,A,52,F,Grocery,1,138422.09,86,6,60,11855.59,0.0530921894196536,12,0.0299004494821163,0.448189714477036,197.59,101619.34,142.63,2,Premium Loyalists,4.538128357660808,2.635317921192334
CUST_1351,D,39,M,Books,3,75033.73,13,277,2,4824.25,0.0336127811562084,7,0.2065247904725757,0.5246687055128034,2412.12,34.71,5.85,1,At-Risk High-Value,-2.704942196302358,2.590048741512176
CUST_1352,B,34,F,Grocery,2,58478.71,48,101,14,1063.56,0.2906956367778288,1,0.1149576208869017,0.5478157449574476,75.97,145.98,33.95,4,Occasional Shoppers,-1.0342706897721778,-0.5911301214695726
CUST_1353,A,35,F,Electronics,0,95525.26,92,12,45,4456.96,0.074877750554921,5,0.0304294219472071,0.7191713270926613,99.04,15427.94,112.72,2,Premium Loyalists,2.3902661417952076,-0.040024625797552726
CUST_1354,A,42,F,Books,0,77520.59,82,1,51,6109.79,0.0134780983781133,7,0.0333006569815585,0.7732383911879762,119.8,155799.64,200.0,2,Premium Loyalists,4.759579748639236,0.9319320079733339
CUST_1355,C,35,F,Clothing,2,32848.56,49,18,44,1293.55,0.8172231253606792,1,0.1160587989444525,0.5681844483716892,29.4,2995.59,98.92,0,Bargain Hunters,0.3031912348625273,-1.9115971411680575
CUST_1356,E,23,F,Grocery,3,16747.24,63,38,21,189.64,0.6776381740747695,1,0.0,0.9984480328311564,9.03,102.11,55.6,3,Young Explorers,0.2350229809290497,-2.599633822066307
CUST_1357,D,40,F,Home,1,75662.78,29,266,2,1668.42,0.1059988895136441,5,0.3083795853139891,0.49089095369029,834.21,12.5,11.19,1,At-Risk High-Value,-2.741529252852354,1.488857542565602
CUST_1358,D,41,M,Clothing,4,142949.73,21,214,3,4925.31,0.0091295291576419,9,0.4006129331343557,0.3957145950336226,1641.77,68.73,2.38,1,At-Risk High-Value,-2.5040024329250143,3.375696937928326
CUST_1359,B,63,M,Books,3,43358.02,50,85,11,863.37,0.3510546655316526,2,0.0963155285723013,0.2002261777335945,78.49,110.43,18.18,4,Occasional Shoppers,-1.4054025603724132,-0.4351626038007309
CUST_1360,A,39,F,Sports,0,177275.67,90,20,36,4149.9,0.015825792135736,10,0.0016521281164371,0.6899676750581596,115.28,7114.11,90.8,2,Premium Loyalists,2.470262169435326,1.2564727395677024
CUST_1361,C,22,F,Grocery,0,35769.14,41,27,47,723.3,0.7682818209849385,3,0.1434845762435906,0.5184388804351755,15.39,1214.11,108.07,0,Bargain Hunters,0.19920016029365895,-1.550202305297012
CUST_1362,B,42,M,Books,0,31497.86,38,77,11,1107.86,0.2378627307982775,0,0.0656265832227079,0.3832045860072212,100.71,156.24,30.96,4,Occasional Shoppers,-1.3717161328253666,-0.7559976899611033
CUST_1363,D,58,F,Clothing,0,142691.6,33,231,1,2272.83,0.1780468205010985,3,0.3304692880417287,0.632222667447023,2272.83,9.8,15.08,1,At-Risk High-Value,-2.5923986790949325,2.0673030934132606
CUST_1364,E,50,M,Clothing,2,18803.51,73,39,14,225.29,0.335262837500178,0,0.0231851494099838,0.7662603816090429,16.09,78.85,39.89,3,Young Explorers,-0.1494830918310885,-1.9425287272088172
CUST_1365,A,42,F,Beauty,0,149690.39,89,30,62,7732.83,0.0024054322939048,9,0.0077834480381529,0.5343006698628009,124.72,15465.66,138.02,2,Premium Loyalists,3.349340588975564,1.5241292447126449
CUST_1366,A,44,F,Clothing,3,141024.92,92,17,29,7449.58,0.0810722134398626,11,0.0196593487863719,0.72153735066756,256.88,12002.1,69.31,2,Premium Loyalists,2.393804545424385,1.3492457243489202
CUST_1367,E,41,F,Home,0,17922.1,72,34,24,694.43,0.4995710459661439,1,0.017916469756827,0.7185790061896263,28.93,476.18,65.31,3,Young Explorers,0.2677430835035493,-2.0376383948018586
CUST_1368,B,45,F,Clothing,6,32991.82,51,66,10,808.68,0.373023984380771,0,0.0749535239683523,0.3213336247044077,80.87,120.7,9.94,4,Occasional Shoppers,-1.3586242813379645,-0.9581449866796856
CUST_1369,E,32,M,Sports,0,33879.81,66,5,10,79.36,0.5200191797923612,1,0.0658412295720663,0.8371008936428592,7.94,132.27,56.74,3,Young Explorers,-0.08496300391602614,-2.0972230565949133
CUST_1370,D,43,M,Grocery,0,146099.81,32,365,3,2737.95,0.0,8,0.3483248855403963,0.4032856941151411,912.65,22.44,14.34,1,At-Risk High-Value,-2.7189770030651563,3.1489113817325296
CUST_1371,C,23,F,Home,1,41300.44,68,26,29,948.01,0.896565561493938,7,0.2133003026447318,0.6067522451673555,32.69,1018.23,70.98,0,Bargain Hunters,0.11905114673551705,-1.4105027254082125
CUST_1372,D,22,F,Electronics,3,116358.42,35,237,2,6379.94,0.1902206867472175,9,0.1745434852632937,0.4784736182101891,3189.97,53.61,4.99,1,At-Risk High-Value,-1.9665501959806915,3.0925159171172103
CUST_1373,B,34,M,Beauty,3,45226.3,57,160,6,191.46,0.472364521861121,2,0.0828366554952445,0.3044205053427049,31.91,7.14,9.71,4,Occasional Shoppers,-1.6438201196710036,-0.6134097741919926
CUST_1374,A,53,M,Grocery,4,114578.96,86,7,33,7157.14,0.0829270983908213,10,0.0289451565686794,0.7559245165556359,216.88,29523.2,83.4,2,Premium Loyalists,2.564010450167758,1.0346108566377188
CUST_1375,C,18,F,Home,4,41778.22,69,28,36,2310.25,0.7286952207215591,2,0.2277162208772455,0.7687709606278352,64.17,2867.9,78.95,0,Bargain Hunters,0.3366012179192833,-1.6192705307249557
CUST_1376,B,51,F,Sports,0,41012.07,39,139,4,561.07,0.2483902653522559,0,0.0970254232723449,0.2904854309539322,140.27,16.03,14.53,4,Occasional Shoppers,-2.032938835785917,-0.3846969045719706
CUST_1377,B,47,M,Beauty,1,34671.25,50,74,12,492.83,0.2828537317102131,0,0.0583329845073596,0.3396061515795418,41.07,78.85,29.14,4,Occasional Shoppers,-1.196416077624476,-0.9163666909327165
CUST_1378,B,35,F,Books,1,32621.73,50,179,15,1118.7,0.4473995152370289,1,0.1095579537803104,0.4146683110477501,74.58,93.22,35.85,4,Occasional Shoppers,-1.46576908204578,-0.6930250376063395
CUST_1379,E,49,F,Clothing,0,16313.95,72,20,19,116.94,0.3806006440234291,0,0.0402951280009095,0.821899154062055,6.15,105.8,59.44,3,Young Explorers,0.12103078946226643,-2.165400253737201
CUST_1380,D,21,F,Home,3,74131.97,19,207,3,5218.07,0.0805788886050352,3,0.262449463822655,0.3246151733019214,1739.36,75.26,3.98,1,At-Risk High-Value,-2.7602817081494138,2.000877040583783
CUST_1381,B,55,F,Grocery,3,44398.79,56,153,9,990.27,0.2818631355031684,1,0.1194313872374106,0.4088350307266652,110.03,57.87,17.83,4,Occasional Shoppers,-1.5022904018555359,-0.41746866461303345
CUST_1382,B,51,F,Sports,0,33816.29,56,172,5,116.36,0.4880633850733828,0,0.0827343952663111,0.174796342499283,23.27,3.36,14.08,4,Occasional Shoppers,-1.9881736652325563,-0.7804550673599685
CUST_1383,C,63,F,Beauty,0,44714.03,56,36,22,2565.65,0.9363028983721178,3,0.2310518366014011,0.5978556370486473,116.62,1525.52,58.73,0,Bargain Hunters,-0.5232174241028195,-1.4693027093600064
CUST_1384,B,38,M,Sports,0,28839.43,38,99,13,456.5,0.4614716403289265,0,0.0621453662370836,0.4380201685028576,35.12,59.34,35.77,4,Occasional Shoppers,-1.3888437152492363,-1.1949421675831438
CUST_1385,D,55,M,Grocery,3,135861.1,18,339,5,6993.01,0.1006570205494017,5,0.3376798343543837,0.3322860241308641,1398.6,102.84,7.94,1,At-Risk High-Value,-2.8687038550932473,3.3229203371754594
CUST_1386,B,38,F,Beauty,2,53742.75,61,77,14,783.6,0.2335217923641548,2,0.1481391384737409,0.3702415474094653,55.97,140.65,30.7,4,Occasional Shoppers,-0.9824881170688137,-0.4103577114046674
CUST_1387,A,39,F,Grocery,3,161372.51,97,15,35,4532.76,0.0040236492664155,7,0.0318377773805806,0.6624977128590505,129.51,9915.41,80.92,2,Premium Loyalists,2.2681799944962515,0.9391803664229477
CUST_1388,B,35,F,Clothing,3,58167.44,42,101,3,715.57,0.3896817770012382,1,0.1144642240012268,0.4909345285734705,238.52,21.05,7.81,4,Occasional Shoppers,-1.6725002142343728,-0.5946950880701461
CUST_1389,E,48,F,Grocery,0,34014.87,75,57,13,530.01,0.3645790305967838,0,0.0871132525853225,0.8517080613679475,40.77,118.8,44.79,3,Young Explorers,-0.21396590422819758,-1.78306076164793
CUST_1390,C,63,F,Sports,0,35609.59,56,45,23,3055.64,0.7552449940361945,5,0.2200979749636378,0.6546940551449006,132.85,1527.82,61.32,0,Bargain Hunters,-0.29873537343945333,-1.095048686033616
CUST_1391,B,47,F,Beauty,2,43980.58,39,77,10,780.01,0.3819966789119527,0,0.1172529414098,0.3668701177612339,78.0,100.0,22.64,4,Occasional Shoppers,-1.5750770662494447,-0.7912077396459639
CUST_1392,E,41,M,Grocery,2,31923.18,89,17,21,51.94,0.5110956392693234,0,0.0249018192563221,0.8326809459060791,2.47,60.6,58.54,3,Young Explorers,0.5474497532581426,-2.3538012796500665
CUST_1393,A,48,M,Home,0,96724.02,95,5,61,13913.32,0.0465347011566718,9,0.0423985699017919,0.7513763862028098,228.09,141452.09,157.03,2,Premium Loyalists,5.30396045141183,2.0294571169560207
CUST_1394,B,58,F,Books,0,51065.16,60,171,6,1074.6,0.2699000807893315,2,0.071912487103071,0.3731787054056965,179.1,37.49,20.05,4,Occasional Shoppers,-1.4039972479911964,-0.22629003383972257
CUST_1395,D,44,M,Sports,0,114996.89,14,198,4,5281.75,0.110083718170571,9,0.3287618487906136,0.4661906770083367,1320.44,106.17,17.83,1,At-Risk High-Value,-2.22492391259552,2.6909137554996803
CUST_1396,E,49,F,Beauty,4,29151.45,71,50,21,332.68,0.5357218658416112,0,0.0134936046318982,0.987985360258514,15.84,136.99,51.76,3,Young Explorers,0.27531941655873093,-2.3308133267755484
CUST_1397,B,53,F,Home,0,40790.08,47,72,13,351.63,0.336610227935593,0,0.0965702624120316,0.438844809183828,27.05,62.62,36.17,4,Occasional Shoppers,-1.182004785212435,-1.0128620870576186
CUST_1398,B,45,F,Home,0,56603.14,53,76,6,901.34,0.215125734844274,3,0.0742525048025167,0.2467254655835074,150.22,70.23,18.25,4,Occasional Shoppers,-1.2438227114719518,-0.13826979233837727
CUST_1399,C,40,M,Home,0,29695.22,65,12,59,1111.31,0.9698741537068049,2,0.2624676094743474,0.5340232128605109,18.84,5043.64,137.01,0,Bargain Hunters,0.772958556980703,-2.0114597500842772
CUST_1400,C,46,F,Beauty,0,31421.6,66,9,21,2146.81,0.7380524303285425,3,0.2326890875490766,0.7518501328282639,102.23,4508.3,68.15,0,Bargain Hunters,-0.08214833753747561,-1.656730739194364
CUST_1401,A,35,F,Home,0,138873.83,93,17,60,6943.84,0.0066008794246424,8,0.0082182693204951,0.5814311550112312,115.73,23146.13,137.51,2,Premium Loyalists,3.3929510102756586,1.1627917830677355
CUST_1402,A,19,M,Beauty,4,181763.78,93,15,76,9867.38,0.0520684790112513,5,0.021096277122533,0.5012461445726967,129.83,46870.05,156.69,2,Premium Loyalists,4.232395884678182,1.758228955673778
CUST_1403,A,69,M,Sports,2,169371.52,75,22,37,8378.7,0.0719680414488138,6,0.0447782878147348,0.4548233748462908,226.45,13478.78,81.64,2,Premium Loyalists,1.9480517340188328,1.6748795348864378
CUST_1404,C,46,M,Electronics,0,19265.89,49,40,29,2825.99,0.7452480597718949,7,0.25287780674103,0.4032166970741768,97.45,1998.87,68.56,0,Bargain Hunters,-0.48790540789237835,-0.7375077013376821
CUST_1405,C,24,F,Books,3,28237.11,67,4,52,2456.35,0.9965414699647632,4,0.2619786935517073,0.5676286189167672,47.24,25546.04,131.35,0,Bargain Hunters,1.1182342586073775,-1.656897252130456
CUST_1406,E,38,M,Home,1,33049.44,65,42,24,541.88,0.4453280059271139,1,0.0762201590847249,0.8303356995335223,22.58,302.44,63.99,3,Young Explorers,0.11290989726861764,-1.8048278377116367
CUST_1407,B,48,M,Electronics,2,51871.89,39,173,13,197.12,0.4027229301668456,0,0.1229247007271336,0.452146648632547,15.16,14.73,29.62,4,Occasional Shoppers,-1.745707951123441,-0.6224482453885517
CUST_1408,E,47,M,Electronics,3,18571.16,76,52,9,609.9,0.7779501125844847,1,0.0,0.92266585959188,67.77,103.57,29.38,3,Young Explorers,-0.10678820022614492,-2.5962884709976097
CUST_1409,E,48,F,Grocery,2,22948.53,60,20,16,715.18,0.4817690507092176,0,0.077598594621934,0.9467603815024924,44.7,544.9,49.94,3,Young Explorers,-0.1328916839034824,-2.1610693956043
CUST_1410,B,38,M,Clothing,1,54968.69,41,165,12,425.11,0.4117135017979848,1,0.0980728773816291,0.2695956283706382,35.43,30.73,27.0,4,Occasional Shoppers,-1.7571506767243084,-0.3575952872147201
CUST_1411,B,31,F,Beauty,0,40744.3,52,174,12,180.47,0.3412771308699669,0,0.0801802294031449,0.5145333939678947,15.04,12.38,34.87,4,Occasional Shoppers,-1.3900284032573644,-0.8586118234701551
CUST_1412,A,50,M,Clothing,4,167280.0,86,24,40,13045.83,0.0371491554036016,11,0.0354980580471763,0.5639593272443074,326.15,20873.33,83.45,2,Premium Loyalists,2.9985451239889467,2.5659174323729546
CUST_1413,B,53,M,Clothing,0,48128.92,64,69,11,304.63,0.265005261732652,1,0.1066043807043302,0.3154785948487307,27.69,47.87,29.76,4,Occasional Shoppers,-1.0357571091984554,-0.714352884189232
CUST_1414,D,18,M,Electronics,3,95099.66,26,174,4,5872.99,0.078412891365812,3,0.3013999443662757,0.6944078793401729,1468.25,134.24,13.46,1,At-Risk High-Value,-2.0349252205048702,1.6793445474534994
CUST_1415,A,32,F,Sports,5,97931.52,79,7,63,12853.69,0.0250001553059174,13,0.0144401133921029,0.500254995285855,204.03,101222.81,135.29,2,Premium Loyalists,4.535707551107315,2.501031674322027
CUST_1416,A,40,F,Beauty,0,146421.31,93,13,51,5435.08,0.0947621418422697,11,0.0470474220618176,0.7096021548380561,106.57,19799.22,123.88,2,Premium Loyalists,3.1637968782144372,1.1226283627288918
CUST_1417,E,51,M,Books,2,26185.86,62,10,19,313.79,0.3120296607322512,0,0.0427778670215654,0.8604956363992187,16.52,542.0,59.21,3,Young Explorers,0.1002242769819983,-1.9414523268529884
CUST_1418,C,46,M,Electronics,0,47557.48,68,22,17,2302.19,0.8261980710201074,7,0.191226670454154,0.4329679806081167,135.42,1701.62,47.2,0,Bargain Hunters,-0.2870542719647841,-0.9074512492365163
CUST_1419,B,46,M,Home,1,46065.81,51,105,10,1138.13,0.4052698626147732,1,0.0646481135175815,0.5360501933631464,113.81,107.37,28.67,4,Occasional Shoppers,-1.0648899216969478,-0.9144440680720348
CUST_1420,C,53,M,Beauty,3,29097.28,62,1,58,481.73,0.6868399977702723,5,0.2300196175583534,0.85208359406343,8.31,13970.17,200.0,0,Bargain Hunters,1.9289520067983983,-1.7710286087019382
CUST_1421,C,39,M,Books,2,25451.18,55,38,26,2163.25,0.7389458959427675,7,0.2765921123234259,0.4072796323647378,83.2,1442.17,56.78,0,Bargain Hunters,-0.6048446561440805,-0.7429723792639205
CUST_1422,B,33,F,Electronics,3,34953.46,51,139,7,878.19,0.2994080224507095,0,0.1331953202132061,0.3388842835128925,125.46,43.91,12.5,4,Occasional Shoppers,-1.8179282773268213,-0.5456626815313406
CUST_1423,E,51,M,Clothing,5,23027.07,84,15,11,341.69,0.3689924744660375,0,0.0539237492905111,0.9197677912835224,31.06,234.91,32.06,3,Young Explorers,0.09888081531875308,-2.177329585870403
CUST_1424,B,71,M,Beauty,1,48854.68,42,169,14,244.01,0.2094871032975324,2,0.0640352137862801,0.4434526521375759,17.43,20.09,34.46,4,Occasional Shoppers,-1.3526107970289976,-0.2861645479957753
CUST_1425,C,43,M,Electronics,1,46093.17,47,34,44,1974.18,0.7130470198226526,6,0.2716627683126235,0.5625502773451213,44.87,2481.83,99.19,0,Bargain Hunters,0.1434668793444728,-0.8179461365674224
CUST_1426,C,62,M,Sports,2,43202.64,48,28,28,1547.66,0.94423319729523,2,0.1225456895781181,0.4895586398912778,55.27,1494.29,63.36,0,Bargain Hunters,-0.3729452220019631,-1.7131003125815443
CUST_1427,D,38,M,Electronics,1,85480.93,32,211,4,5480.18,0.0132294375284429,7,0.2219724816371533,0.450075384742701,1370.04,103.4,14.48,1,At-Risk High-Value,-1.9024207774177824,2.2144926094736475
CUST_1428,E,28,F,Beauty,0,23022.03,83,21,8,415.19,0.3277729655842819,1,0.0659449308013933,0.9392498693731198,51.9,150.98,39.55,3,Young Explorers,0.054395498907730946,-2.025267287694798
CUST_1429,B,55,M,Grocery,1,41951.32,61,82,5,1087.55,0.3582025257025418,2,0.1056138443754422,0.2600992308393113,217.51,65.52,13.42,4,Occasional Shoppers,-1.3781229373387,-0.5291189599625105
CUST_1430,A,42,F,Beauty,2,199515.16,90,17,51,3855.35,0.0953771658216007,11,0.0158431784630139,0.6218183738336984,75.6,10923.49,114.32,2,Premium Loyalists,3.03148487610928,1.492626307523101
CUST_1431,A,41,F,Books,0,99476.07,87,18,57,10753.34,0.0254205309147882,13,0.0193142474955037,0.4749713971650938,188.66,32260.02,129.05,2,Premium Loyalists,3.5202295652418925,1.9022361979493456
CUST_1432,C,31,F,Sports,3,21870.13,41,7,58,2880.78,0.7717065240290211,3,0.1561162110244184,0.5681619468629947,49.67,20885.66,132.65,0,Bargain Hunters,1.03275083497707,-1.438450725646882
CUST_1433,C,26,F,Grocery,1,24097.62,53,23,47,2081.7,0.8188211635806434,7,0.1138927630241754,0.5166268758414218,44.29,4076.66,105.68,0,Bargain Hunters,0.7712531356104424,-1.2997420582884132
CUST_1434,D,45,F,Electronics,4,138483.74,19,281,2,7125.57,0.132404344861445,7,0.3656912629718534,0.5390609595514559,3562.78,50.54,3.14,1,At-Risk High-Value,-2.897721042701308,3.8244431206471807
CUST_1435,A,31,F,Sports,5,107630.19,96,26,38,13151.77,0.082731793444444,10,0.0032553696690848,0.5912092169677627,346.1,18509.9,76.67,2,Premium Loyalists,2.9019768869047664,1.7388009315685442
CUST_1436,B,36,M,Sports,0,54703.96,42,146,6,957.19,0.3161770060692962,1,0.1313849836715871,0.254626439291884,159.53,39.07,17.78,4,Occasional Shoppers,-1.9531879961440524,-0.12769212009563927
CUST_1437,B,45,F,Clothing,2,42244.63,62,110,4,1032.05,0.4243096667335106,0,0.088002478385073,0.3751414027204814,258.01,37.19,10.41,4,Occasional Shoppers,-1.4702245216578491,-0.8639292607360655
CUST_1438,A,38,F,Clothing,0,166627.45,92,5,40,10313.63,0.0703518308521581,6,0.0311014052788385,0.7456980220101507,257.84,68757.53,114.91,2,Premium Loyalists,3.5907390058183997,1.6374724630623312
CUST_1439,C,53,F,Clothing,3,35790.31,58,39,53,2116.4,0.9885774991431794,5,0.1177745202969942,0.4671898022411981,39.93,2804.23,108.91,0,Bargain Hunters,0.8048340406280967,-1.5464706914284496
CUST_1440,C,31,M,Books,0,25787.46,47,37,25,1325.21,0.5802164026212715,5,0.2810504988902645,0.582121890978061,53.01,871.85,64.35,0,Bargain Hunters,-0.710764427625312,-0.9566173477028072
CUST_1441,D,31,M,Home,3,144851.86,23,246,1,6646.77,0.0661143521672442,9,0.2133539817144672,0.5430916612028597,6646.77,26.91,4.27,1,At-Risk High-Value,-2.76746035611021,4.74103263411408
CUST_1442,C,32,M,Books,5,27939.14,41,28,54,666.85,0.94172650784149,4,0.1314077360159923,0.4876948902604903,12.35,1241.72,106.33,0,Bargain Hunters,0.3766792517690525,-1.7349815713835959
CUST_1443,E,37,F,Home,2,23501.63,70,40,9,323.61,0.6654488632753573,1,0.0630472834914115,0.9210499139367552,35.96,71.04,32.92,3,Young Explorers,-0.30073486328756904,-2.350753622598481
CUST_1444,A,37,M,Grocery,4,158112.23,95,12,61,6612.49,0.0322169328627186,9,0.0336578396473981,0.6156728264354523,108.4,31027.84,130.65,2,Premium Loyalists,3.5861079175513093,1.4038225835380533
CUST_1445,C,35,M,Grocery,1,29321.83,64,35,47,2710.44,0.8037258467612024,7,0.2694071492954678,0.3929355392537871,57.67,3538.63,101.72,0,Bargain Hunters,0.3977844027207421,-0.8474362915730103
CUST_1446,C,37,F,Beauty,0,25133.61,54,25,55,2990.39,0.9236249036360789,5,0.1709156669143634,0.6286630555915541,54.37,6325.82,126.57,0,Bargain Hunters,1.0094375458352198,-1.5901288977380967
CUST_1447,C,27,M,Clothing,0,32223.23,45,10,49,1107.41,0.6251822622985012,4,0.2578469867593903,0.3981536626510237,22.6,4933.01,115.96,0,Bargain Hunters,0.13593201791566198,-1.018015908342314
CUST_1448,E,58,F,Beauty,1,31948.2,93,29,17,110.06,0.784587339847392,2,0.0,0.8719749397668354,6.47,62.37,51.89,3,Young Explorers,0.6024672417955723,-2.6158447333892823
CUST_1449,C,66,F,Home,5,48176.8,68,39,40,615.04,0.9468374005582112,6,0.1516697571406798,0.6883769200413008,15.38,615.04,81.33,0,Bargain Hunters,0.5953032709445992,-1.6748980840070853
CUST_1450,B,37,F,Grocery,0,36753.91,60,182,8,991.68,0.4621629427793754,1,0.0960355336385637,0.4796850510217362,123.96,43.35,26.14,4,Occasional Shoppers,-1.4495839517347318,-0.8129867175322688
CUST_1451,E,40,M,Electronics,2,24216.27,92,24,21,544.86,0.3807085739770102,0,0.0273841956437407,0.873592405162643,25.95,457.68,57.64,3,Young Explorers,0.6219092983822347,-2.2121006963361856
CUST_1452,C,44,M,Beauty,2,27342.95,51,34,27,2307.29,0.9430516052529736,5,0.2747351678679189,0.6363291829275687,85.46,1779.91,63.67,0,Bargain Hunters,-0.4859484238231866,-1.4370633651593703
CUST_1453,A,45,M,Grocery,1,84605.22,82,26,59,11921.81,0.0760596164899946,6,0.0258656110549189,0.3969206965668436,202.06,26051.36,126.78,2,Premium Loyalists,2.934838770903858,1.2777632643845143
CUST_1454,C,67,F,Books,0,36266.0,67,10,53,1198.56,0.8435090908007482,1,0.248108268020321,0.8182607926208548,22.61,5774.88,132.37,0,Bargain Hunters,0.9534035538860364,-2.188884553953937
CUST_1455,E,45,F,Grocery,4,14116.46,72,29,23,641.8,0.6452962278788004,1,0.033178163569277,1.0,27.9,492.05,57.45,3,Young Explorers,0.41991472665719526,-2.558670229884251
CUST_1456,E,23,F,Sports,0,34252.09,86,26,8,714.49,0.7102949130994676,1,0.0431201659672897,0.9374752863518984,89.31,211.7,38.6,3,Young Explorers,0.13756768549122178,-2.4621575734769503
CUST_1457,B,44,M,Home,3,30678.89,49,145,6,751.44,0.294927565458685,0,0.1089482900715981,0.5170812407432642,125.24,30.88,14.03,4,Occasional Shoppers,-1.6752436587594925,-0.7879350788880702
CUST_1458,B,32,F,Clothing,1,55665.3,38,80,12,300.03,0.3345166767894645,0,0.0943432016416631,0.5073730527819778,25.0,44.45,32.4,4,Occasional Shoppers,-1.283295908946151,-0.8642637987699832
CUST_1459,B,18,M,Clothing,0,52862.23,41,117,13,668.82,0.1877575887608432,2,0.1113024606135819,0.5450057480155794,51.45,73.68,37.75,4,Occasional Shoppers,-1.1841321288082178,-0.3724848509147121
CUST_1460,C,63,M,Books,0,25513.49,64,30,37,1569.8,0.7294538315958742,4,0.2110444739607275,0.4184308741898088,42.43,1873.63,85.7,0,Bargain Hunters,0.001267026206199656,-1.307562013270649
CUST_1461,C,41,F,Grocery,2,48485.02,43,4,48,708.22,0.837161826195621,3,0.2918479794416501,0.8735745933738124,14.75,6798.91,132.47,0,Bargain Hunters,0.563805624384342,-1.7787924372856052
CUST_1462,D,36,F,Electronics,1,148010.68,24,256,4,3053.09,0.1904350289992503,6,0.2307646047315755,0.4309504612428455,763.27,47.52,14.01,1,At-Risk High-Value,-2.1687990715157084,2.2166860267216104
CUST_1463,C,30,F,Sports,0,33811.27,43,32,61,633.55,0.6986095162134008,3,0.1299052164833513,0.50012016137148,10.39,1171.11,135.13,0,Bargain Hunters,0.7275391586815023,-1.4999325084218333
CUST_1464,B,45,M,Electronics,0,40749.05,41,142,8,826.69,0.4654614032116532,2,0.0753537118137693,0.2304621000857661,103.34,46.25,21.31,4,Occasional Shoppers,-1.770134038323485,-0.4683050193506242
CUST_1465,B,45,F,Electronics,3,53976.39,40,72,12,1093.46,0.4647380434714773,1,0.1224434713590165,0.2087976606231107,91.12,179.75,20.56,4,Occasional Shoppers,-1.5680384348181864,-0.5214009060329352
CUST_1466,C,41,M,Books,4,21308.32,46,38,48,1196.46,0.7589330198987628,4,0.2809667790046497,0.6182075542299746,24.93,1472.57,99.0,0,Bargain Hunters,-0.014008068238356337,-1.4104791149476832
CUST_1467,C,47,M,Home,4,46075.19,56,2,37,1379.08,0.7149706414157692,4,0.1585220782950656,0.7358222408429835,37.27,17008.65,126.72,0,Bargain Hunters,1.0014317513426878,-1.4890264523419836
CUST_1468,B,59,F,Sports,2,50608.17,50,177,13,1077.62,0.428251411515169,0,0.0738786554571951,0.2817098528263028,82.89,78.7,26.2,4,Occasional Shoppers,-1.5830206417174217,-0.49053449183955783
CUST_1469,B,36,M,Sports,0,43711.94,35,163,13,177.39,0.2773686455458073,0,0.0646133298051846,0.2768958697161621,13.65,14.06,32.15,4,Occasional Shoppers,-1.7868559823527022,-0.42775211156050236
CUST_1470,B,52,M,Home,1,32125.05,35,81,7,979.84,0.3438734037344083,1,0.0813750852343031,0.2578093763163931,139.98,83.64,17.39,4,Occasional Shoppers,-1.74635205143798,-0.6035655081161817
CUST_1471,E,54,F,Grocery,3,33327.72,78,38,13,341.77,0.75427027503996,0,0.0273282231385089,0.7586057411835521,26.29,113.92,34.8,3,Young Explorers,-0.13580634625840557,-2.408695301657792
CUST_1472,E,49,M,Beauty,1,33860.46,94,24,9,329.1,0.7212137124107582,1,0.0861084730895647,0.8811736747892543,36.57,118.48,36.79,3,Young Explorers,0.10232455902956593,-2.470254197393575
CUST_1473,D,38,M,Home,3,123119.39,19,198,4,7277.94,0.1322382239828229,6,0.4133561558862705,0.6208371670217094,1819.48,146.29,11.92,1,At-Risk High-Value,-2.335344412018908,2.7567999485116865
CUST_1474,C,51,M,Beauty,5,49443.1,47,39,35,2306.83,0.813898894046571,2,0.1728112336783251,0.5652513560613273,65.91,2018.48,68.87,0,Bargain Hunters,-0.18598099484781275,-1.3414882313427388
CUST_1475,B,56,F,Grocery,0,53792.8,43,175,5,743.33,0.2158761785909438,2,0.0697294724023799,0.2603033802963894,148.67,21.12,15.78,4,Occasional Shoppers,-1.850358226983601,0.07499562392840667
CUST_1476,A,41,F,Clothing,1,182126.5,99,13,43,12121.72,0.0710257904270497,11,0.0152369082681734,0.6129963945064577,281.9,37231.0,102.95,2,Premium Loyalists,3.6936764273461473,2.400384784102184
CUST_1477,B,63,M,Sports,3,29403.27,56,131,7,1188.64,0.4530065433388409,0,0.1078885095677655,0.3234323381395451,169.81,63.03,12.23,4,Occasional Shoppers,-1.6806126552997003,-0.8457335877707128
CUST_1478,D,47,F,Clothing,1,152091.66,28,282,2,3137.18,0.1491237834263057,2,0.2951966309086666,0.5231747662067079,1568.59,22.17,11.82,1,At-Risk High-Value,-2.6816410829242407,2.2415346931218245
CUST_1479,C,40,F,Clothing,0,27406.08,68,25,51,1186.0,0.8446022370617818,3,0.1457490889095182,0.7902384029874748,23.25,2326.38,121.8,0,Bargain Hunters,1.0851939765653758,-2.1606115126967027
CUST_1480,B,31,M,Clothing,2,30072.81,61,153,10,1033.31,0.2599960432895445,1,0.0884709374381056,0.540831058613528,103.33,67.1,25.47,4,Occasional Shoppers,-1.1859568569377408,-0.7450096782901974
CUST_1481,A,51,M,Home,4,192564.16,80,11,65,10649.33,0.0988373533145627,14,0.0405008374381348,0.7550289288167994,163.84,57683.87,142.19,2,Premium Loyalists,4.549356209904286,2.6339220899111
CUST_1482,B,47,M,Home,1,34567.95,43,114,14,485.56,0.4059563850389994,0,0.076724540700374,0.2586566670576303,34.68,59.11,31.05,4,Occasional Shoppers,-1.5399923703829075,-0.8193436469845269
CUST_1483,E,19,F,Electronics,0,26713.01,65,21,16,254.79,0.3519831037900881,0,0.0470750020743755,0.7023151607351135,15.92,185.3,50.81,3,Young Explorers,-0.20551920952677735,-1.8155458095312542
CUST_1484,B,38,F,Sports,4,38973.42,39,138,15,1213.02,0.3140130893390034,2,0.0767353099790865,0.5763819706991347,80.87,130.9,30.25,4,Occasional Shoppers,-1.1792622300727673,-0.5885872860658755
CUST_1485,A,31,F,Sports,0,169958.33,87,18,61,4516.5,0.064928684964658,9,0.0465661725628144,0.5688152442274937,74.04,14500.34,138.93,2,Premium Loyalists,3.1023854853969968,1.2474921400013206
CUST_1486,A,36,F,Electronics,1,174450.41,87,9,76,11021.71,0.0699426031417349,6,0.034308596419292,0.6484915914242787,145.02,83765.0,173.08,2,Premium Loyalists,4.838017621521179,1.9343795814705627
CUST_1487,B,24,M,Electronics,0,42437.04,48,181,5,304.7,0.3372293977513159,1,0.0735507313350432,0.4422316337169948,60.94,8.37,19.4,4,Occasional Shoppers,-1.730927576901184,-0.5834148422871472
CUST_1488,C,32,M,Clothing,1,43014.36,63,40,42,1991.68,0.8147915936155646,7,0.1398452035486191,0.5824862594659653,47.42,2040.26,95.15,0,Bargain Hunters,0.7171308065138242,-1.1750767834966793
CUST_1489,B,28,F,Books,2,38432.95,49,76,15,361.32,0.4598431698620946,2,0.0684631514279468,0.2380975685500462,24.09,70.39,30.08,4,Occasional Shoppers,-1.1734102540667544,-0.8262365222976047
CUST_1490,B,34,M,Beauty,0,38681.06,51,138,10,674.99,0.3295359855333702,1,0.1217405841054468,0.2867495260733355,67.5,48.56,26.46,4,Occasional Shoppers,-1.6312569897662248,-0.49217941602601967
CUST_1491,A,36,F,Beauty,1,77481.34,77,27,62,12921.85,0.0341144445678502,13,0.0359219889881211,0.6386874918547657,208.42,28612.67,137.48,2,Premium Loyalists,3.640493937780497,1.8362566177406214
CUST_1492,D,56,F,Electronics,1,142559.49,20,219,3,4555.37,0.0,8,0.4037032987068486,0.3768806853335222,1518.46,62.12,10.99,1,At-Risk High-Value,-2.5833375211804768,3.2328754259607697
CUST_1493,E,26,F,Books,2,31369.62,91,9,10,798.3,0.682854176890286,0,0.0173681628813307,1.0,79.83,798.3,45.11,3,Young Explorers,0.4766879556086574,-2.7143222845069226
CUST_1494,C,31,M,Beauty,2,30328.08,54,42,52,2743.15,0.8589545360861743,5,0.251980427785174,0.5824955784739341,52.75,3317.3,112.03,0,Bargain Hunters,0.5082956183407339,-1.255092386279413
CUST_1495,B,64,F,Sports,2,60002.09,34,120,4,485.93,0.3110502065413015,0,0.0775774583938984,0.5491535545753761,121.48,16.06,13.82,4,Occasional Shoppers,-1.692087814213738,-0.6345502274236948
CUST_1496,B,18,F,Grocery,4,43277.04,42,158,9,1090.38,0.3216079758223812,0,0.0607024681548647,0.2909605486881441,121.15,61.72,12.45,4,Occasional Shoppers,-1.7883674512306673,-0.4028109465754179
CUST_1497,C,37,F,Home,2,24259.72,61,4,59,1953.41,0.8494781464996145,6,0.1799480370194316,0.6834543013867883,33.11,23050.24,150.67,0,Bargain Hunters,1.6883425605462405,-1.5840170315530888
CUST_1498,E,64,M,Electronics,2,17815.6,77,24,22,627.03,0.4923441647632272,0,0.058429401662509,0.7762995436555182,28.5,551.79,57.69,3,Young Explorers,0.19039189066827794,-2.1817883959319815
CUST_1499,A,38,M,Electronics,2,147907.43,89,14,76,5795.46,0.0363946798822199,5,0.0270839935946406,0.7818156481412435,76.26,29363.66,168.78,2,Premium Loyalists,3.9115110025065913,0.6243816179027789
CUST_1500,C,26,F,Books,0,26378.33,63,40,42,1839.25,0.7059336606655342,7,0.1392069870451883,0.6769865845203485,43.79,1884.11,100.04,0,Bargain Hunters,0.7806085292528995,-1.3035886330657338
CUST_1501,E,34,F,Sports,3,22745.4,76,53,21,353.23,0.6113961474606743,1,0.1053948745115243,0.8359262137537369,16.82,137.37,51.61,3,Young Explorers,-0.03061811820868814,-2.142420000643768
CUST_1502,A,28,M,Electronics,5,102023.87,78,28,30,6106.31,0.0975451982672093,11,0.0357694944249281,0.7911809896717312,203.54,6316.87,64.4,2,Premium Loyalists,1.863880123662111,0.8569045106046568
CUST_1503,D,31,M,Grocery,0,65540.06,16,278,4,3315.55,0.0190201947107005,11,0.2065740918853685,0.2720612540187476,828.89,47.53,13.8,1,At-Risk High-Value,-2.44858454096241,2.476140446228143
CUST_1504,E,23,M,Grocery,7,22602.85,69,5,11,534.98,0.6556884035283287,1,0.052209973383575,0.8820449452813471,48.63,980.8,38.64,3,Young Explorers,-0.034699541067039916,-2.3604372513374225
CUST_1505,B,44,M,Sports,0,54313.95,42,123,2,779.51,0.4634359098143338,2,0.064187512733476,0.3661476938752307,389.76,12.57,12.14,4,Occasional Shoppers,-1.7352650787581545,-0.4730452325742813
CUST_1506,C,51,F,Books,2,33739.56,49,9,27,1929.97,0.7574752447507215,7,0.1223609173635474,0.6957203499651265,71.48,5210.92,73.03,0,Bargain Hunters,0.28461608360496743,-1.2853669084326367
CUST_1507,C,36,M,Home,4,40194.44,68,15,29,2325.38,0.884407808608288,3,0.1586516878761968,0.469157453811534,80.19,4214.75,62.05,0,Bargain Hunters,0.04813540597566257,-1.5362079809824185
CUST_1508,B,37,M,Electronics,4,45462.41,45,99,10,1127.11,0.4348195335045247,0,0.0851425319091378,0.3156994313648263,112.71,112.71,15.32,4,Occasional Shoppers,-1.5349341472250042,-0.7443772190042564
CUST_1509,E,43,F,Clothing,0,29412.75,69,17,22,309.14,0.5278792348695762,0,0.0923468324326991,0.7402355862087909,14.05,377.84,64.69,3,Young Explorers,0.00659763793150616,-2.0697081303771436
CUST_1510,A,41,F,Clothing,0,200410.94,94,27,47,9302.51,0.0764636587375912,7,0.0383725774219183,0.5005025673529503,197.93,15614.93,107.71,2,Premium Loyalists,2.9413311768694514,1.953989545745655
CUST_1511,D,48,F,Books,1,74138.13,16,347,2,6757.41,0.0848108290880273,9,0.358592114936873,0.5395519296690566,3378.7,38.84,12.08,1,At-Risk High-Value,-3.217726884917311,3.5777988294542804
CUST_1512,D,57,F,Books,0,82291.17,15,349,2,3543.31,0.0274391285598815,10,0.2903549180498835,0.5605566511473588,1771.66,20.25,15.5,1,At-Risk High-Value,-2.865036950756863,2.8718735958679407
CUST_1513,A,52,M,Beauty,2,192551.62,85,17,39,9816.98,0.0826362572330946,5,0.03778039144831,0.7700056516580016,251.72,21270.12,93.28,2,Premium Loyalists,2.77016063669912,1.543576649566299
CUST_1514,A,45,M,Clothing,4,147400.22,88,15,60,11281.98,0.0442545552456345,14,0.038753867713771,0.6426382540848155,188.03,42307.42,127.52,2,Premium Loyalists,4.0897423716364765,2.379500929507033
CUST_1515,C,28,M,Books,2,45630.29,56,6,51,666.81,0.6690099715898234,7,0.1196182304381695,0.8086866305261613,13.07,4858.19,128.84,0,Bargain Hunters,1.4174804633181202,-1.4323167377372945
CUST_1516,C,34,F,Electronics,0,28631.77,41,28,41,1988.54,0.7198399684652588,7,0.1090931410923333,0.6857647576902983,48.5,2811.38,99.29,0,Bargain Hunters,0.5498176144056749,-1.2281544402539053
CUST_1517,B,38,F,Grocery,0,32802.8,41,159,5,1101.25,0.2561727874643751,3,0.0834069326795477,0.4733431498857373,220.25,34.41,20.1,4,Occasional Shoppers,-1.6470447734827947,-0.2758909000316606
CUST_1518,A,46,F,Clothing,3,123071.15,98,18,30,13736.97,0.0043402620133329,5,0.0372231164787558,0.6436546399672498,457.9,21689.95,69.43,2,Premium Loyalists,2.529498434363683,1.5823721751439377
CUST_1519,D,39,F,Electronics,3,76974.87,35,299,3,5684.8,0.0492352999445863,4,0.352615944061903,0.5598494761704884,1894.93,56.85,8.53,1,At-Risk High-Value,-2.746903410840297,2.3143904049733943
CUST_1520,B,18,F,Home,3,51033.4,54,168,7,735.44,0.2759832979950986,1,0.1182571839357983,0.1736639205920148,105.06,30.46,9.07,4,Occasional Shoppers,-1.90248159077848,-0.055747675475976186
CUST_1521,B,59,F,Grocery,0,60779.2,57,122,4,962.5,0.4674885678839025,1,0.060070810440658,0.4381608179954583,240.62,31.3,17.58,4,Occasional Shoppers,-1.3162802329580154,-0.7274758412377202
CUST_1522,D,28,F,Books,0,76915.45,23,301,3,5897.56,0.0740885151397815,5,0.145161850532559,0.681156356619981,1965.85,58.59,19.96,1,At-Risk High-Value,-2.1623003075673024,2.0622409590793658
CUST_1523,C,45,M,Home,2,39880.87,60,42,38,1591.22,0.7339300566259382,5,0.1713452317466862,0.8735850417581316,41.87,1406.19,89.85,0,Bargain Hunters,0.5855454153695028,-1.5618337122169368
CUST_1524,C,51,M,Home,0,45710.06,47,4,57,2942.18,0.9424962818027532,2,0.2664639692272963,0.7100218651538734,51.62,33540.85,153.2,0,Bargain Hunters,1.2238844975983079,-1.569950029867607
CUST_1525,B,50,F,Clothing,0,35650.55,38,103,5,481.03,0.332596189078291,0,0.085240215661372,0.5068792608398262,96.21,23.13,21.11,4,Occasional Shoppers,-1.6486470346780688,-0.9407572757777535
CUST_1526,C,40,F,Electronics,2,22001.35,45,12,31,2458.36,0.822047683301813,4,0.1777603143352486,0.4498926305289758,79.3,5862.24,73.33,0,Bargain Hunters,-0.25271822311490283,-1.3367679515916238
CUST_1527,B,31,F,Books,0,40443.0,56,133,7,692.93,0.3342806688172048,2,0.143824776158146,0.4223626416850268,98.99,36.2,23.2,4,Occasional Shoppers,-1.4998013181972931,-0.5370437279829039
CUST_1528,A,58,F,Electronics,1,112045.53,81,7,76,8725.27,0.0618597175267534,12,0.0255201543831948,0.8500622951658108,114.81,82890.06,180.29,2,Premium Loyalists,4.956429071721912,1.473956485117457
CUST_1529,B,49,F,Clothing,1,29941.91,36,92,14,319.47,0.4472362732346179,1,0.0582264154790937,0.415512465945171,22.82,48.09,34.4,4,Occasional Shoppers,-1.3355226062866352,-1.0706506138342062
CUST_1530,A,43,F,Home,3,144100.81,94,30,44,7575.55,0.0367862962210151,11,0.0095573022374366,0.6078738072600762,172.17,10752.39,94.49,2,Premium Loyalists,2.833033787053398,1.534743094212076
CUST_1531,A,23,F,Grocery,0,107522.95,81,11,72,14261.03,0.0,6,0.0134943823566018,0.6174087169765708,198.07,85566.18,165.44,2,Premium Loyalists,4.631137965700839,1.8367207384738118
CUST_1532,B,39,F,Sports,5,39208.41,52,71,9,766.92,0.2580192102614371,0,0.0998351334277704,0.2233058065745958,85.21,95.86,8.87,4,Occasional Shoppers,-1.521876696779041,-0.593290466503254
CUST_1533,A,26,F,Beauty,3,140601.55,92,26,65,13737.13,0.0701097612736602,5,0.0249472712337665,0.3963372389333066,211.34,33070.87,132.77,2,Premium Loyalists,3.6267259819460422,1.8878769907302142
CUST_1534,C,52,M,Home,0,41771.54,60,6,55,2950.72,0.7677481575521982,5,0.155033846290537,0.6676085953947207,53.65,23184.23,140.02,0,Bargain Hunters,1.6159245461509457,-1.2922743021380372
CUST_1535,E,45,F,Sports,5,22466.24,78,50,12,210.63,0.4011294353071127,0,0.0,0.9529285676539462,17.55,49.56,30.06,3,Young Explorers,0.039866086583523905,-2.2088730886768717
CUST_1536,B,26,F,Beauty,5,55873.87,51,107,10,364.31,0.3204760707242205,1,0.1111334003634832,0.4083293096161466,36.43,33.73,14.1,4,Occasional Shoppers,-1.3867035820326692,-0.5642237499803496
CUST_1537,E,37,F,Home,0,30229.14,80,45,16,631.45,0.5660418586435534,0,0.0673470249797501,0.9312065664948864,39.47,219.63,52.85,3,Young Explorers,0.12843017599140957,-2.2877850201846397
CUST_1538,B,43,M,Beauty,0,52777.54,57,71,5,140.92,0.3555466203395229,2,0.1470903818378436,0.3178076817585211,28.18,9.79,17.76,4,Occasional Shoppers,-1.437925280679175,-0.6114268918086803
CUST_1539,C,59,F,Home,2,46389.15,46,1,56,1267.12,0.860179860077967,5,0.109478963937466,0.8031407387439329,22.63,35479.36,200.0,0,Bargain Hunters,2.208290798515363,-1.6690919020382904
CUST_1540,B,34,F,Electronics,1,51859.16,42,158,11,527.02,0.3735150844768405,1,0.0683065255819133,0.3924775306057592,47.91,36.46,27.48,4,Occasional Shoppers,-1.5392925586960207,-0.5177485920995482
CUST_1541,B,29,M,Sports,1,49269.91,57,116,6,885.89,0.4192327835929083,2,0.1475657585178921,0.4868887553560506,147.65,45.43,19.6,4,Occasional Shoppers,-1.3903749284317155,-0.6570746259964211
CUST_1542,E,60,M,Electronics,1,21792.4,62,39,15,511.2,0.5292653439318681,0,0.0688387736329999,0.9525815822005782,34.08,191.7,48.62,3,Young Explorers,-0.20671113931257065,-2.2441327591959626
CUST_1543,C,18,M,Sports,1,22807.82,45,15,40,1780.46,0.7378468979645263,2,0.2196775262753156,0.7505591260933024,44.51,4451.15,98.68,0,Bargain Hunters,0.11646297993752013,-1.7782115402627192
CUST_1544,C,22,M,Home,4,28109.46,49,18,26,1421.24,0.7596178290773961,6,0.2260626869052051,0.5068570287038745,54.66,1944.85,55.69,0,Bargain Hunters,-0.48202156600410867,-1.1151597476363704
CUST_1545,A,37,M,Sports,1,166059.33,96,21,58,7019.27,0.0178311683180629,10,0.013414946319818,0.5948746528106843,121.02,18505.35,129.66,2,Premium Loyalists,3.488642691907796,1.572078604621369
CUST_1546,D,55,F,Electronics,0,83159.11,13,285,3,3890.54,0.1793706067848662,9,0.3153030198439164,0.6666057938197488,1296.85,40.81,19.68,1,At-Risk High-Value,-2.550587080425319,2.180149174268044
CUST_1547,C,55,F,Electronics,0,47021.15,40,29,21,1055.43,0.7097432898588892,3,0.2369456231119004,0.4073089152205472,50.26,738.8,53.59,0,Bargain Hunters,-1.075346013675232,-1.0079289555226205
CUST_1548,B,32,M,Beauty,2,40474.38,47,107,13,917.87,0.417630671141737,1,0.0957156155795753,0.3856158040177825,70.61,110.48,28.65,4,Occasional Shoppers,-1.317876731224212,-0.7796450809273308
CUST_1549,E,44,F,Electronics,1,32665.1,84,6,11,710.56,0.3795102244627524,1,0.0163483832547594,0.8119216244629318,64.6,1116.59,51.91,3,Young Explorers,0.37184325486208286,-1.9544344182288138
CUST_1550,B,51,M,Grocery,2,53444.8,52,61,12,858.27,0.4407247785035282,2,0.1002338677823296,0.4176360439381266,71.52,166.12,27.99,4,Occasional Shoppers,-0.9896953748833952,-0.8061630412966937
CUST_1551,A,45,M,Clothing,3,139665.0,78,22,69,10173.25,0.0982690780691803,12,0.022866982460397,0.4932623765434903,147.44,30519.75,143.41,2,Premium Loyalists,3.7693139307458425,2.0480766375910533
CUST_1552,C,44,M,Sports,3,34365.15,44,22,54,2677.23,0.6041530419501615,6,0.1273487238043904,0.4840166557064636,49.58,6285.67,113.23,0,Bargain Hunters,0.8562796805830382,-0.8001922547167684
CUST_1553,B,30,F,Electronics,2,34329.14,55,80,4,876.03,0.2418078584323291,0,0.1013288382406222,0.3238213698017073,219.01,43.26,9.73,4,Occasional Shoppers,-1.5722594308078233,-0.6773975256490358
CUST_1554,C,42,M,Grocery,0,47388.01,70,9,47,2814.8,0.9466369024606308,7,0.2040853656629283,0.8564881749951868,59.89,13229.56,122.24,0,Bargain Hunters,1.491916044709198,-1.5528987172316187
CUST_1555,B,30,M,Grocery,3,42018.91,53,154,11,1083.54,0.4802703016874606,0,0.1586462305217796,0.1950505834484924,98.5,76.9,17.55,4,Occasional Shoppers,-1.899863206266994,-0.5092607159645756
CUST_1556,B,40,M,Books,2,36801.29,59,116,5,798.81,0.2917568836130733,1,0.1406068166277226,0.4273895365251441,159.76,34.14,13.41,4,Occasional Shoppers,-1.5379623417370099,-0.6346473552199088
CUST_1557,D,46,M,Sports,0,89969.26,16,269,5,4785.47,0.0401133500582882,11,0.2449870357454102,0.4319403041630181,957.09,88.62,19.01,1,At-Risk High-Value,-2.1533186314319295,2.7149447162124503
CUST_1558,B,38,F,Grocery,0,47314.28,47,85,3,326.63,0.5102057129808514,2,0.1309192961079031,0.2368970792213585,108.88,11.39,11.91,4,Occasional Shoppers,-1.8106213517601675,-0.6628583910059583
CUST_1559,E,26,F,Clothing,1,22819.91,83,53,21,221.83,0.6504815543273308,0,0.0089824462152488,0.8141829082559358,10.56,86.27,57.17,3,Young Explorers,0.2847248062470083,-2.4761395783394837
CUST_1560,A,46,M,Books,4,92275.52,88,25,72,9809.74,0.0318068489459273,14,0.034276045976271,0.512072167228647,136.25,27165.43,146.24,2,Premium Loyalists,3.8998564061650094,1.7783641643417165
CUST_1561,A,34,M,Home,1,189896.73,83,6,43,6026.54,0.0040032585882906,13,0.0490731669367941,0.7090458750735876,140.15,37020.17,113.85,2,Premium Loyalists,3.2724555747340984,2.077093197637343
CUST_1562,C,42,F,Beauty,0,29039.9,49,17,55,491.8,0.8160933134422795,4,0.1784251131424678,0.72221719435367,8.94,1502.72,130.33,0,Bargain Hunters,0.805926262836703,-1.8875931726499997
CUST_1563,C,48,M,Grocery,0,22248.48,46,1,28,1250.61,0.6438339101996989,2,0.1326399639249884,0.5016213088655589,44.66,17508.54,166.03,0,Bargain Hunters,0.628641891963117,-1.5742271089919793
CUST_1564,E,48,M,Sports,2,26981.17,86,42,16,290.93,0.4938756159773949,1,0.0326655632361592,0.8714149841651333,18.18,108.25,45.81,3,Young Explorers,0.2744241038099666,-2.1726472726730455
CUST_1565,C,60,M,Grocery,4,44414.85,61,32,22,1699.09,0.6934111095550524,6,0.1314550678584409,0.7064775994083544,77.23,1132.73,49.25,0,Bargain Hunters,0.0457220112080072,-1.204977067749242
CUST_1566,C,40,F,Home,1,39279.37,59,14,56,893.85,0.88435369275035,2,0.1855023121086459,0.5144559653479767,15.96,3337.04,126.43,0,Bargain Hunters,0.7370735398729084,-1.8545967236965015
CUST_1567,E,53,F,Home,1,24854.89,85,10,18,467.84,0.5237102281193583,1,0.0240186883077783,0.827635680022844,25.99,765.56,59.55,3,Young Explorers,0.5043894301525147,-2.2851221120447933
CUST_1568,A,36,M,Books,0,165672.89,95,9,43,9181.32,0.0309488909505227,5,0.0461891658776715,0.4963340862628656,213.52,39479.68,107.04,2,Premium Loyalists,2.928254240325339,1.5849810131264876
CUST_1569,C,39,M,Beauty,2,46079.45,68,30,33,2047.81,0.6333645815307388,2,0.2391701301136185,0.4836782843583168,62.05,2179.93,73.01,0,Bargain Hunters,-0.10156540181831569,-1.1434093372171052
CUST_1570,C,37,M,Sports,3,25836.86,51,5,55,1603.14,0.6197958697511274,6,0.1595635781985329,0.4099183224507747,29.15,14695.45,129.2,0,Bargain Hunters,1.0128050557821147,-0.9615716186533038
CUST_1571,E,46,F,Books,4,35233.69,63,31,18,535.04,0.4663364697534014,2,0.0223895668804347,0.882312979779831,29.72,300.96,44.87,3,Young Explorers,0.12803518506956355,-1.832888628904317
CUST_1572,D,42,M,Beauty,2,90505.71,28,327,4,3098.19,0.0691788712422921,5,0.3753875264063876,0.4617168314061141,774.55,37.78,11.54,1,At-Risk High-Value,-2.9623011371061962,2.1367608155076905
CUST_1573,B,50,M,Books,1,55366.92,56,94,12,1197.93,0.234153692832911,2,0.0840218089880106,0.3892398731958962,99.83,151.32,29.85,4,Occasional Shoppers,-0.9628225003292967,-0.3652484012760837
CUST_1574,A,50,F,Sports,1,126906.67,78,16,43,11540.47,0.0402977190150351,12,0.0344925191555064,0.7773632367422001,268.38,29190.6,104.8,2,Premium Loyalists,3.196274042522714,1.9048340823041812
CUST_1575,A,34,F,Sports,1,199675.15,98,26,44,4581.66,0.0743723076767933,7,0.0068887893140782,0.7793574372288867,104.13,7466.41,104.43,2,Premium Loyalists,2.8686267660331386,1.0101834297198875
CUST_1576,B,51,F,Sports,5,32986.42,49,94,11,941.97,0.2304494093941891,2,0.1240616688564026,0.4904904089275239,85.63,109.07,17.87,4,Occasional Shoppers,-1.262438396913606,-0.5768661277403161
CUST_1577,E,42,M,Books,3,26610.53,60,11,12,341.83,0.403092706510167,0,0.0843595429290437,0.9759232850361648,28.49,341.83,43.61,3,Young Explorers,-0.2135607910128507,-2.096868658744408
CUST_1578,E,33,F,Sports,5,22313.22,93,27,20,379.44,0.6497725367913253,1,0.0413309864514774,0.7899905705193446,18.97,271.03,44.5,3,Young Explorers,0.4158383539758784,-2.403243786593387
CUST_1579,E,34,M,Home,0,29007.45,76,43,11,554.24,0.4232061451681953,0,0.0,0.830381405111208,50.39,138.56,40.93,3,Young Explorers,-0.02483857433223154,-2.04849530216587
CUST_1580,E,38,F,Clothing,0,32460.88,68,4,24,542.34,0.6202116967429454,0,0.0143490084426084,0.7909629518344731,22.6,2603.23,88.82,3,Young Explorers,0.5707204072026776,-2.34677255639935
CUST_1581,B,22,M,Sports,5,33899.14,56,184,2,976.42,0.2310139782981423,2,0.1219826260275359,0.2090348768811534,488.21,10.56,0.0,4,Occasional Shoppers,-2.104588680674499,0.11753772755125974
CUST_1582,E,51,M,Clothing,0,16524.28,85,58,17,768.96,0.4040902242344,0,0.0338815637840792,0.990282422477664,45.23,221.56,55.53,3,Young Explorers,0.3362946940135204,-2.2663934067129543
CUST_1583,C,52,M,Clothing,2,39617.99,62,33,44,1047.09,0.7930298206522784,5,0.1563371242189263,0.93326289688162,23.8,1355.06,103.7,0,Bargain Hunters,0.930787621368024,-1.851977233443313
CUST_1584,B,60,M,Clothing,1,31370.71,44,146,7,1157.56,0.3089509050534317,1,0.1509680092207239,0.4973283519594821,165.37,55.12,21.63,4,Occasional Shoppers,-1.7577043271317234,-0.5572684573980972
CUST_1585,A,48,M,Clothing,0,111148.33,97,27,42,7577.68,0.0408194620527435,4,0.0170821206710649,0.426902771542781,180.42,11366.52,96.24,2,Premium Loyalists,2.16801726224698,0.7229820703551466
CUST_1586,C,51,M,Clothing,0,45739.76,70,31,36,1005.01,0.6753737795293719,6,0.1340467262785583,0.8466331031564462,27.92,1130.64,92.16,0,Bargain Hunters,0.8655836784689991,-1.527621968038811
CUST_1587,C,55,F,Clothing,5,25221.27,61,41,42,1988.14,0.7605223460206535,5,0.1897918792703143,0.4632328024925614,47.34,1988.14,80.7,0,Bargain Hunters,0.20029832996026609,-1.2038450412943527
CUST_1588,A,28,F,Clothing,1,120906.75,89,20,35,11570.51,0.008340530143098,8,0.0467976687619889,0.7401316443840101,330.59,19284.18,86.8,2,Premium Loyalists,2.65063219560911,1.5007785468179076
CUST_1589,D,60,F,Books,5,148303.34,36,220,1,4449.52,0.1702471959612372,6,0.1481285626047474,0.3189096493807427,4449.52,20.13,0.0,1,At-Risk High-Value,-2.4170426175217825,3.4200805339578078
CUST_1590,C,27,F,Grocery,5,47466.8,41,16,24,2308.63,0.6400797061497017,3,0.2375048627564636,0.4818777945024423,96.19,3259.24,48.89,0,Bargain Hunters,-0.7539788546028432,-0.8338767659296726
CUST_1591,E,43,F,Sports,0,28674.03,93,29,11,577.97,0.5310456315750479,1,0.0574282477147157,0.907634136878124,52.54,211.92,43.6,3,Young Explorers,0.2795739249867113,-2.2686163621059374
CUST_1592,B,26,F,Grocery,1,40126.37,61,68,5,1212.99,0.4018399008730601,0,0.107181456265775,0.2985730538689059,242.6,87.9,14.44,4,Occasional Shoppers,-1.4050775177028716,-0.8619323335078778
CUST_1593,D,43,F,Electronics,0,80582.7,27,266,4,7200.43,0.1101600595245478,6,0.2920440167388055,0.5496647414497692,1800.11,107.87,19.37,1,At-Risk High-Value,-2.292534151481168,2.431162525875271
CUST_1594,B,40,F,Electronics,1,40760.49,36,90,5,880.88,0.32741682439759,2,0.0828930161632942,0.592091588737322,176.18,48.4,19.95,4,Occasional Shoppers,-1.411018405605585,-0.7442679362771184
CUST_1595,D,43,F,Books,0,133972.14,12,303,4,6822.96,0.1952782823878977,3,0.3307662894323981,0.264553795506855,1705.74,89.78,13.62,1,At-Risk High-Value,-3.0835229231970986,3.023854743960879
CUST_1596,C,30,F,Home,0,50337.51,47,35,20,1783.92,0.7310407198685529,3,0.2374727934748345,0.6635644027696797,89.2,991.07,56.13,0,Bargain Hunters,-0.6945824774046248,-1.2212424106232906
CUST_1597,D,31,M,Electronics,0,98153.4,15,331,4,7688.64,0.1086471202725702,9,0.3566135623806382,0.4915246609426787,1922.16,92.63,18.13,1,At-Risk High-Value,-2.726494416457428,3.400593562929779
CUST_1598,D,39,M,Clothing,0,138345.91,29,248,1,5419.4,0.1291756096141544,3,0.2413486376778085,0.478937343638553,5419.4,21.76,11.98,1,At-Risk High-Value,-2.9966396954251153,3.552386463219656
CUST_1599,C,37,F,Electronics,1,26543.34,57,41,56,947.9,0.9252469498888636,7,0.2172248302495554,0.7868892442586083,16.93,1263.87,127.18,0,Bargain Hunters,0.97493649706298,-1.7196307351723952
CUST_1600,E,53,F,Beauty,0,32188.99,64,57,12,682.15,0.7454736768715927,1,0.0097858532605429,0.8809133222435827,56.85,141.13,43.37,3,Young Explorers,-0.18774747132741318,-2.299667671307464
CUST_1601,A,25,F,Books,1,109599.38,97,8,32,14723.04,0.0190621188906846,10,0.0229181254465295,0.6377657891942173,460.1,52348.59,86.26,2,Premium Loyalists,3.3441010538044535,2.120837152987278
CUST_1602,B,35,F,Electronics,1,61466.69,51,163,11,785.67,0.2862535044407717,2,0.1434739917655801,0.4535150822425733,71.42,52.7,28.68,4,Occasional Shoppers,-1.435744370941605,-0.17973950511156067
CUST_1603,D,30,M,Home,0,108881.05,16,156,5,2191.94,0.0217104292330725,3,0.1568109397460894,0.3418332765449107,438.39,69.81,17.48,4,Occasional Shoppers,-2.059284878358158,1.345724576849224
CUST_1604,A,56,M,Beauty,3,148797.0,80,6,47,9992.14,0.0521064358777018,6,0.0164995531762477,0.486589296512336,212.6,67090.08,111.4,2,Premium Loyalists,3.245365267435,1.8001074462060627
CUST_1605,A,27,M,Sports,0,147884.39,85,20,52,8266.18,0.0,7,0.0202429055900526,0.3780422548434364,158.96,20468.64,116.56,2,Premium Loyalists,2.7425598575171373,1.6161928502426657
CUST_1606,E,34,M,Beauty,1,23602.29,67,51,17,159.11,0.602724780766694,1,0.0728858851217961,0.8208402914904976,9.36,52.02,49.38,3,Young Explorers,-0.22406843594552775,-2.1316904355943005
CUST_1607,B,41,M,Electronics,2,54458.25,62,81,8,703.44,0.3595972475735672,0,0.0578841866357138,0.4812428875062033,87.93,68.63,20.86,4,Occasional Shoppers,-0.966810701129261,-1.0007153325823146
CUST_1608,E,59,F,Books,0,25137.63,77,38,21,184.06,0.6499741785013609,1,0.037807660356809,0.7770893401095496,8.76,99.11,60.17,3,Young Explorers,0.20015445075731184,-2.302075362241812
CUST_1609,D,25,F,Grocery,2,138227.53,16,329,1,2513.3,0.0478721093789407,6,0.3700175327718493,0.3237353830515705,2513.3,7.62,2.78,1,At-Risk High-Value,-3.548065998629763,3.4232984177962993
CUST_1610,A,50,M,Grocery,3,111444.18,95,27,56,10686.37,0.103094880328988,4,0.0201521102329119,0.7680226681032343,190.83,21372.74,122.06,2,Premium Loyalists,3.266251833241954,0.6651087979674085
CUST_1611,A,18,F,Sports,1,113647.3,90,25,80,10720.34,0.0783539767772172,9,0.0171302250096252,0.4561240161201993,134.0,32985.66,170.12,2,Premium Loyalists,4.170639003793582,1.5473162267753422
CUST_1612,B,52,F,Grocery,0,48778.68,46,88,10,671.44,0.3758724928881258,0,0.1192349069564055,0.4783310304443504,67.14,75.44,30.7,4,Occasional Shoppers,-1.3479077860606834,-0.8998914116764755
CUST_1613,C,36,M,Electronics,3,20463.13,53,22,26,1755.92,0.9692920835889248,5,0.2920059573225915,0.5284412192498573,67.54,1984.95,58.11,0,Bargain Hunters,-0.6699140092100476,-1.5007899710132409
CUST_1614,D,25,F,Grocery,2,116902.64,26,342,3,6299.42,0.1489263206615365,6,0.1906752391603798,0.6637020157835252,2099.81,55.1,13.57,1,At-Risk High-Value,-2.2459543142039404,2.711386939207202
CUST_1615,B,32,F,Electronics,0,34940.13,50,135,5,1037.96,0.3715176061874871,0,0.1405567777345137,0.2453396445385836,207.59,38.16,15.65,4,Occasional Shoppers,-1.9844490994411075,-0.5227525059762487
CUST_1616,D,41,F,Clothing,0,113654.19,22,207,5,3856.06,0.1705491652033412,3,0.1667194256950976,0.7297474070752057,771.21,92.69,25.08,1,At-Risk High-Value,-1.7030184184558277,1.164369508430921
CUST_1617,E,38,F,Grocery,1,17532.56,81,37,23,112.17,0.3440590922711896,0,0.0991610918258398,0.7396769378365975,4.88,67.89,60.5,3,Young Explorers,0.08028631020110033,-1.9339191721108036
CUST_1618,B,39,F,Books,3,54883.77,61,99,11,870.03,0.4402639879001804,1,0.1314148258868674,0.4519858077052911,79.09,95.7,23.05,4,Occasional Shoppers,-1.1296435400720275,-0.8071604352557652
CUST_1619,E,39,F,Clothing,0,17861.18,92,35,18,347.83,0.3134024604033589,1,0.0885974259810072,0.9574842920972744,19.32,173.92,58.01,3,Young Explorers,0.43994423074267375,-2.0899686666956487
CUST_1620,B,33,F,Sports,0,45637.33,52,78,4,748.46,0.3684888356086366,1,0.1110921419095406,0.41347404965792,187.12,37.9,17.55,4,Occasional Shoppers,-1.4472224743006348,-0.7747589966177332
CUST_1621,E,41,M,Books,3,32206.03,75,44,10,470.44,0.4761857849872363,1,0.0752934319239751,0.7678590396842807,47.04,104.54,28.63,3,Young Explorers,-0.3434980377579584,-1.803733086030844
CUST_1622,C,48,M,Books,1,43095.3,72,22,37,2388.69,0.9340818266645018,3,0.2506120494674952,0.7553970467064977,64.56,3842.68,90.65,0,Bargain Hunters,0.4603667745728328,-1.816192546813286
CUST_1623,C,32,F,Beauty,0,25228.83,70,36,55,1536.93,0.8762672305970051,1,0.1873415607232297,0.604969799300145,27.94,2284.63,124.88,0,Bargain Hunters,0.8057470022797493,-2.1033753298971916
CUST_1624,D,56,F,Clothing,3,116043.53,20,322,1,4572.72,0.0762342418729773,7,0.3686118235634631,0.6622598729800415,4572.72,14.16,6.56,1,At-Risk High-Value,-3.360870609584732,3.727045124479212
CUST_1625,D,53,M,Grocery,0,101606.65,12,274,1,7874.53,0.0533187727010672,5,0.3161210181098546,0.6047879394432477,7874.53,28.63,14.46,1,At-Risk High-Value,-3.7192922764520526,4.696566096734613
CUST_1626,D,54,F,Sports,6,129809.52,28,363,2,4165.7,0.1659172250912393,11,0.3167969234018618,0.638849273376946,2082.85,22.89,0.0,1,At-Risk High-Value,-2.5806679712727907,3.3338967788862286
CUST_1627,C,51,F,Sports,1,19765.77,44,6,54,1535.54,0.872578938732925,4,0.2728902655935767,0.7215825065719466,28.44,11845.59,136.1,0,Bargain Hunters,0.68173090843006,-1.75401759923832
CUST_1628,E,41,M,Electronics,1,19037.14,94,52,23,382.57,0.381631971255706,1,0.0255509624783263,0.905605808165425,16.63,166.02,63.04,3,Young Explorers,0.6847357951963,-2.1621604342856497
CUST_1629,B,46,M,Sports,0,43727.27,52,165,2,806.85,0.2787364452729374,0,0.080344324645714,0.2945894723758438,403.42,9.72,10.5,4,Occasional Shoppers,-1.9591904951470465,-0.31812413696387093
CUST_1630,D,26,F,Books,3,102635.28,21,193,1,5507.75,0.1180517636170983,4,0.3483152520013355,0.4906716279527043,5507.75,28.39,3.33,1,At-Risk High-Value,-3.329281395785102,3.4045303446991793
CUST_1631,A,29,M,Books,0,76382.39,76,15,42,7612.41,0.0164214006275935,13,0.0213121678206356,0.6206204583662085,181.25,19982.58,103.08,2,Premium Loyalists,2.544100334235471,1.2269581645594012
CUST_1632,C,18,M,Beauty,0,46408.88,54,7,28,2812.9,0.8632764278344047,3,0.2039701110373022,0.5205840801899251,100.46,9845.15,80.7,0,Bargain Hunters,-0.0275067846110922,-1.3294013921061214
CUST_1633,C,58,F,Home,3,40515.8,42,15,39,2467.92,0.838933935350647,3,0.2348427996445313,0.5190917372591982,63.28,6015.56,86.05,0,Bargain Hunters,-0.12353785517380751,-1.2644144327596551
CUST_1634,B,39,F,Sports,0,56536.43,54,151,12,1092.77,0.331260673234159,1,0.0769857809306786,0.1807494631600523,91.06,86.27,28.28,4,Occasional Shoppers,-1.460954040348541,-0.20224412510260367
CUST_1635,D,45,F,Books,1,111872.76,12,241,1,7827.83,0.1577280637538615,4,0.1616478985968124,0.6573435414800388,7827.83,32.35,12.56,1,At-Risk High-Value,-3.1661292882297647,4.166821311427961
CUST_1636,B,57,M,Clothing,3,47269.27,35,113,11,266.94,0.4997620914795688,2,0.1313648155729401,0.5627328500838762,24.27,25.76,25.14,4,Occasional Shoppers,-1.5055083323928848,-0.8654011714653536
CUST_1637,C,46,F,Beauty,2,33055.86,46,15,45,2170.02,0.5859585153763366,2,0.1579891705700141,0.4203367568520827,48.22,6103.18,99.07,0,Bargain Hunters,0.21584964453959052,-1.1377936252284417
CUST_1638,A,33,M,Books,4,128584.18,80,28,46,9247.18,0.0396303856784893,11,0.0271536402294421,0.4676100139558993,201.03,14667.94,92.92,2,Premium Loyalists,2.5724810703069707,1.8596937573613557
CUST_1639,E,51,M,Sports,0,22563.94,79,14,19,76.23,0.3573603885983903,1,0.0139302224256727,1.0,4.01,96.56,65.14,3,Young Explorers,0.613420742646604,-2.27943727153733
CUST_1640,E,35,M,Clothing,5,24763.48,91,34,10,611.0,0.7338742902839682,0,0.0970279050997235,0.9181034070823476,61.1,174.57,26.3,3,Young Explorers,-0.07291343540340291,-2.572455022721365
CUST_1641,B,48,M,Sports,0,56719.08,44,97,4,559.72,0.3902198002257136,2,0.0946053965415767,0.5235052197489294,139.93,22.85,19.5,4,Occasional Shoppers,-1.403064236923512,-0.6768922355858673
CUST_1642,C,34,M,Sports,1,31316.0,47,15,34,2664.94,0.8587997288720511,7,0.2457839602565159,0.6136759666034357,78.38,5663.0,83.94,0,Bargain Hunters,0.06662061010833928,-1.1034437001888333
CUST_1643,C,58,F,Grocery,1,24273.45,58,10,32,1288.06,0.9873082533602406,4,0.1585312201696194,0.8659735477810345,40.25,3747.08,88.32,0,Bargain Hunters,0.41477913314065096,-2.2869459032141837
CUST_1644,D,65,F,Clothing,5,77980.58,19,234,3,5598.03,0.1320765446809143,7,0.3790927881385021,0.4332042966307888,1866.01,71.46,0.09,1,At-Risk High-Value,-2.8621744546178505,2.560679145873075
CUST_1645,A,31,F,Beauty,3,97341.04,90,25,47,2841.29,0.0557185506386675,6,0.0387493945356272,0.5171846633557176,60.45,5136.18,99.34,2,Premium Loyalists,1.9163305306899614,0.17087415513874857
CUST_1646,D,29,M,Sports,1,135560.13,19,211,2,5976.1,0.038813884421055,10,0.1701670943857956,0.6859172968706154,2988.05,56.38,15.19,1,At-Risk High-Value,-1.7285008480060273,3.2463733497376026
CUST_1647,D,23,M,Clothing,1,94674.8,15,287,5,6666.28,0.1045444080341913,11,0.4204194555585354,0.3866352745274111,1333.26,115.73,15.08,1,At-Risk High-Value,-2.7027369417230287,3.3403649600791376
CUST_1648,B,39,M,Clothing,2,39689.2,62,105,2,656.6,0.3436779746342081,1,0.09979953433568,0.3707204765714835,328.3,12.39,6.37,4,Occasional Shoppers,-1.5440797315762278,-0.6850263771834885
CUST_1649,E,33,F,Sports,0,33492.02,93,27,23,699.64,0.3893781804220046,0,0.0881355815434494,0.8205101037971678,30.42,574.7,66.11,3,Young Explorers,0.542354001747555,-1.9978539320930087
CUST_1650,C,39,M,Electronics,0,23108.72,40,37,31,1329.22,0.8124597670929694,5,0.1273577643740884,0.6505396435024945,42.88,1084.36,77.71,0,Bargain Hunters,-0.1559561914518791,-1.567830644335967
CUST_1651,A,49,F,Clothing,1,112264.95,84,21,77,9524.03,0.0102805521660216,15,0.0165552163431168,0.4693230592992265,123.69,33334.11,165.15,2,Premium Loyalists,4.248135984113907,2.0895011882011287
CUST_1652,A,46,F,Home,0,93498.59,90,12,61,10978.02,0.0665786604753025,5,0.0242636191781444,0.5029943784020443,179.97,51512.25,140.39,2,Premium Loyalists,3.532561609001786,1.0821516083884595
CUST_1653,B,40,F,Home,2,39187.35,46,164,10,1000.76,0.253522952746481,2,0.0579479916636362,0.3012472795713907,100.08,60.65,20.63,4,Occasional Shoppers,-1.5610161774906275,-0.2089735160767772
CUST_1654,E,43,F,Beauty,0,28849.64,67,34,15,711.22,0.6178378921739985,0,0.0044004584693877,0.939817193131654,47.41,304.81,51.74,3,Young Explorers,0.09720674598945489,-2.409003508466283
CUST_1655,A,48,F,Beauty,1,99128.58,95,20,61,13466.87,0.0610325653998305,9,0.0307678400736371,0.5576863171586985,220.77,39118.05,135.15,2,Premium Loyalists,3.863696447086979,1.6855302671815595
CUST_1656,E,44,F,Books,4,27750.77,78,55,15,514.51,0.4114068734225576,0,0.0403081958320494,0.9689698712514891,34.3,137.82,39.2,3,Young Explorers,0.08512561587375238,-2.098816073291759
CUST_1657,C,36,M,Books,2,51352.48,40,19,24,1975.61,0.7622894997465788,1,0.2641285696448577,0.7386856312569683,82.32,2370.73,62.04,0,Bargain Hunters,-0.6892812339986668,-1.4660423840294066
CUST_1658,E,18,M,Clothing,3,25638.54,70,2,20,106.13,0.2878066520702467,0,0.0580161267790881,0.9672544267409072,5.31,707.53,100.35,3,Young Explorers,0.6812991964336726,-2.129025186046544
CUST_1659,A,35,M,Sports,3,154264.64,85,27,54,12547.97,0.0013869372002121,10,0.0434410040174971,0.5669460864744783,232.37,24199.66,114.04,2,Premium Loyalists,3.388418522058778,2.3257732098398076
CUST_1660,C,18,M,Clothing,2,42713.78,45,42,44,1683.15,0.8322082641871131,5,0.1745219692461821,0.5870536375371119,38.25,1722.29,96.12,0,Bargain Hunters,0.2454796037730342,-1.2646544958015722
CUST_1661,E,18,M,Home,5,23749.22,67,61,15,492.19,0.3216838269220854,1,0.0478620689524836,0.8569195682042805,32.81,119.08,33.78,3,Young Explorers,-0.221511972204031,-1.6838153254258046
CUST_1662,C,30,F,Grocery,3,38429.94,57,35,29,1294.89,0.8813729328296487,4,0.2267012146011756,0.844263208332491,44.65,1043.11,68.74,0,Bargain Hunters,-0.05987478725157207,-1.787611967024166
CUST_1663,B,44,F,Beauty,1,49085.18,63,141,13,823.43,0.3557093120236124,1,0.1307149079010939,0.4556318209647364,63.34,75.38,32.82,4,Occasional Shoppers,-1.1512843671900717,-0.6559961283059659
CUST_1664,A,55,M,Electronics,4,118273.47,95,1,33,12275.93,0.085728972562621,7,0.0232965048676328,0.4688405101657659,372.0,202552.84,163.38,2,Premium Loyalists,5.1225807365491836,2.4932477632412025
CUST_1665,C,20,F,Beauty,2,44014.55,54,23,20,1944.46,0.9089158681431284,2,0.2873008039149095,0.6139961379967225,97.22,1620.38,50.63,0,Bargain Hunters,-0.8247674833174163,-1.5532760296346602
CUST_1666,B,43,M,Grocery,1,40551.62,61,172,8,833.39,0.362671987465923,1,0.1291161091675159,0.5073271785582901,104.17,38.54,23.73,4,Occasional Shoppers,-1.452571148112431,-0.6718102252460945
CUST_1667,E,27,F,Sports,0,19993.01,70,15,19,686.86,0.6494047846412424,0,0.0841052454724833,0.9028742085905652,36.15,815.65,62.72,3,Young Explorers,0.10284506665855568,-2.480958602637775
CUST_1668,B,18,M,Beauty,3,46347.98,45,105,6,399.58,0.26671990475224,1,0.110600555778972,0.438355866175451,66.6,22.62,12.72,4,Occasional Shoppers,-1.5889420543228647,-0.573535024547783
CUST_1669,D,41,M,Grocery,4,133055.32,14,189,4,4476.73,0.0,6,0.2688533932436481,0.485398806452988,1119.18,94.25,6.24,1,At-Risk High-Value,-2.168815120084684,2.4885810602110463
CUST_1670,E,40,F,Grocery,4,20657.61,63,1,19,728.25,0.6703638916806431,1,0.058978416502108,0.7043141749260371,38.33,6918.38,140.09,3,Young Explorers,0.7405811202809267,-2.2152180260933654
CUST_1671,B,18,F,Sports,1,36390.86,59,59,7,633.97,0.4480247293204025,1,0.1312563907788695,0.2207985346272956,90.57,73.96,17.11,4,Occasional Shoppers,-1.460254434703506,-0.8796233560384136
CUST_1672,A,45,F,Grocery,1,119919.5,90,18,65,14946.09,0.0687263241613283,12,0.0360782464494562,0.5332043035778056,229.94,51131.36,143.22,2,Premium Loyalists,4.353896295960617,2.4296881124666205
CUST_1673,E,52,F,Home,2,19554.29,87,32,18,500.33,0.5850426137528671,1,0.0436357159056835,0.8136974492472409,27.8,272.91,49.4,3,Young Explorers,0.289603070643935,-2.3108292901618217
CUST_1674,A,18,F,Beauty,2,92424.85,97,8,40,14637.31,0.0420465671864194,10,0.0174250116817051,0.5531894986185502,365.93,65054.71,97.56,2,Premium Loyalists,3.622096142116729,2.0380270984613653
CUST_1675,D,31,F,Sports,2,98323.61,20,315,4,4308.52,0.0607271393670641,3,0.1850668497352051,0.558806581892944,1077.13,54.54,13.49,1,At-Risk High-Value,-2.4768087570374506,1.9068913372678677
CUST_1676,C,56,F,Home,4,20628.58,62,32,47,586.38,0.826822558752787,5,0.1667861009208652,0.4313030749632925,12.48,835.15,93.75,0,Bargain Hunters,0.34622984806911883,-1.5575482109466119
CUST_1677,D,40,F,Clothing,2,137878.86,26,365,4,6399.48,0.2060178782083903,8,0.3739579329951158,0.498258365110928,1599.87,69.94,12.24,1,At-Risk High-Value,-2.6996324382170656,3.3640957648111725
CUST_1678,A,45,F,Electronics,0,179209.19,94,24,33,2602.19,0.0406126144753122,8,0.0,0.6880960241465247,78.85,3434.89,83.93,2,Premium Loyalists,2.163842852571964,0.8455109123043045
CUST_1679,B,26,F,Grocery,3,44490.04,46,133,5,910.3,0.3290869938571253,2,0.1075134993962772,0.4591393723213849,182.06,33.97,10.93,4,Occasional Shoppers,-1.6248060149890118,-0.43919226751084817
CUST_1680,B,42,F,Sports,2,52989.85,50,89,12,984.08,0.4693458988998994,1,0.0941918871534858,0.3875280273872076,82.01,131.21,26.87,4,Occasional Shoppers,-1.1947214070540007,-0.8050197833527574
CUST_1681,E,45,F,Beauty,1,32430.13,65,22,9,627.46,0.731498533604058,1,0.0195230837328441,0.9116461769937786,69.72,245.53,37.78,3,Young Explorers,-0.14134839273211028,-2.4022156752135397
CUST_1682,E,44,M,Sports,0,26150.14,70,5,12,750.55,0.7637398910039674,0,0.0112980731212921,0.8495452713072184,62.55,1501.1,60.99,3,Young Explorers,0.15219285138162383,-2.636381422722932
CUST_1683,B,57,F,Beauty,3,57128.95,40,139,8,233.99,0.4245387323105785,2,0.0657403664515515,0.4542408551634333,29.25,13.37,16.8,4,Occasional Shoppers,-1.5199400708590751,-0.5801511014430375
CUST_1684,E,44,F,Books,3,23737.58,81,8,12,447.56,0.77436846701178,1,0.0169721400530282,0.7409047772710393,37.3,596.75,42.32,3,Young Explorers,0.10535423593444311,-2.5260283366306417
CUST_1685,C,29,M,Books,1,47491.93,51,36,26,2546.85,0.6515133386235124,5,0.2965758995540026,0.6317331597512059,97.96,1789.68,64.41,0,Bargain Hunters,-0.4561504675524383,-0.7645987890543567
CUST_1686,B,50,M,Grocery,1,52452.65,49,169,9,685.28,0.4362002864971637,1,0.0610803782042328,0.3032466205924443,76.14,36.28,21.66,4,Occasional Shoppers,-1.6111410643935518,-0.49466000021852546
CUST_1687,E,19,F,Electronics,0,31288.15,82,38,23,466.11,0.7396080738657611,0,0.0910229812008538,0.9002424201094776,20.27,274.89,66.64,3,Young Explorers,0.3145529370516529,-2.53467716174561
CUST_1688,C,30,M,Grocery,3,31067.26,47,23,27,2799.37,0.6772780820643999,2,0.1572977563998795,0.4767158039490247,103.68,3149.29,58.88,0,Bargain Hunters,-0.42921267545582786,-1.2202556522742958
CUST_1689,A,25,F,Sports,5,170981.25,88,23,40,12467.25,0.0710162765752659,5,0.0153122038393007,0.6025879911178045,311.68,20778.75,81.4,2,Premium Loyalists,2.7644497318322636,1.8377163081318986
CUST_1690,E,43,F,Books,3,26523.89,91,47,21,449.39,0.6062897321235091,0,0.0185088189149626,0.9159525920748728,21.4,196.61,53.45,3,Young Explorers,0.5292848013068164,-2.5007987893165384
CUST_1691,E,23,M,Grocery,3,20799.81,76,31,21,604.09,0.560375047333625,0,0.0126050251572962,0.966962834399824,28.77,396.43,55.57,3,Young Explorers,0.4171069887904615,-2.487831946045269
CUST_1692,B,33,M,Electronics,0,53380.74,48,94,5,1023.71,0.3975306456682786,1,0.0794405357700385,0.4110051154337731,204.74,53.88,19.28,4,Occasional Shoppers,-1.4133494071816872,-0.6763679963283454
CUST_1693,C,50,F,Grocery,5,32190.48,65,19,35,2334.8,0.8492002595714665,3,0.201366611158978,0.4879920003010713,66.71,4085.9,70.02,0,Bargain Hunters,0.05743468350725746,-1.49733565666519
CUST_1694,E,18,F,Electronics,1,17052.64,77,40,17,233.87,0.4557106295232297,0,0.0075625674594078,0.9766810313146576,13.76,96.97,53.03,3,Young Explorers,0.2789887161773613,-2.421757516196284
CUST_1695,B,48,M,Sports,2,57311.96,35,77,9,982.61,0.2768795127134077,0,0.1230058999960216,0.4787913072878433,109.18,113.38,22.87,4,Occasional Shoppers,-1.5042788497554405,-0.5722828329026387
CUST_1696,D,52,F,Books,0,133553.89,22,321,1,7659.54,0.133952928990496,7,0.2158045000532598,0.6368501365647268,7659.54,23.79,15.05,1,At-Risk High-Value,-3.184703577642624,4.889491534413722
CUST_1697,B,18,F,Sports,1,58070.08,60,124,10,647.16,0.4855022497937999,2,0.0876419815703371,0.3003942266516909,64.72,51.77,23.81,4,Occasional Shoppers,-1.242536657596959,-0.599328257028247
CUST_1698,C,56,M,Books,0,38322.07,64,32,43,1706.71,0.6192904115740528,4,0.1744588303637169,0.5364860294832181,39.69,2223.89,99.85,0,Bargain Hunters,0.5068602334867407,-1.1975378920021917
CUST_1699,A,48,F,Clothing,6,158067.14,88,9,74,4477.73,0.0877391804686519,5,0.0052450608130149,0.6826659562967234,60.51,33135.2,154.76,2,Premium Loyalists,3.747787228646393,0.6258132935513869
CUST_1700,C,44,F,Electronics,4,33469.6,66,29,27,1169.13,0.7490805989528726,7,0.2578770109576953,0.584648258691314,43.3,1052.22,57.14,0,Bargain Hunters,-0.1777841540472577,-1.1066400265397338
CUST_1701,C,34,F,Home,3,31448.06,51,37,23,2298.11,0.947492911659954,3,0.1497496518872521,0.8256426989608027,99.92,1390.96,56.22,0,Bargain Hunters,-0.21434512856323243,-1.9441742794348948
CUST_1702,B,55,M,Books,2,41640.36,56,162,15,712.59,0.4040972312179675,1,0.1040539919888585,0.5522492195166904,47.51,65.58,35.66,4,Occasional Shoppers,-1.1454930220580852,-0.8396079615170731
CUST_1703,A,44,F,Electronics,2,194697.78,90,16,65,5468.94,0.0331703972023723,10,0.033631921999196,0.6566572649061163,84.14,20910.65,143.38,2,Premium Loyalists,3.6840815409199275,1.6276973200166132
CUST_1704,B,18,F,Home,1,55268.93,54,124,6,451.31,0.2748399534123229,0,0.1162890161521641,0.4980765809836441,75.22,21.66,19.77,4,Occasional Shoppers,-1.4559437554612489,-0.6619899658360163
CUST_1705,D,49,M,Beauty,6,86496.15,28,336,6,2440.52,0.0605035648523857,7,0.2504500500020234,0.4079700359773505,406.75,43.45,2.46,1,At-Risk High-Value,-2.5779160229081426,2.0667185760325815
CUST_1706,C,18,F,Electronics,4,47525.99,55,27,44,1315.37,0.6830941888550339,3,0.201078103558386,0.6670645388801469,29.89,2067.01,93.04,0,Bargain Hunters,0.36887863519843944,-1.3799222475851425
CUST_1707,A,43,M,Beauty,4,198086.48,84,18,70,11844.38,0.0212475172534973,6,0.049208250927217,0.6205085417525907,169.21,43637.19,145.97,2,Premium Loyalists,4.113088317821066,2.2390480382381854
CUST_1708,D,52,F,Books,0,127459.75,30,204,1,5663.78,0.0453433318655309,9,0.3142382561044914,0.4721288195579113,5663.78,27.63,11.93,1,At-Risk High-Value,-2.75898996733447,4.20751404207083
CUST_1709,B,31,F,Sports,2,42335.94,47,168,6,289.0,0.2994478129682088,2,0.0780062451336719,0.4830501502601961,48.17,10.26,16.26,4,Occasional Shoppers,-1.6011170858987034,-0.4982065755674167
CUST_1710,A,36,M,Grocery,5,98466.02,85,27,40,13715.97,0.050899767214764,7,0.0045527062156618,0.657412309430303,342.9,19594.24,81.85,2,Premium Loyalists,2.71848931067591,1.4773536409755132
CUST_1711,A,53,F,Grocery,1,164666.6,92,20,75,10879.82,0.0314254155000441,7,0.0232745939768649,0.4670550618672925,145.06,38856.5,161.34,2,Premium Loyalists,4.186958824514612,1.9279335669417854
CUST_1712,E,31,M,Electronics,0,24456.32,93,35,21,387.16,0.7905207970159659,0,0.0838791611193551,0.7265825184328683,18.44,225.84,59.39,3,Young Explorers,0.23485508819406556,-2.5743968498426453
CUST_1713,B,30,F,Home,3,45164.05,48,132,13,228.8,0.359774254437257,2,0.074136238341607,0.4782265669639632,17.6,22.36,27.32,4,Occasional Shoppers,-1.2100448925180638,-0.6983930256294215
CUST_1714,A,60,M,Sports,1,192213.02,90,15,50,8928.21,0.0621462364454923,8,0.0410622480962115,0.6233631305682011,178.56,27900.66,116.13,2,Premium Loyalists,3.291081268042747,1.8718283976487706
CUST_1715,C,45,M,Grocery,0,22209.54,64,32,46,1521.41,0.6590506367799892,6,0.1198326773625447,0.5293607721064704,33.07,2120.75,105.71,0,Bargain Hunters,0.7904267628576898,-1.3079906835937039
CUST_1716,A,56,F,Home,2,121882.25,92,22,73,10718.73,0.0564836224252676,15,0.0139801331277382,0.7745684226478361,146.83,34020.32,160.04,2,Premium Loyalists,4.663830106278731,1.879686839580225
CUST_1717,D,28,F,Clothing,0,96083.54,27,196,3,3050.54,0.0931469470450563,8,0.3613381303028338,0.6228926017575697,1016.85,46.45,18.97,1,At-Risk High-Value,-2.1810790018913044,1.8962708544611762
CUST_1718,B,52,F,Books,1,53131.37,65,108,9,603.94,0.26666337975923,0,0.1365103435268429,0.4611704156559935,67.1,49.87,25.15,4,Occasional Shoppers,-1.1969161681737894,-0.7132895834300162
CUST_1719,A,35,F,Electronics,0,169265.31,90,12,53,14386.51,0.0884435655059368,9,0.0099524634472454,0.7222660882285574,271.44,58652.69,128.78,2,Premium Loyalists,4.287080457318454,2.3188323459652413
CUST_1720,D,37,F,Sports,1,74525.47,22,207,4,3003.89,0.0261529620734189,7,0.3365917978404067,0.6513472211780681,750.97,57.77,18.51,1,At-Risk High-Value,-2.2549120443540724,1.6175300447143992
CUST_1721,E,18,M,Beauty,3,18605.49,92,2,24,345.23,0.6510909667614664,0,0.06106545829106,0.9818131999891536,14.38,2761.84,108.64,3,Young Explorers,1.1558344940794223,-2.838661307486099
CUST_1722,E,74,F,Sports,0,29653.03,59,55,23,81.78,0.3531220801658324,1,0.0719011026961505,0.7655447831950555,3.56,33.59,63.13,3,Young Explorers,-0.14683601243809444,-1.6218208471576772
CUST_1723,E,32,M,Books,2,20893.43,87,5,20,363.44,0.5325370908406795,0,0.0482906550232505,0.7242560722103404,18.17,1211.47,68.49,3,Young Explorers,0.4507276923358265,-2.3245994064511506
CUST_1724,E,46,F,Electronics,4,32626.98,77,39,18,98.35,0.5716760389319261,1,0.0383244891111719,0.9651214381655264,5.46,44.26,45.87,3,Young Explorers,0.2628473497493885,-2.292683087800171
CUST_1725,C,31,M,Beauty,2,23031.87,53,14,25,1110.13,0.9341705754467824,2,0.15022499134021,0.516542765342922,44.41,1850.22,61.47,0,Bargain Hunters,-0.45808992869348897,-1.9982669653288883
CUST_1726,D,42,M,Books,0,95991.74,20,247,5,1791.24,0.0274576126004119,9,0.2560107978795235,0.5424618186481637,358.25,36.11,21.25,1,At-Risk High-Value,-2.1113890393436208,1.890533193325445
CUST_1727,D,58,F,Home,0,147164.62,13,276,3,3342.13,0.1389569723965078,6,0.2856733044563366,0.3992950174553463,1114.04,36.2,14.35,1,At-Risk High-Value,-2.6664791651354087,2.6579790235941214
CUST_1728,A,32,M,Clothing,1,141134.01,75,16,68,10706.95,0.0235150690363695,11,0.0002423476384262,0.71658450537479,157.46,42827.8,153.58,2,Premium Loyalists,4.171047948886312,1.9095814148843582
CUST_1729,E,27,F,Clothing,2,31883.53,68,45,10,462.56,0.3004423679499015,0,0.006180451983031,0.7162948022766545,46.26,100.56,30.55,3,Young Explorers,-0.3455896665647598,-1.6456739447404665
CUST_1730,B,39,M,Home,1,60000.04,64,116,3,417.09,0.4615184535194845,1,0.1256620735661127,0.4013839928975279,139.03,10.69,11.89,4,Occasional Shoppers,-1.4695444030794254,-0.740185748669508
CUST_1731,D,47,M,Grocery,0,101609.93,13,309,1,2786.44,0.1062812627202258,8,0.2034420679069787,0.6527986951008289,2786.44,8.99,15.38,1,At-Risk High-Value,-2.748565813764557,2.6579653880956418
CUST_1732,A,43,M,Grocery,0,103335.62,85,8,46,8539.98,0.0042293588117856,11,0.0365938590173201,0.5546780518847042,185.65,43648.79,115.59,2,Premium Loyalists,3.0914969807167805,1.5371200871946404
CUST_1733,B,27,M,Home,1,41671.17,36,103,3,803.44,0.2790333078631742,2,0.1263752870443786,0.5239784696728316,267.81,23.18,14.45,4,Occasional Shoppers,-1.7340496777565455,-0.46761148112617174
CUST_1734,A,40,F,Electronics,3,100752.77,71,28,59,9290.83,0.0,10,0.0378078459944363,0.7833611272458095,157.47,18902.03,128.24,2,Premium Loyalists,3.123997409053379,1.2680056780856757
CUST_1735,A,42,F,Electronics,1,95681.14,81,4,46,5501.78,0.0120961153010712,7,0.0180823120322015,0.6019184790321598,119.6,50616.38,126.04,2,Premium Loyalists,2.8562267277269986,0.7044175061061424
CUST_1736,B,41,F,Beauty,3,61251.17,47,183,8,502.47,0.3144241085400573,2,0.1237321859893143,0.4693194958553845,62.81,21.85,16.93,4,Occasional Shoppers,-1.6614892291395849,-0.18891552726094066
CUST_1737,E,35,F,Clothing,0,19087.62,86,21,17,162.71,0.5481178046709477,1,0.009533034281717,0.8560325449885804,9.57,125.73,55.88,3,Young Explorers,0.4371867203614167,-2.440984261004059
CUST_1738,C,28,F,Sports,0,45125.6,42,14,46,2052.19,1.0,2,0.2230384764088964,0.8348170110352355,44.61,6293.38,115.84,0,Bargain Hunters,0.46102453482661543,-2.004384728679176
CUST_1739,D,42,M,Grocery,0,129775.62,24,363,4,5957.25,0.1089086652196794,11,0.2492971164323844,0.4084771484722332,1489.31,65.46,16.45,1,At-Risk High-Value,-2.316707658658645,3.5534347812814424
CUST_1740,D,32,F,Sports,1,128579.11,16,322,5,1441.88,0.133428157420427,3,0.2284897237441209,0.3093746846289499,288.38,22.32,13.5,1,At-Risk High-Value,-2.870850526254513,1.8975822306245174
CUST_1741,E,40,M,Beauty,6,32288.82,63,41,23,528.55,0.7385132626267639,0,0.0102879023546563,0.9096285833631028,22.98,289.44,48.63,3,Young Explorers,0.1443469773768188,-2.4539017822553792
CUST_1742,D,63,F,Sports,2,120730.83,27,261,5,5936.26,0.1200655393758656,8,0.1895280878848474,0.3213974481658705,1187.25,113.29,10.81,1,At-Risk High-Value,-1.9652122824876264,2.7652664165907908
CUST_1743,D,50,F,Grocery,0,147994.72,24,236,1,7330.2,0.0032863085456982,5,0.1653267107515041,0.6477356148799174,7330.2,30.93,15.38,1,At-Risk High-Value,-2.7028300591102408,4.526449877017253
CUST_1744,D,24,M,Home,2,117769.18,22,332,3,5971.4,0.0856467400619724,10,0.1562599246083226,0.6243184549324073,1990.47,53.8,12.79,1,At-Risk High-Value,-2.0006007460508948,3.112899304731664
CUST_1745,C,51,F,Beauty,1,29027.59,42,32,38,1621.79,0.8964701765742136,4,0.1842300358905215,0.4996494532839306,42.68,1867.52,86.12,0,Bargain Hunters,-0.19692951534466563,-1.4849063921227743
CUST_1746,E,30,M,Sports,0,24622.38,85,9,17,637.19,0.6815932904650084,1,0.0690098307920651,0.7010911236720057,37.48,1083.22,59.13,3,Young Explorers,0.2271677286869636,-2.303467308034105
CUST_1747,B,29,F,Clothing,4,41208.76,39,137,9,919.1,0.3748849345907931,1,0.1321100702781109,0.5774151759676897,102.12,59.94,18.28,4,Occasional Shoppers,-1.6218470337378756,-0.6946961087339506
CUST_1748,D,31,F,Clothing,2,119585.22,19,218,4,3959.74,0.1922615638099179,4,0.1601622757947677,0.3156202091826693,989.94,72.32,8.77,1,At-Risk High-Value,-2.240673289578595,1.882326439447971
CUST_1749,C,26,F,Electronics,0,38499.72,40,7,25,783.88,0.9269888562273794,1,0.0898005534129647,0.5735124582773077,31.36,2449.62,75.76,0,Bargain Hunters,-0.349378182929738,-2.0807176287087863
CUST_1750,E,42,F,Beauty,1,18624.1,78,53,24,344.92,0.5296489446232108,1,0.0834934096408569,0.9809176225700044,14.37,153.3,66.51,3,Young Explorers,0.3497908630479393,-2.2883563656960457
CUST_1751,C,40,M,Books,0,33748.65,68,11,28,1782.2,0.9144191245041886,7,0.2389758006866098,0.6923109988912268,63.65,4158.47,78.94,0,Bargain Hunters,0.27302161687205084,-1.5075504698703042
CUST_1752,E,32,M,Beauty,4,28408.97,90,12,17,200.69,0.6457722778180309,1,0.0907194667457863,0.8796010895904252,11.81,262.44,47.93,3,Young Explorers,0.33482313637450223,-2.428691648728258
CUST_1753,D,45,F,Grocery,1,104400.05,26,313,2,4668.59,0.0,5,0.2346504835137981,0.4132671395860753,2334.3,29.74,9.58,1,At-Risk High-Value,-2.7865316348815354,2.8535676588112584
CUST_1754,D,47,F,Home,1,114469.25,17,335,3,5475.84,0.0962271448146538,10,0.1824467114118683,0.500836762774817,1825.28,48.89,13.32,1,At-Risk High-Value,-2.301120185106971,3.1653255852210984
CUST_1755,D,48,M,Grocery,2,132545.41,14,363,4,6533.84,0.0829521848500344,11,0.3330486529937431,0.5819945780070878,1633.46,71.8,13.92,1,At-Risk High-Value,-2.525127995675393,3.724998110774731
CUST_1756,B,19,F,Beauty,5,52113.95,59,89,9,1142.51,0.4508436524792915,2,0.0516898144645122,0.3307655933366933,126.95,114.25,10.74,4,Occasional Shoppers,-1.0832284878855203,-0.679995650002729
CUST_1757,E,60,F,Sports,0,13811.59,73,22,11,175.9,0.6455168234188668,0,0.0747873907831418,1.0,15.99,84.13,46.55,3,Young Explorers,-0.10931512591425065,-2.6973811572283517
CUST_1758,C,50,F,Electronics,4,21065.01,59,28,37,2561.17,0.6999679603939243,3,0.2209012169199094,0.8181333844236544,69.22,3267.7,81.93,0,Bargain Hunters,0.2872877214310568,-1.6467841766056626
CUST_1759,E,44,F,Grocery,4,27858.13,76,41,26,462.95,0.5132464865950044,1,0.0058496800058645,0.8004412679965333,17.81,286.59,58.45,3,Young Explorers,0.45713525026641516,-2.0730098213226715
CUST_1760,E,41,F,Sports,1,22322.67,87,27,12,738.44,0.6153074661389445,1,0.0525510579337969,0.976933246959772,61.54,316.47,44.24,3,Young Explorers,0.2763907527670201,-2.4737682599795616
CUST_1761,A,37,M,Electronics,0,103140.48,75,18,71,12059.73,0.0725970593022879,6,0.0439857850476663,0.6003028615087495,169.86,45065.31,159.56,2,Premium Loyalists,3.748182437501185,1.3501606889625666
CUST_1762,B,38,M,Home,0,56310.86,50,173,8,89.22,0.3524120823771746,0,0.072690912293107,0.4390005845075423,11.15,4.1,25.36,4,Occasional Shoppers,-1.5778156381065596,-0.6511417873648628
CUST_1763,D,36,M,Books,0,91376.46,17,252,3,2906.52,0.0989455712365618,8,0.3914852266803056,0.3850141532547269,968.84,34.46,14.1,1,At-Risk High-Value,-2.9001172257374237,2.3535770267095497
CUST_1764,D,44,F,Home,4,101830.46,26,353,4,6822.93,0.1026064945749912,2,0.2844714847955064,0.4772042253235146,1705.73,77.1,5.83,1,At-Risk High-Value,-2.8820569181753037,2.5708527348691836
CUST_1765,B,27,M,Home,2,58600.46,45,65,13,528.45,0.2893197850557821,0,0.1165079443563718,0.5978656601571375,40.65,104.09,33.5,4,Occasional Shoppers,-1.0235869516126936,-0.8962303146489533
CUST_1766,D,40,F,Grocery,1,88931.14,10,191,1,2578.68,0.0988514055226476,12,0.2781628603639538,0.6050132011862062,2578.68,13.43,11.62,1,At-Risk High-Value,-2.4502485027655223,2.655697667913245
CUST_1767,C,58,F,Books,5,30767.27,62,34,34,2179.47,0.9761244646710212,5,0.2003060016576289,0.500995868295241,64.1,2117.2,65.96,0,Bargain Hunters,-0.030059002738016198,-1.4790023140076864
CUST_1768,C,29,M,Clothing,5,41916.22,47,4,27,535.76,0.8458736920231087,8,0.2382726173097976,0.5945864777605185,19.84,2893.1,75.89,0,Bargain Hunters,-0.12468722334230546,-1.1397264807522194
CUST_1769,B,35,F,Books,0,40732.25,58,69,11,779.52,0.208309767827061,2,0.1230462520759296,0.3747749381513289,70.87,122.5,30.94,4,Occasional Shoppers,-1.053003853894125,-0.5467840396195582
CUST_1770,B,62,M,Clothing,1,53964.34,41,76,13,1059.62,0.4552594119759988,2,0.0618315476680296,0.5926998816524204,81.51,178.9,36.17,4,Occasional Shoppers,-0.8735546645202142,-0.9361911075101331
CUST_1771,C,24,M,Grocery,1,28446.44,55,27,51,2431.21,0.901550731360826,7,0.143051960124323,0.4888869897797268,47.67,4428.28,112.48,0,Bargain Hunters,0.8499698896819082,-1.2765728792544901
CUST_1772,D,30,F,Grocery,4,129014.64,17,233,3,5859.58,0.1302172386434276,3,0.212356980409923,0.4134680552042961,1953.19,75.12,2.7,1,At-Risk High-Value,-2.482123481655613,2.511365785258811
CUST_1773,D,49,F,Grocery,3,98492.36,26,252,4,2037.71,0.0468504837492634,10,0.3180013130516702,0.3785533140746518,509.43,32.22,6.97,1,At-Risk High-Value,-2.401978528978844,2.3236549726432782
CUST_1774,C,60,F,Grocery,0,34544.34,65,22,27,1747.38,0.7460135435265665,7,0.1354801900499924,0.800742930258913,64.72,2051.27,74.56,0,Bargain Hunters,0.5112383128547846,-1.4711432403233882
CUST_1775,E,35,M,Sports,0,31512.16,70,29,21,382.81,0.6576987656487167,1,0.0280472631136107,0.9531804552181604,18.23,267.97,64.51,3,Young Explorers,0.3725445900883844,-2.4205281924525144
CUST_1776,C,57,F,Sports,6,33883.66,47,13,29,2031.41,0.9345826879662344,1,0.2288770986315642,0.7861979217546902,70.05,4207.92,63.42,0,Bargain Hunters,-0.31951801460805684,-2.004363631666151
CUST_1777,D,51,M,Sports,1,135262.17,20,319,5,1364.6,0.0856483371033684,10,0.2813159004804366,0.6791898281302512,272.92,21.32,20.9,1,At-Risk High-Value,-2.1407858831906506,2.30984555676468
CUST_1778,D,64,F,Clothing,3,104152.71,23,232,1,4996.28,0.0374444614600862,9,0.1799883487291879,0.4224461997695192,4996.28,21.44,1.88,1,At-Risk High-Value,-2.705666271612491,3.75321179036916
CUST_1779,D,43,F,Electronics,0,116895.35,13,183,3,2556.68,0.1127026723635355,11,0.1556299688035782,0.6698592645410802,852.23,41.68,19.94,1,At-Risk High-Value,-1.5295267289443435,1.9617937888222006
CUST_1780,D,45,M,Electronics,3,91892.17,33,285,1,6763.11,0.0873838666140624,8,0.3942918196282748,0.3055228607604868,6763.11,23.65,0.0,1,At-Risk High-Value,-3.734110251140382,4.735203686332475
CUST_1781,D,52,M,Clothing,2,100996.64,15,181,1,7440.09,0.0965263600433538,11,0.1598262991990239,0.3527262204626138,7440.09,40.88,3.61,1,At-Risk High-Value,-2.8443906988354732,4.791552491504101
CUST_1782,E,49,M,Electronics,5,15492.15,62,12,21,337.21,0.463672914491935,1,0.0393134152215454,0.7649788124184833,16.06,544.72,50.63,3,Young Explorers,0.014884192779194904,-2.0328598332850083
CUST_1783,E,42,F,Beauty,0,33568.02,79,4,11,167.43,0.3203097754571682,0,0.0179547814003411,0.917919971523119,15.22,368.35,65.36,3,Young Explorers,0.40906704388341286,-2.136421864375444
CUST_1784,D,55,M,Home,2,125987.84,33,258,1,3873.49,0.1033516226474951,5,0.3452338195184894,0.587010488956959,3873.49,14.96,8.13,1,At-Risk High-Value,-2.9211290319393,3.056594549754215
CUST_1785,E,28,M,Clothing,0,19696.17,88,20,20,723.58,0.4533483407994239,1,0.0352184069842962,0.8787762984556868,36.18,689.12,62.58,3,Young Explorers,0.594161788906099,-2.2391082166219607
CUST_1786,B,65,M,Sports,1,45108.9,50,99,10,1171.5,0.4018905082343467,0,0.0857782733110553,0.5495403886612087,117.15,117.15,29.0,4,Occasional Shoppers,-1.1576532748770574,-1.0077693890094916
CUST_1787,B,38,F,Sports,3,52237.91,38,140,4,1087.48,0.4815010358165892,1,0.0759908635096788,0.2264593439692467,271.87,30.85,4.24,4,Occasional Shoppers,-2.0328606503557074,-0.3477862622898634
CUST_1788,C,51,F,Books,1,25990.32,68,19,27,751.89,0.895732972614799,6,0.2565839237302926,0.5671543730027409,27.85,1015.05,67.61,0,Bargain Hunters,-0.19533097979021394,-1.5862141811125927
CUST_1789,E,38,M,Electronics,3,32344.87,69,51,24,550.81,0.4977578867536947,1,0.0738167185557682,0.7364194816748444,22.95,254.22,55.69,3,Young Explorers,0.012551548270588849,-1.7658747936587567
CUST_1790,B,22,F,Books,1,42184.21,56,136,10,545.3,0.1930514850474128,1,0.0784787545520155,0.2202942681733269,54.53,39.8,22.14,4,Occasional Shoppers,-1.4835476192720367,-0.29393617836413144
CUST_1791,B,44,F,Home,1,53943.11,61,125,9,967.21,0.4669316100585876,1,0.1357890645534851,0.536543533007596,107.47,69.09,26.53,4,Occasional Shoppers,-1.1953199992528567,-0.8548367786881413
CUST_1792,B,64,M,Books,4,29454.65,50,160,7,1147.23,0.4837762781292237,2,0.1036680421091811,0.4003244142386158,163.89,49.88,10.63,4,Occasional Shoppers,-1.7025592236447147,-0.6595253958550397
CUST_1793,C,35,M,Sports,4,22498.43,56,38,27,685.65,0.6659238274909683,6,0.2225475927563157,0.5511711392155618,25.39,474.68,55.66,0,Bargain Hunters,-0.43702334829915684,-1.1622678287326742
CUST_1794,C,42,F,Electronics,3,32198.45,70,34,36,2441.22,0.8617880498807776,4,0.2122439841819027,0.4022487676851269,67.81,2510.97,73.99,0,Bargain Hunters,0.05292394497721271,-1.3106971348485774
CUST_1795,E,31,F,Beauty,2,29371.72,66,13,12,571.53,0.7605293825747886,0,0.0580841736764544,0.7419161196062523,47.63,489.88,40.53,3,Young Explorers,-0.32459625720596214,-2.374216104066817
CUST_1796,C,40,F,Clothing,0,50957.85,45,20,35,1553.34,0.8378832216997596,7,0.1384836947138297,0.5451949546373832,44.38,2588.9,85.9,0,Bargain Hunters,0.23687439677959635,-1.0863667936364503
CUST_1797,B,58,M,Home,2,34262.31,40,60,11,322.56,0.2105475343459387,2,0.113912556603215,0.4865048296375076,29.32,58.17,27.4,4,Occasional Shoppers,-1.2476579758760429,-0.7050601325633984
CUST_1798,C,51,M,Grocery,0,48135.96,39,28,49,1377.68,0.7020322373295427,2,0.2273913673320949,0.5837016806456444,28.12,2327.8,113.25,0,Bargain Hunters,0.1272025868551457,-1.3021681056755054
CUST_1799,B,53,F,Beauty,3,51384.07,43,64,3,589.79,0.1996162275481555,2,0.0557050937992745,0.6112382535339911,196.6,27.22,10.79,4,Occasional Shoppers,-1.1744561883832514,-0.6472786983273432
CUST_1800,C,45,F,Electronics,0,31175.09,49,38,39,1464.0,0.6449729820222523,2,0.2531417575518405,0.8642636565561788,37.54,1464.0,97.92,0,Bargain Hunters,0.06444111842963977,-1.6561156445958118
CUST_1801,D,18,F,Beauty,3,74900.68,23,203,1,1827.07,0.0051900919678752,9,0.2977025651225772,0.5769508753947077,1827.07,8.96,5.03,1,At-Risk High-Value,-2.50150592836919,2.088994140599777
CUST_1802,B,59,M,Sports,3,40524.41,41,169,12,730.02,0.2998814870241136,1,0.1040901804998653,0.3410208876786175,60.84,51.53,22.41,4,Occasional Shoppers,-1.7551084320563324,-0.32996381997132207
CUST_1803,E,37,M,Beauty,0,25313.07,76,32,12,690.53,0.3554958727623569,0,0.038731116038368,0.7500295595567573,57.54,251.1,42.13,3,Young Explorers,-0.1278902978349545,-1.8637427837817147
CUST_1804,D,59,F,Sports,2,118958.91,27,302,5,7012.0,0.1908166429384988,7,0.2498387686811747,0.4967042149874514,1402.4,115.71,14.27,1,At-Risk High-Value,-2.121445438003497,2.7494736463082994
CUST_1805,B,31,F,Electronics,3,31874.11,63,151,13,699.9,0.3980932626438774,0,0.0594132823908715,0.4867774802958828,53.84,59.86,27.4,4,Occasional Shoppers,-1.1122331810692345,-1.0696735537304158
CUST_1806,E,51,M,Home,0,19970.22,70,16,16,374.04,0.7511438509074042,1,0.0286317579818953,0.7445142128899677,23.38,352.04,53.14,3,Young Explorers,-0.014729762517410431,-2.464256968064082
CUST_1807,A,22,F,Sports,0,86600.06,84,27,76,11387.1,0.0976768176797725,9,0.0190710192837058,0.6550207680033581,149.83,30907.84,168.8,2,Premium Loyalists,4.067536208888095,1.1597862448651015
CUST_1808,C,44,F,Home,3,30707.39,41,27,35,443.66,0.6101521881116112,2,0.2187734550240336,0.6481262165760362,12.68,554.58,77.67,0,Bargain Hunters,-0.415196210028001,-1.4908447064311667
CUST_1809,B,40,F,Books,0,38219.83,33,171,6,634.74,0.2146089384395805,2,0.0759432213801782,0.3806783403341323,105.79,22.14,20.2,4,Occasional Shoppers,-1.906450702220736,-0.16835553578502144
CUST_1810,C,49,F,Clothing,1,42172.49,46,39,59,1493.48,0.8358670374420983,3,0.1348473977974927,0.6182276810179659,25.31,2202.88,129.93,0,Bargain Hunters,0.8522296439328905,-1.6268367042194694
CUST_1811,B,52,M,Grocery,0,40094.17,48,133,8,172.54,0.4115208242543731,1,0.1428790174142264,0.3777451862539439,21.57,10.3,24.31,4,Occasional Shoppers,-1.7301252598890713,-0.7307467943395616
CUST_1812,B,43,M,Sports,2,41374.08,45,128,6,949.49,0.3591344083846706,0,0.0636807878416252,0.5680051249847355,158.25,44.16,18.14,4,Occasional Shoppers,-1.4530487703243984,-0.9033176073115348
CUST_1813,D,39,M,Sports,2,92091.89,23,355,1,7445.19,0.1069231584881725,10,0.4038095210364593,0.6650134781423594,7445.19,20.91,9.58,1,At-Risk High-Value,-3.7520377359967902,5.076434952185777
CUST_1814,E,61,M,Sports,2,15377.24,93,33,13,337.51,0.7762776366038552,0,0.0650106683071213,0.7759588404852175,25.96,129.05,38.55,3,Young Explorers,-0.0020620269298922025,-2.695113063958264
CUST_1815,D,54,M,Home,0,112545.26,14,304,1,2772.56,0.0858363194672287,3,0.3595537666299833,0.632820242436646,2772.56,9.09,14.99,1,At-Risk High-Value,-3.389464696521966,2.5174373323037855
CUST_1816,B,53,F,Home,0,58843.48,39,76,3,226.4,0.3807698955580081,0,0.112813225221844,0.4889759781058622,75.47,8.82,17.1,4,Occasional Shoppers,-1.6422967349044295,-0.8593079903916041
CUST_1817,D,68,F,Books,4,125045.63,25,308,2,6629.61,0.1939883150248897,6,0.2307491247822589,0.4448646140326506,3314.8,42.91,1.22,1,At-Risk High-Value,-2.7249875193087845,3.3538670767762166
CUST_1818,C,58,F,Beauty,5,36126.28,51,21,29,2106.29,0.8053507653508539,5,0.22408726018186,0.5777024942155616,72.63,2776.47,59.32,0,Bargain Hunters,-0.27036157438498826,-1.1992193446795794
CUST_1819,A,48,M,Home,5,160164.56,89,13,79,4868.03,0.0109579066782206,13,0.0548159596539953,0.685513380802397,61.62,27469.6,164.4,2,Premium Loyalists,4.200564340159493,1.581209099099316
CUST_1820,A,24,M,Electronics,0,99599.55,92,2,42,10413.91,0.0118750582483145,6,0.0232428399904623,0.5238171206891721,247.95,145794.74,144.48,2,Premium Loyalists,4.2887476067268375,1.7285250521552802
CUST_1821,B,41,M,Beauty,0,49350.94,40,188,11,1104.56,0.4394128371929202,0,0.0763022938810428,0.4032433989794853,100.41,64.29,30.6,4,Occasional Shoppers,-1.7159988246183822,-0.556798992163713
CUST_1822,B,38,M,Books,5,54025.52,41,102,8,863.79,0.4222051849770274,2,0.0783241566125072,0.5401692797790522,107.97,67.09,12.78,4,Occasional Shoppers,-1.3194065498447902,-0.695722245588742
CUST_1823,A,59,M,Grocery,2,141385.7,87,29,43,12518.59,0.0376768127116233,12,0.016527787055401,0.4110536635058392,291.13,17943.31,91.67,2,Premium Loyalists,2.919924804957357,2.466499960731879
CUST_1824,B,59,F,Clothing,0,47038.03,42,150,12,1129.25,0.3445257145332982,2,0.0769993570599508,0.4391537949031813,94.1,89.74,33.45,4,Occasional Shoppers,-1.3582744560131237,-0.42174745001754066
CUST_1825,E,54,F,Beauty,0,18298.99,82,43,22,164.78,0.3625773919559603,1,0.0332918488412331,0.8563790755726539,7.49,82.39,63.45,3,Young Explorers,0.41167140397968044,-2.062913569914616
CUST_1826,C,54,F,Beauty,1,21770.46,47,1,39,2855.65,0.7610341091908321,6,0.2594780504554168,0.7018346585024622,73.22,55685.18,189.04,0,Bargain Hunters,1.5906257848796086,-1.0488667726116605
CUST_1827,C,18,F,Grocery,1,47149.66,39,32,47,1156.25,0.7572353016211237,2,0.1928971196224924,0.773928352809199,24.6,1646.78,109.6,0,Bargain Hunters,0.28723407054102335,-1.6501050122847372
CUST_1828,E,18,F,Clothing,3,24902.45,85,24,10,295.0,0.4144523810702274,0,0.0032770675565404,0.9978043030271618,29.5,118.0,35.12,3,Young Explorers,0.2712592053083985,-2.3775208222305935
CUST_1829,B,56,F,Home,0,34097.61,43,133,11,888.63,0.258482642369559,0,0.1462858695069602,0.6227445963470419,80.78,72.95,35.21,4,Occasional Shoppers,-1.4644136928040181,-0.8039232041939279
CUST_1830,E,43,F,Clothing,1,30007.6,91,8,12,380.66,0.445544479793638,1,0.0537655626606997,0.8342823368836171,31.72,507.55,50.19,3,Young Explorers,0.36058564880451566,-2.1348731837496167
CUST_1831,B,53,F,Electronics,2,43506.7,53,140,6,391.43,0.4863653418221181,1,0.0544515710073673,0.280135025182826,65.24,16.66,12.32,4,Occasional Shoppers,-1.6260142734809129,-0.7699645530908683
CUST_1832,E,54,M,Clothing,4,24768.2,96,61,19,123.42,0.4970039123371115,0,0.0275159598664221,0.9653347993095488,6.5,37.82,46.95,3,Young Explorers,0.48795080701101845,-2.416534723564735
CUST_1833,C,41,M,Books,3,20656.7,61,38,48,2552.61,0.601784327952768,6,0.2242433077957731,0.5172212611089735,53.18,3141.67,99.98,0,Bargain Hunters,0.5311213734916915,-0.9044744284493583
CUST_1834,D,54,F,Sports,0,125540.03,19,255,5,1970.58,0.1586481886426367,7,0.2108469255823662,0.6867391504500597,394.12,38.49,24.13,1,At-Risk High-Value,-1.8988404095880655,1.62707134430624
CUST_1835,B,67,M,Sports,2,58356.27,38,123,14,296.6,0.3378290961746419,1,0.0983607354222372,0.3421663636561933,21.19,33.49,29.66,4,Occasional Shoppers,-1.505704544077561,-0.4242268828112363
CUST_1836,B,67,M,Beauty,2,51733.63,61,103,5,1096.08,0.3493170864178783,1,0.0738579524523574,0.2417931524206633,219.22,52.7,9.81,4,Occasional Shoppers,-1.420335330881366,-0.46724955491564835
CUST_1837,A,42,M,Grocery,5,113957.81,93,27,60,11930.13,0.0483012770194764,7,0.0322121932690509,0.4866242589041722,198.84,25564.56,118.44,2,Premium Loyalists,3.324522683813071,1.5588604098191772
CUST_1838,B,52,F,Clothing,0,32925.06,48,107,7,454.04,0.2899027407635158,1,0.0911502291611116,0.2764307306489945,64.86,29.43,20.46,4,Occasional Shoppers,-1.6336034573124318,-0.6145606468678458
CUST_1839,E,30,M,Clothing,2,28601.2,87,32,17,719.94,0.336071682099456,0,0.0166994056638426,0.786327145715129,42.35,370.88,46.85,3,Young Explorers,0.32459792839557144,-1.937025396297248
CUST_1840,D,24,M,Grocery,3,87232.7,32,360,1,2828.95,0.1408218819018379,7,0.3200433323091427,0.4334651767071438,2828.95,7.84,1.95,1,At-Risk High-Value,-3.322343267493593,2.860504149354108
CUST_1841,B,38,M,Beauty,1,43982.82,52,128,7,505.89,0.3536676872288626,1,0.1345135152082232,0.3038527683155266,72.27,27.45,17.86,4,Occasional Shoppers,-1.7155761029076828,-0.5194775648647744
CUST_1842,B,18,M,Grocery,0,37140.67,52,148,10,374.83,0.2187225323909113,1,0.0850574190352018,0.2424056269933121,37.48,25.16,25.52,4,Occasional Shoppers,-1.603287548911268,-0.36301815375798285
CUST_1843,C,55,M,Sports,0,32175.8,62,1,39,857.31,0.6878978657132127,7,0.1661099138810858,0.8377354859846684,21.98,16717.54,194.75,0,Bargain Hunters,1.8191315417733118,-1.5708570829895738
CUST_1844,C,50,F,Electronics,0,22557.21,50,30,48,2999.53,0.7049958865555831,6,0.2647154563500879,0.6885578363759098,62.49,4644.43,113.1,0,Bargain Hunters,0.5344432597186649,-1.0939669142382225
CUST_1845,C,56,M,Electronics,3,33869.13,39,28,45,1358.45,0.7437265275341362,5,0.1700853160147165,0.8276352207248745,30.19,2107.94,101.12,0,Bargain Hunters,0.4617120080728275,-1.5243860040488388
CUST_1846,B,45,F,Home,1,41781.8,41,160,9,645.03,0.3690505037882186,1,0.115345906341844,0.3134628778297442,71.67,36.06,21.89,4,Occasional Shoppers,-1.8770911999508875,-0.41840399714177584
CUST_1847,A,46,F,Books,0,99453.94,90,22,51,4365.88,0.0472436201517932,13,0.0028383056112294,0.5949243215983577,85.61,9680.86,118.44,2,Premium Loyalists,2.833252483760177,0.8860303461919705
CUST_1848,A,30,F,Electronics,1,91994.41,82,19,70,10664.92,0.0663541177787428,5,0.002947399761931,0.7717169629585688,152.36,37327.22,157.7,2,Premium Loyalists,3.836564623542074,0.6905509943127632
CUST_1849,C,48,M,Electronics,0,38136.53,49,34,27,2449.81,0.918773366857383,6,0.2331157686180817,0.5851547225671561,90.73,1889.85,68.64,0,Bargain Hunters,-0.3280382124469183,-1.1934089993283097
CUST_1850,A,51,F,Electronics,3,96924.68,85,23,66,9860.66,0.0212020079833167,5,0.0360949980618168,0.7831546543311139,149.4,27116.82,143.01,2,Premium Loyalists,3.4763720080162135,0.7101973494734318
CUST_1851,C,33,F,Clothing,0,46609.44,48,21,20,412.53,0.9616836726605716,5,0.2709463503383527,0.6057623789187984,20.63,375.03,56.88,0,Bargain Hunters,-0.7950839810972574,-1.5134757032027915
CUST_1852,A,32,M,Books,3,111263.34,93,6,77,7149.29,0.0682809219436488,11,0.0410244815646196,0.6804683954281499,92.85,78642.19,175.28,2,Premium Loyalists,4.753970501650407,1.307044680936788
CUST_1853,D,58,F,Grocery,0,106661.75,29,286,3,5252.58,0.0222099069890279,10,0.3743563616161355,0.4131832023020919,1750.86,54.91,14.61,1,At-Risk High-Value,-2.551086540406329,3.269522548962358
CUST_1854,E,34,F,Beauty,1,27716.0,66,38,22,416.52,0.7809638132415542,0,0.059779023657506,0.7183156046111703,18.93,234.96,58.0,3,Young Explorers,-0.12950330433416377,-2.3639682604037633
CUST_1855,A,70,F,Beauty,0,126443.37,98,1,33,13015.21,0.0207230885628757,4,0.0434882016863812,0.6979252791504299,394.4,214750.96,179.96,2,Premium Loyalists,5.4653832086008345,2.251982400994035
CUST_1856,A,45,M,Clothing,6,168537.36,99,29,47,14786.39,0.0917324148935147,8,0.0283265453741655,0.598971076439329,314.6,23165.34,91.43,2,Premium Loyalists,3.454889884000351,2.2978693053017865
CUST_1857,B,18,M,Grocery,1,44079.87,43,69,10,519.91,0.3267445762329477,2,0.0834862921126047,0.1883049782534613,51.99,74.27,22.22,4,Occasional Shoppers,-1.4619561531045904,-0.4638377016151047
CUST_1858,D,34,F,Sports,0,79860.1,32,249,3,7720.8,0.0530695165636255,11,0.2329568584830396,0.6255124034371851,2573.6,92.65,18.91,1,At-Risk High-Value,-1.7726718045369396,3.0360426150339537
CUST_1859,A,48,M,Home,1,121728.66,78,6,59,6520.97,0.0788507565868921,13,0.0044541713549239,0.7731644972635334,110.52,54962.46,147.13,2,Premium Loyalists,3.9371091340064406,1.3483622141401919
CUST_1860,B,26,F,Sports,0,44924.4,49,116,7,483.27,0.4176426695396079,2,0.1217962776055738,0.2771998076793394,69.04,28.91,20.41,4,Occasional Shoppers,-1.6548553404388255,-0.5266813037578085
CUST_1861,D,29,F,Home,0,82373.55,21,350,3,4156.81,0.0152713908461087,9,0.2458006612856522,0.3813861628165956,1385.6,35.53,13.91,1,At-Risk High-Value,-2.7403743775070306,2.8399455914472607
CUST_1862,C,18,F,Sports,4,47795.06,45,8,52,497.12,0.9986700505313608,8,0.1595351045270208,0.8043853441373799,9.56,2872.25,120.59,0,Bargain Hunters,1.070896467365799,-1.6725919330188521
CUST_1863,C,67,M,Beauty,2,25497.03,56,10,38,643.89,0.7005542438200701,2,0.21154141077194,0.4249877901365577,16.94,2224.35,88.5,0,Bargain Hunters,-0.15111129640885249,-1.5683189339771657
CUST_1864,D,43,F,Books,0,142099.12,28,315,4,2971.0,0.1613392636652315,4,0.2169579205747124,0.310139428660763,742.75,37.61,14.52,1,At-Risk High-Value,-2.515783498108383,2.2633809763530497
CUST_1865,B,52,F,Clothing,0,50043.04,56,58,10,452.53,0.2553163078215429,1,0.0587571067575896,0.2113561393379076,45.25,76.7,25.95,4,Occasional Shoppers,-1.127129236777362,-0.5928507564426602
CUST_1866,C,42,M,Clothing,1,26470.46,48,14,42,2794.03,0.7366361377535628,4,0.2126012869037719,0.61253043079721,66.52,7823.28,100.39,0,Bargain Hunters,0.34054507458021627,-1.3028116588988132
CUST_1867,D,33,F,Electronics,2,107194.51,27,247,1,3831.89,0.1562650435367173,6,0.3891513680477385,0.4640711669222475,3831.89,15.45,5.69,1,At-Risk High-Value,-3.244969149480913,3.080729954771358
CUST_1868,B,32,M,Sports,0,53083.66,63,100,3,271.59,0.300201305062348,1,0.1041672567872203,0.3527496738836954,90.53,8.07,14.05,4,Occasional Shoppers,-1.4095054050738363,-0.629192093758654
CUST_1869,E,58,M,Sports,1,28508.64,88,29,16,122.02,0.6496262490458822,1,0.0759449388284105,0.866924377003222,7.63,65.08,49.79,3,Young Explorers,0.22563622660872754,-2.405037609870971
CUST_1870,A,52,F,Grocery,5,155441.78,97,22,53,10648.41,0.0382423504993272,6,0.047121450645831,0.7558768051887316,200.91,24537.64,110.66,2,Premium Loyalists,3.396375729218355,1.4173479084379046
CUST_1871,E,42,M,Home,0,27796.9,98,9,11,171.88,0.4423252542160122,0,0.0309444018497142,0.8239047161252285,15.63,189.07,49.59,3,Young Explorers,0.4139222591785198,-2.3406736640713492
CUST_1872,A,19,M,Beauty,1,105954.34,93,31,37,5565.15,0.0284296415031031,8,0.0270710199967549,0.5807698426815098,150.41,6434.7,85.84,2,Premium Loyalists,2.0379508209901944,0.7221181424547363
CUST_1873,C,48,F,Grocery,0,46870.8,49,35,35,1641.43,0.6666954760057116,2,0.2882783037027682,0.486823332842441,46.9,1595.83,82.59,0,Bargain Hunters,-0.5025999216340736,-1.0587108014263544
CUST_1874,C,41,F,Grocery,3,32617.62,41,14,54,660.05,0.7546046037470578,7,0.2199206346430036,0.3999362628632645,12.22,2376.18,114.14,0,Bargain Hunters,0.3636629375724363,-0.9783160538221729
CUST_1875,B,47,M,Grocery,5,44130.34,65,148,12,926.96,0.3996749238348746,0,0.0461003758561145,0.2347578062961789,77.25,74.65,14.37,4,Occasional Shoppers,-1.3107502337242651,-0.6698089656763256
CUST_1876,A,31,M,Sports,1,92539.54,85,16,55,11363.95,0.0246302775355001,13,0.0320591335488079,0.7293249403541281,206.62,36765.72,127.84,2,Premium Loyalists,3.713885187345174,1.6896324263950244
CUST_1877,A,41,F,Books,0,138834.7,77,10,67,13346.2,0.0932229081464836,6,0.0038301054515154,0.6794054091674118,199.2,81290.49,157.59,2,Premium Loyalists,4.473007716694471,1.821585009263445
CUST_1878,B,62,M,Grocery,2,32707.77,63,163,14,760.96,0.2737490426244488,2,0.0640258371483452,0.3002601715195348,54.35,64.96,28.62,4,Occasional Shoppers,-1.1844263535400106,-0.4467631049448436
CUST_1879,A,31,M,Sports,3,176003.06,78,24,30,4403.65,0.0696156035586791,10,0.0151279198355017,0.6492841442627285,146.79,5284.38,68.15,2,Premium Loyalists,1.8955803595765963,1.3823825282040758
CUST_1880,B,35,M,Beauty,4,46429.87,53,139,7,295.85,0.5001833260000508,1,0.0691320161188383,0.2567318964230963,42.26,14.79,7.85,4,Occasional Shoppers,-1.6738326418856526,-0.7225935756757265
CUST_1881,C,47,M,Grocery,0,37089.17,63,9,28,2654.33,1.0,4,0.2153233365056623,0.7242770651455447,94.8,7432.12,81.6,0,Bargain Hunters,0.24099823188643063,-1.8079412257596892
CUST_1882,B,47,F,Clothing,3,36438.26,63,123,14,736.88,0.2117725450241558,0,0.148853029584507,0.5219352580595138,52.63,83.2,30.25,4,Occasional Shoppers,-1.1373761930477133,-0.7620436556492582
CUST_1883,A,37,F,Electronics,0,111560.7,79,27,67,14158.72,0.0918045288694619,6,0.0161989703527273,0.6240042107767045,211.32,33879.79,150.18,2,Premium Loyalists,3.777581651641767,1.5243512403122446
CUST_1884,E,33,M,Electronics,4,31616.73,83,11,17,279.1,0.7712673010734361,0,0.0583107297249189,0.8751029097713938,16.42,395.39,48.59,3,Young Explorers,0.2581657223164114,-2.663127226558617
CUST_1885,B,55,F,Beauty,1,41848.6,37,93,3,183.9,0.4517465175627271,2,0.1259434507907405,0.274570681314337,61.3,5.87,9.57,4,Occasional Shoppers,-1.9765865706718062,-0.6107291070544066
CUST_1886,E,47,F,Home,0,24674.93,76,49,17,226.77,0.4200560725759025,0,0.0974315651621515,0.8152428770741627,13.34,77.1,52.35,3,Young Explorers,-0.14672384619535866,-1.9762166612059144
CUST_1887,A,32,F,Beauty,4,116870.35,82,7,75,14583.09,0.0843758463308207,12,0.0425657345128057,0.4124242463482309,194.44,136716.47,160.53,2,Premium Loyalists,5.3502677992237295,2.9548988507064995
CUST_1888,E,38,M,Sports,2,33861.27,88,55,22,572.42,0.5546182407210998,0,0.0803911318886111,0.8036229655444534,26.02,224.88,55.89,3,Young Explorers,0.2501821359178096,-2.1030815910653637
CUST_1889,C,47,F,Beauty,0,24854.57,58,21,30,1071.7,0.922944852178818,8,0.1198839911033741,0.5229163649838195,35.72,1461.41,75.22,0,Bargain Hunters,0.20197712095402462,-1.4864029445757185
CUST_1890,C,46,M,Beauty,4,32921.33,56,7,57,2463.54,0.6414601618836359,4,0.247422519610071,0.4237990739464624,43.22,17552.72,124.76,0,Bargain Hunters,0.8744777420639553,-0.9196223405212091
CUST_1891,E,52,F,Beauty,4,27424.95,65,6,10,644.06,0.6413629002534444,1,0.0782717176926897,0.7389932868508627,64.41,920.09,39.45,3,Young Explorers,-0.3278071983502215,-2.07971980032254
CUST_1892,D,57,F,Beauty,2,131062.2,24,186,5,1622.47,0.1030703687581674,5,0.2752882980793137,0.471718714511015,324.49,43.38,13.97,1,At-Risk High-Value,-2.0961176042031044,1.6033666847208168
CUST_1893,B,53,F,Beauty,0,42036.61,36,149,9,653.4,0.4674050241999021,2,0.1368368125430682,0.4796902564581295,72.6,39.2,28.26,4,Occasional Shoppers,-1.7468691837016308,-0.6278961941498845
CUST_1894,E,30,M,Grocery,2,22493.85,64,11,22,760.29,0.6000952617962589,0,0.0786389136421456,0.8967959800410971,34.56,1393.86,65.03,3,Young Explorers,0.15412214493508627,-2.341290314783127
CUST_1895,B,43,M,Clothing,0,55231.95,44,120,11,851.45,0.4373977792815146,0,0.0685253029969521,0.2659028203976049,77.4,77.4,28.15,4,Occasional Shoppers,-1.5248401268409373,-0.6300797499619263
CUST_1896,E,34,M,Home,3,24748.42,70,7,10,343.17,0.5199192135486961,1,0.0522585799025825,0.9347610460462596,34.32,428.96,43.98,3,Young Explorers,0.011925870670168103,-2.2586872300450556
CUST_1897,A,43,M,Books,0,89506.88,89,15,75,6128.72,0.0166241974369816,14,0.0009897303284914,0.532326205632331,81.72,28728.38,167.31,2,Premium Loyalists,4.005813392377051,1.2276976675588174
CUST_1898,C,18,M,Books,5,28767.25,63,33,53,3026.55,0.6801066708533917,3,0.1294735456817268,0.3991850304639001,57.1,4717.86,102.01,0,Bargain Hunters,0.7744892498100167,-1.1850101236250712
CUST_1899,A,49,M,Books,3,79721.89,95,20,48,5512.68,0.0720601039723856,13,0.0450873239533259,0.4037556102210228,114.85,12600.41,100.08,2,Premium Loyalists,2.4942188597589707,1.0748595698002512
CUST_1900,A,52,F,Electronics,2,112981.94,90,15,70,10093.49,0.0128287231652636,5,0.0421125653070837,0.66257076574274,144.19,44159.02,153.92,2,Premium Loyalists,3.867109647930779,1.054137586784888
CUST_1901,D,57,F,Electronics,1,91235.24,13,265,2,7754.99,0.074990413506452,3,0.3662821483065496,0.5228240138326388,3877.5,58.31,11.83,1,At-Risk High-Value,-3.2975082307571673,3.2360582872961423
CUST_1902,B,18,M,Clothing,3,49129.83,46,62,3,565.26,0.25754495070562,2,0.0832849684882394,0.5852754836630865,188.42,26.92,10.32,4,Occasional Shoppers,-1.2366650927885696,-0.7168656755503827
CUST_1903,B,39,M,Beauty,0,36151.27,64,82,14,968.05,0.4657644407865867,1,0.0928155593191535,0.4670909712079424,69.15,163.29,38.56,4,Occasional Shoppers,-0.8052370093694192,-1.182147830798166
CUST_1904,B,18,F,Clothing,3,54903.01,47,149,3,1047.28,0.3289140448049984,0,0.0731543225517436,0.5513193130262376,349.09,20.95,8.7,4,Occasional Shoppers,-1.6384719938045145,-0.5652696023172963
CUST_1905,D,30,F,Beauty,0,116639.24,27,229,4,1496.06,0.1549963485632629,5,0.3764386294983419,0.6509267520826387,374.02,26.02,21.46,1,At-Risk High-Value,-2.3683290881806403,1.434575530837138
CUST_1906,E,60,M,Grocery,3,18160.83,66,56,10,261.15,0.699650407772381,1,0.0307822025077203,0.8543442406327963,26.12,45.82,29.87,3,Young Explorers,-0.41627038542643896,-2.3472237043855904
CUST_1907,E,22,M,Beauty,0,30994.46,84,7,22,673.39,0.3008703669922354,0,0.0712026181982481,0.9255790867247156,30.61,1851.82,76.8,3,Young Explorers,0.6913585026502086,-2.038022229082506
CUST_1908,C,41,F,Home,2,43252.95,61,32,48,2387.58,0.8003015290932336,4,0.1396600387666282,0.3980404983288308,49.74,3472.84,101.09,0,Bargain Hunters,0.6073982407919488,-1.1988776122564353
CUST_1909,B,48,F,Grocery,1,28071.1,64,176,3,570.39,0.4448706586466801,2,0.143662901591414,0.5138602959757624,190.13,9.67,13.85,4,Occasional Shoppers,-1.6648352447678691,-0.7973362493444419
CUST_1910,D,24,M,Grocery,0,145091.33,21,320,1,2941.39,0.1832993904967594,10,0.1799742987068623,0.5215665464840212,2941.39,9.16,12.74,1,At-Risk High-Value,-2.5043793677473487,3.3022657164107794
CUST_1911,C,35,F,Home,7,21279.6,58,5,22,3015.97,0.9375076255140368,5,0.2186919366049548,0.7876504826499797,137.09,11058.56,58.75,0,Bargain Hunters,0.05791335242610564,-1.6780984412621185
CUST_1912,C,54,M,Sports,2,45271.8,61,16,27,677.6,0.8964553002209172,7,0.1584288143149443,0.7979529565512042,25.1,1076.19,70.21,0,Bargain Hunters,0.32353208816407214,-1.66473229187927
CUST_1913,D,72,M,Grocery,1,147070.72,25,251,4,6896.21,0.0375538737917471,8,0.2522933589939569,0.4969994189253804,1724.05,109.46,15.34,1,At-Risk High-Value,-1.8973291417393658,3.26600443082876
CUST_1914,E,28,F,Clothing,0,27522.15,78,11,21,303.41,0.5299420781304098,1,0.1051628367446063,0.9220913756943552,14.45,530.97,69.53,3,Young Explorers,0.3743826938603949,-2.253555097377303
CUST_1915,D,39,M,Sports,4,89792.15,20,192,2,1663.56,0.0328683117349696,6,0.29040667583997,0.3522260935826697,831.78,17.24,0.0,1,At-Risk High-Value,-2.6502064494523734,1.799555006469795
CUST_1916,C,60,M,Home,3,44658.89,59,37,44,1315.56,0.732861057552493,4,0.2628598029864178,0.4672896466393584,29.9,1523.28,91.05,0,Bargain Hunters,0.054472278189685044,-1.0857389786516083
CUST_1917,A,29,M,Electronics,5,149759.71,86,28,61,5943.22,0.009683508536428,8,0.012428163501221,0.750774510054531,97.43,12501.26,125.59,2,Premium Loyalists,3.214641088564843,1.0292981593997923
CUST_1918,A,52,M,Books,0,87760.84,79,27,67,13004.61,0.0892275192835628,12,0.0255748026706174,0.4525987757969221,194.1,31118.17,146.76,2,Premium Loyalists,3.704223589851563,1.9351621536251373
CUST_1919,B,30,F,Home,1,34929.21,56,108,9,1204.39,0.449025868891535,0,0.0719507128972222,0.334797280105913,133.82,99.45,22.62,4,Occasional Shoppers,-1.360549973310016,-0.9516877323200758
CUST_1920,B,40,M,Sports,2,39323.53,45,72,11,1054.09,0.3208708834607819,3,0.0861324507655593,0.5191783364540183,95.83,158.84,27.77,4,Occasional Shoppers,-1.003086302380944,-0.6904583662506424
CUST_1921,D,29,F,Sports,0,145896.62,29,356,5,5275.92,0.1287587618534086,6,0.33251919319805,0.4341090236742433,1055.18,73.89,18.96,1,At-Risk High-Value,-2.559851368998632,3.0179897976755115
CUST_1922,D,33,F,Electronics,1,118588.69,15,261,4,5998.44,0.1688628357857184,6,0.3747424793544218,0.4789642235248705,1499.61,91.58,14.96,1,At-Risk High-Value,-2.698140642488391,2.733247029226751
CUST_1923,E,41,M,Sports,0,32195.0,63,1,13,870.0,0.4629265875606571,1,0.0671303269538874,0.8589735570566844,66.92,5655.0,143.18,3,Young Explorers,0.7834715090196165,-1.97315973917884
CUST_1924,D,40,M,Beauty,2,91128.11,23,240,3,2725.04,0.1678103876275925,7,0.2063078576956078,0.6947185147501506,908.35,33.92,14.31,1,At-Risk High-Value,-2.0162708633397934,1.4711245446264891
CUST_1925,A,54,F,Grocery,0,115254.99,91,22,60,6177.37,0.0077043791790208,14,0.0137329498125966,0.4955482007712523,102.96,16114.88,134.46,2,Premium Loyalists,3.342497420964182,1.5190897263838372
CUST_1926,D,42,M,Books,0,91280.56,25,352,5,2552.47,0.1189146861670402,5,0.2382489141701079,0.5354639919631712,510.49,36.15,20.99,1,At-Risk High-Value,-2.5791706166551887,1.7433351733189129
CUST_1927,B,46,F,Books,1,38383.34,57,161,3,857.55,0.2663436888313392,1,0.1357508596778278,0.4734498719619028,285.85,15.88,13.09,4,Occasional Shoppers,-1.7383723469477887,-0.44626930129273734
CUST_1928,B,24,F,Beauty,5,37099.05,46,173,13,396.07,0.4765846225356343,2,0.1363902689758291,0.5602277626236071,30.47,29.59,22.78,4,Occasional Shoppers,-1.5346773042763866,-0.7694740381673472
CUST_1929,D,45,F,Books,1,87022.6,19,345,4,7608.51,0.1953093942111538,9,0.3357714564356049,0.479073497897062,1902.13,87.96,14.87,1,At-Risk High-Value,-2.7326585777888743,3.169860676367283
CUST_1930,B,27,F,Electronics,5,59392.85,48,174,12,464.09,0.3691691954049227,1,0.1278166767257472,0.3210160152543063,38.67,31.82,16.0,4,Occasional Shoppers,-1.732014494117051,-0.2480058348250718
CUST_1931,A,40,M,Home,3,185476.64,88,22,75,8805.94,0.0860733083330453,12,0.0524617697698547,0.6549554660323564,117.41,28715.02,158.64,2,Premium Loyalists,4.288239956034645,2.1132894732693424
CUST_1932,A,18,F,Clothing,0,92822.34,88,16,76,8018.48,0.0025524359811082,11,0.0439418842993387,0.5155273191861457,105.51,35847.32,168.56,2,Premium Loyalists,3.938147574421277,1.3252459639160385
CUST_1933,A,42,M,Books,2,84588.87,96,24,63,14023.16,0.0239130973226993,8,0.0290791782204636,0.617291676628665,222.59,35338.36,136.51,2,Premium Loyalists,3.887974272664995,1.4922317623774377
CUST_1934,B,49,M,Sports,2,31103.69,34,120,6,215.09,0.3577245124433632,1,0.0692680755018451,0.3588741363763328,35.85,10.67,14.01,4,Occasional Shoppers,-1.8551959283814705,-0.736552626196565
CUST_1935,A,66,F,Beauty,2,149893.0,82,17,56,11696.83,0.0560613466543399,8,0.0313042608017236,0.4749254333925939,208.87,36390.14,121.38,2,Premium Loyalists,3.3515561694855367,2.0434152105378907
CUST_1936,C,41,F,Books,2,41829.64,48,35,46,2389.73,0.7721997863406261,4,0.2350475050111506,0.5601218359910816,51.95,3053.54,100.06,0,Bargain Hunters,0.21490619979719636,-1.128224308945458
CUST_1937,A,52,F,Clothing,5,192938.9,91,12,26,8693.34,0.0052458380731967,9,0.0395626530779526,0.5994568306255501,334.36,17386.68,57.32,2,Premium Loyalists,2.305110559621528,2.109984054866479
CUST_1938,B,18,F,Grocery,0,38750.9,45,176,9,664.0,0.2319178431333684,1,0.1294850312861829,0.4897514996003436,73.78,33.76,28.36,4,Occasional Shoppers,-1.6950109772080484,-0.40433240415728694
CUST_1939,A,61,F,Sports,0,187181.11,83,7,73,11159.88,0.0632616229823196,7,0.0342373472275653,0.4105018894444715,152.88,101833.9,168.5,2,Premium Loyalists,4.749808524174036,2.548740228779918
CUST_1940,B,54,F,Grocery,3,48337.02,50,73,7,312.64,0.2482482364381224,0,0.0947889133604636,0.518768645125762,44.66,29.57,16.75,4,Occasional Shoppers,-1.271048060432614,-0.88262228123348
CUST_1941,E,43,F,Beauty,6,30068.54,92,44,22,393.13,0.5269844583243416,0,0.0693135808318699,0.8024930202469561,17.87,192.2,44.32,3,Young Explorers,0.3124371522752114,-2.1589916243354557
CUST_1942,D,56,M,Sports,6,109760.21,27,239,4,7466.97,0.0344156017294302,4,0.1991287890465335,0.6242083858345963,1866.74,124.45,2.9,1,At-Risk High-Value,-1.9363455663263394,2.431976090759393
CUST_1943,C,44,F,Grocery,3,35698.04,64,14,56,561.6,0.9458646249235508,3,0.2030395169768986,0.7690212752255989,10.03,2096.64,125.52,0,Bargain Hunters,1.01301869495123,-2.196857331093553
CUST_1944,D,49,M,Electronics,0,131646.42,12,314,4,7432.14,0.127563518996772,7,0.1553902773328127,0.4377282855135909,1858.04,94.38,17.07,1,At-Risk High-Value,-2.226230688413545,3.20189191002228
CUST_1945,B,43,F,Electronics,1,31897.48,52,157,13,1210.16,0.2012013396246787,0,0.1341396377480068,0.594760533110053,93.09,99.57,35.53,4,Occasional Shoppers,-1.3189553481001925,-0.6655082010125458
CUST_1946,C,40,F,Home,4,36158.05,64,10,29,2932.9,0.6227816192526591,3,0.2825247839424519,0.7967184985148075,101.13,7732.19,71.93,0,Bargain Hunters,0.13776580631613788,-1.2916914109747344
CUST_1947,D,56,M,Books,0,82435.7,27,318,4,4847.0,0.0240266403082875,7,0.2400277980770466,0.4935819266510931,1211.75,60.78,18.19,1,At-Risk High-Value,-2.3836696842095684,2.3859378587866114
CUST_1948,E,31,F,Electronics,1,26102.0,75,13,22,688.88,0.3613238987019649,1,0.0598962123342142,0.9623797425235598,31.31,1082.53,67.94,3,Young Explorers,0.544175695050969,-2.045458896837778
CUST_1949,B,49,F,Grocery,0,44514.31,42,83,7,769.58,0.3252437293091555,0,0.1396728621762952,0.2143555273799611,109.94,64.13,19.49,4,Occasional Shoppers,-1.8487807832385417,-0.5090831498134937
CUST_1950,E,23,M,Clothing,0,23392.5,83,54,11,623.16,0.6505719286398959,1,0.0215745038642513,0.8570566213657743,56.65,124.63,40.99,3,Young Explorers,0.02302634930496601,-2.335411326549196
CUST_1951,B,28,F,Beauty,5,60127.17,38,167,10,599.81,0.1954306853996892,0,0.0571855447381884,0.54701287055875,59.98,35.7,16.54,4,Occasional Shoppers,-1.5306512765993974,-0.36204998344797984
CUST_1952,C,43,M,Beauty,4,49020.24,48,36,45,2809.64,0.6016519283520858,7,0.1099122124499729,0.7830140551558676,62.44,3417.13,96.44,0,Bargain Hunters,0.9687078896920395,-0.8703308769076409
CUST_1953,A,22,M,Sports,0,195598.82,90,4,67,8598.06,0.0642359217790792,5,0.0066307664896063,0.746952353033045,128.33,115214.0,173.94,2,Premium Loyalists,5.06410226025131,1.7711899807188627
CUST_1954,E,73,F,Books,1,28221.9,83,8,8,266.74,0.6330149641209225,1,0.0426630016728564,0.8384772531792702,33.34,237.1,42.27,3,Young Explorers,0.07559159465632355,-2.3975253798250447
CUST_1955,C,21,M,Home,0,25692.76,44,37,42,587.8,0.6558273456208753,5,0.243669911335905,0.4470120625205035,14.0,649.67,95.64,0,Bargain Hunters,-0.25039224742594335,-1.0735306282283226
CUST_1956,B,57,F,Home,2,33575.71,64,149,13,1098.47,0.4180148276139384,2,0.1255047265420676,0.2837253254470857,84.5,95.2,26.35,4,Occasional Shoppers,-1.3380567476115268,-0.5494696650949726
CUST_1957,D,38,F,Clothing,2,145674.29,36,200,1,2407.09,0.0744635061846775,6,0.1914812830419306,0.5380259239212788,2407.09,11.98,7.26,1,At-Risk High-Value,-2.0091444655204325,2.4057090345666476
CUST_1958,E,33,F,Sports,3,17712.81,82,26,11,255.92,0.7302198417803955,1,0.0094801888829879,0.8198901676680278,23.27,104.26,33.24,3,Young Explorers,0.02373445972295272,-2.5849352441096447
CUST_1959,B,38,F,Clothing,3,28914.05,47,67,10,1044.12,0.2937369822270269,0,0.067565782189459,0.364905526893225,104.41,153.55,19.79,4,Occasional Shoppers,-1.3101191730264057,-0.903959063319841
CUST_1960,C,21,M,Beauty,0,33701.61,54,29,44,375.89,0.9629320145448084,3,0.2300450708960378,0.7935709431189282,8.54,551.31,107.32,0,Bargain Hunters,0.2883749310086031,-2.1506121429471774
CUST_1961,B,41,M,Grocery,0,50529.7,56,128,3,746.52,0.4526210098363062,0,0.0582200678672991,0.4703368786656752,248.84,17.36,16.19,4,Occasional Shoppers,-1.454471167491424,-0.9275355292322085
CUST_1962,D,43,F,Electronics,0,99890.33,8,315,1,1911.51,0.0672811757665674,6,0.3709962938324775,0.5993836668428915,1911.51,6.05,14.31,1,At-Risk High-Value,-3.3776648975571737,2.472959524458571
CUST_1963,B,55,F,Books,4,56353.54,54,105,12,454.43,0.3925923008707075,0,0.0663669455150799,0.2480555796434849,37.87,51.44,17.91,4,Occasional Shoppers,-1.3490403980715056,-0.6701162004421043
CUST_1964,B,56,F,Beauty,2,34775.86,60,141,12,782.57,0.2659006793754994,0,0.1369339079010895,0.5493006360046834,65.21,66.13,29.7,4,Occasional Shoppers,-1.2605058706418537,-0.8229664256656344
CUST_1965,A,69,M,Sports,0,91594.37,77,6,77,6326.02,0.0230658856504962,14,0.0171314717688164,0.7745242111342385,82.16,69586.22,186.16,2,Premium Loyalists,4.648311790171716,1.2738385979838696
CUST_1966,A,39,M,Clothing,2,143233.75,84,1,49,12181.95,0.018661807733763,9,0.0392502103934885,0.7731463491327724,248.61,298457.78,200.0,2,Premium Loyalists,6.96169816066433,3.1998266629896093
CUST_1967,C,32,F,Electronics,3,30617.08,57,28,55,1775.23,0.6735587245950929,4,0.3095880597059268,0.5213871233481708,32.28,3366.82,115.0,0,Bargain Hunters,0.39785092601167943,-1.1041769421901042
CUST_1968,B,39,F,Home,1,58528.9,52,101,13,1174.27,0.3026762888739727,2,0.101299058295969,0.3621826491163586,90.33,149.66,31.23,4,Occasional Shoppers,-1.0934703711222538,-0.3425203299511012
CUST_1969,C,44,F,Sports,1,40985.46,58,8,39,2605.9,0.8049611599601062,3,0.228442349934202,0.7623786839214437,66.82,11292.23,102.75,0,Bargain Hunters,0.5883615013033798,-1.5864264237564958
CUST_1970,A,44,M,Beauty,3,77122.87,99,28,64,9673.66,0.0067841617252699,8,0.0455835510140246,0.7368272276154927,151.15,21348.77,137.31,2,Premium Loyalists,3.55947886030102,0.7769853398960297
CUST_1971,C,44,F,Clothing,1,26117.71,56,44,35,1340.1,0.5809382578487817,2,0.2457829107564999,0.5658320498254127,38.29,1042.3,80.59,0,Bargain Hunters,-0.32117163211398886,-1.3158566318667948
CUST_1972,C,46,M,Clothing,2,19750.59,64,6,41,1933.53,0.7151547790315,2,0.2898580287327217,0.8459437178026611,47.16,11324.96,109.59,0,Bargain Hunters,0.5516885877826978,-1.8777487700183952
CUST_1973,A,43,F,Grocery,1,149813.1,76,6,64,7044.94,0.076567864221061,8,0.028934695972184,0.6024153879665853,110.08,64410.88,153.71,2,Premium Loyalists,3.7957203822385304,1.4683863462775004
CUST_1974,B,57,M,Grocery,2,32851.58,44,120,14,769.96,0.3619334289470837,0,0.1360277121432923,0.3298046889640894,55.0,89.09,29.43,4,Occasional Shoppers,-1.6277451056654388,-0.7124732721158379
CUST_1975,D,32,F,Books,5,149050.14,13,345,3,2089.84,0.0088117715318196,11,0.2942930212505307,0.4648681758569616,696.61,18.12,0.59,1,At-Risk High-Value,-2.6536110539340276,3.271569989393876
CUST_1976,D,29,M,Beauty,5,78358.91,24,310,1,4851.66,0.1516703837422676,7,0.1553141749306189,0.4571989551999716,4851.66,15.6,0.0,1,At-Risk High-Value,-3.055781628369723,3.277981150074725
CUST_1977,A,35,M,Grocery,4,206829.32,83,11,72,9275.36,0.0290240943714356,5,0.0147284187494241,0.6538125163081936,128.82,55652.16,154.17,2,Premium Loyalists,4.274667962141447,1.8886434849004445
CUST_1978,B,68,M,Grocery,2,49462.18,38,100,5,710.22,0.4554234466876798,1,0.0827931248574027,0.5911993805188882,142.04,35.16,16.82,4,Occasional Shoppers,-1.4774932395544476,-0.9447173856599732
CUST_1979,C,69,F,Beauty,1,37592.36,63,3,45,1269.72,0.6698048409186568,6,0.2777702657491405,0.4727674141205367,28.22,14284.35,129.79,0,Bargain Hunters,0.7471615305142417,-0.9629190471227905
CUST_1980,D,41,F,Sports,1,98914.5,17,195,1,2816.07,0.0081837229313616,5,0.2492656799408238,0.6215845964315498,2816.07,14.37,11.94,1,At-Risk High-Value,-2.6085802408758165,2.2261037308075418
CUST_1981,A,21,F,Electronics,0,88749.4,78,28,67,4535.73,0.0561442684236343,13,0.0313834013592576,0.5580233781189914,67.7,10479.1,148.73,2,Premium Loyalists,3.0491614424687787,0.9342046180470065
CUST_1982,D,53,F,Beauty,2,82642.14,12,219,1,8198.49,0.065872854761569,5,0.3169752672100434,0.3594871409489406,8198.49,37.27,3.65,1,At-Risk High-Value,-3.9168870521764036,4.755984152972546
CUST_1983,B,44,F,Electronics,0,39701.65,62,123,2,874.33,0.3474574756269645,1,0.0568687839054182,0.2066247964467402,437.16,14.1,8.95,4,Occasional Shoppers,-1.6440274800466743,-0.4707806445651357
CUST_1984,C,67,F,Electronics,2,30609.0,51,44,52,2831.54,0.6915115904497988,5,0.2440669529643959,0.7858931698484684,54.45,3272.0,115.99,0,Bargain Hunters,0.7196436584463052,-1.2097050127418922
CUST_1985,D,43,F,Home,1,144114.18,33,193,2,7158.84,0.0193054167975632,8,0.3396224573716027,0.3901035339801258,3579.42,73.8,9.32,1,At-Risk High-Value,-2.310722756817464,3.8848945015079717
CUST_1986,A,46,F,Home,1,145805.02,93,5,59,4470.78,0.0584054663583292,8,0.0031431889657687,0.7860911752329044,75.78,43962.67,150.72,2,Premium Loyalists,3.7966713089053266,0.7212300503053848
CUST_1987,D,19,F,Sports,1,88434.47,12,314,5,6486.85,0.0639193461397381,10,0.3593868084817749,0.6818240991273512,1297.37,102.97,20.95,1,At-Risk High-Value,-2.442484563995923,2.9121140828337797
CUST_1988,A,41,F,Electronics,0,76742.26,91,18,53,4479.95,0.0707999336704923,11,0.0304400659485557,0.6831937668422049,84.53,12496.7,125.22,2,Premium Loyalists,2.8120227643621,0.3949309716290923
CUST_1989,C,39,F,Grocery,3,45186.73,43,10,41,2575.85,0.6549764843441892,8,0.1087839753617084,0.6638866789683661,62.83,9600.9,96.28,0,Bargain Hunters,0.8649957354889128,-0.8050432062736698
CUST_1990,B,39,M,Books,1,36347.19,50,99,9,363.31,0.4170320749277961,0,0.1328878304367619,0.2459578579542118,40.37,32.7,20.93,4,Occasional Shoppers,-1.7222994616794542,-0.8224846465183838
CUST_1991,A,30,M,Sports,1,179394.32,79,11,67,6475.77,0.0277387178412998,10,0.0128606400377609,0.5907001744958333,96.65,36156.38,151.9,2,Premium Loyalists,3.7906452079456683,1.7720405540599946
CUST_1992,D,50,F,Beauty,0,91072.26,30,315,4,6081.89,0.0935686209550352,9,0.1612540962363015,0.4632454581990801,1520.47,76.99,17.58,1,At-Risk High-Value,-1.9817844539731662,2.683921494665581
CUST_1993,C,45,F,Electronics,4,35873.42,47,16,29,1334.97,0.6399436122204241,4,0.1902529849815155,0.6018923605896596,46.03,2277.3,64.29,0,Bargain Hunters,-0.26044719172590036,-1.2223667529690287
CUST_1994,E,42,M,Home,2,35374.86,76,9,14,525.82,0.4841886215791466,0,0.0463664983614714,0.7225048649899698,37.56,736.15,47.56,3,Young Explorers,0.027475703383686722,-2.000999322265617
CUST_1995,C,41,M,Grocery,1,44685.54,54,12,27,1436.24,0.781820346431634,6,0.2562812540097867,0.8613045912958199,53.19,2982.96,76.56,0,Bargain Hunters,0.08274283434771182,-1.416239878659698
CUST_1996,C,45,M,Beauty,0,30104.54,44,33,54,2285.8,0.7425172177015704,3,0.2917826050826341,0.5438767974309856,42.33,3630.39,121.91,0,Bargain Hunters,0.2109213722228275,-1.2196174321956736
CUST_1997,C,44,F,Electronics,0,49193.91,67,32,42,3165.01,0.9020310424234173,5,0.2364282564628919,0.4760741452551121,75.36,4028.19,96.65,0,Bargain Hunters,0.45310236126128983,-1.1020585497608064
CUST_1998,B,48,M,Clothing,2,53184.32,55,127,7,719.72,0.3948401851762057,1,0.1141391728818812,0.2743278382884913,102.82,39.36,14.27,4,Occasional Shoppers,-1.6169233601307018,-0.46941619558719433
CUST_1999,D,58,M,Sports,0,87897.79,25,339,4,5005.81,0.117479558868909,4,0.2478899632675907,0.2993564839499077,1251.45,58.89,14.28,1,At-Risk High-Value,-2.8720802203760365,2.3481600657523964
CUST_2000,C,43,M,Clothing,3,34376.48,67,42,41,854.35,0.7746352228806791,5,0.2917945399949444,0.7729234624698325,20.84,814.61,90.84,0,Bargain Hunters,0.2794237510288696,-1.5290341510187788
